Workbook

Sheet Rekap
B2: REKAP DATA PENDUDUK
B3: LINGKUNGAN BAWAK GUNUNG
B4: RT | C4: Jumlah Penduduk | E4: Total | F4: Jumlah KK | H4: Total | I4: Jumlah Duda / Janda | K4: Total | L4: Jumlah Lansia ( =>60 ) | N4: Total
C5: L | D5: P | F5: L | G5: P | I5: L | J5: P | L5: L | M5: P
B6: RT 1 | C6: =COUNTIF('RT 01'!$H$8:$H$394,"L") -> 187 | D6: =COUNTIF('RT 01'!$H$8:$H$394,"P") -> 200 | E6: =SUM(C6:D6) -> 387 | F6: =COUNTIFS('RT 01'!$F$8:$F$394,"KK",'RT 01'!$H$8:$H$394,"L") -> 104 | G6: =COUNTIFS('RT 01'!$F$8:$F$394,"KK",'RT 01'!$H$8:$H$394,"P") -> 20 | H6: =SUM(F6:G6) -> 124 | I6: =COUNTIFS('RT 01'!$I$8:$I$394,"Cerai Mati",'RT 01'!$H$8:$H$394,"L")+COUNTIFS('RT 01'!$I$8:$I$394,"Cerai Hidup",'RT 01'!$H$8:$H$394,"L")+COUNTIFS('RT 01'!$I$8:$I$394,"Duda",'RT 01'!$H$8:$H$394,"L") -> 3 | J6: =COUNTIFS('RT 01'!$I$8:$I$394,"Cerai Mati",'RT 01'!$H$8:$H$394,"P")+COUNTIFS('RT 01'!$I$8:$I$394,"Cerai Hidup",'RT 01'!$H$8:$H$394,"P")+COUNTIFS('RT 01'!$I$8:$I$394,"Janda",'RT 01'!$H$8:$H$394,"P") -> 21 | K6: =SUM(I6:J6) -> 24 | L6: 16 | M6: 15 | N6: =SUM(L6:M6) -> 31
B7: RT 2 | C7: =COUNTIF('RT 02'!$H$8:$H$204,"L") -> 94 | D7: =COUNTIF('RT 02'!$H$8:$H$204,"P") -> 103 | E7: =SUM(C7:D7) -> 197 | F7: =COUNTIFS('RT 02'!$F$8:$F$204,"KK",'RT 02'!$H$8:$H$204,"L") -> 53 | G7: =COUNTIFS('RT 02'!$F$8:$F$204,"KK",'RT 02'!$H$8:$H$204,"P") -> 13 | H7: =SUM(F7:G7) -> 66 | I7: =COUNTIFS('RT 02'!$I$8:$I$204,"Cerai Mati",'RT 02'!$H$8:$H$204,"L")+COUNTIFS('RT 02'!$I$8:$I$204,"Cerai Hidup",'RT 02'!$H$8:$H$204,"L")+COUNTIFS('RT 02'!$I$8:$I$204,"Duda",'RT 02'!$H$8:$H$204,"L") -> 4 | J7: =COUNTIFS('RT 02'!$I$8:$I$204,"Cerai Mati",'RT 02'!$H$8:$H$204,"P")+COUNTIFS('RT 02'!$I$8:$I$204,"Cerai Hidup",'RT 02'!$H$8:$H$204,"P")+COUNTIFS('RT 02'!$I$8:$I$204,"Janda",'RT 02'!$H$8:$H$204,"P") -> 15 | K7: =SUM(I7:J7) -> 19 | L7: 10 | M7: 11 | N7: =SUM(L7:M7) -> 21
B8: RT 3 | C8: =COUNTIF('RT 03'!$H$8:$H$291,"L") -> 123 | D8: =COUNTIF('RT 03'!$H$8:$H$291,"P") -> 161 | E8: =SUM(C8:D8) -> 284 | F8: =COUNTIFS('RT 03'!$F$8:$F$291,"KK",'RT 03'!$H$8:$H$291,"L") -> 76 | G8: =COUNTIFS('RT 03'!$F$8:$F$291,"KK",'RT 03'!$H$8:$H$291,"P") -> 29 | H8: =SUM(F8:G8) -> 105 | I8: =COUNTIFS('RT 03'!$I$8:$I$291,"Cerai Mati",'RT 03'!$H$8:$H$291,"L")+COUNTIFS('RT 03'!$I$8:$I$291,"Cerai Hidup",'RT 03'!$H$8:$H$291,"L")+COUNTIFS('RT 03'!$I$8:$I$291,"Duda",'RT 03'!$H$8:$H$291,"L") -> 6 | J8: =COUNTIFS('RT 03'!$I$8:$I$291,"Cerai Mati",'RT 03'!$H$8:$H$291,"P")+COUNTIFS('RT 03'!$I$8:$I$291,"Cerai Hidup",'RT 03'!$H$8:$H$291,"P")+COUNTIFS('RT 03'!$I$8:$I$291,"Janda",'RT 03'!$H$8:$H$291,"P") -> 34 | K8: =SUM(I8:J8) -> 40 | L8: 18 | M8: 29 | N8: =SUM(L8:M8) -> 47
B9: RT 4 | C9: =COUNTIF('RT 04'!$H$8:$H$167,"L") -> 76 | D9: =COUNTIF('RT 04'!$H$8:$H$167,"P") -> 84 | E9: =SUM(C9:D9) -> 160 | F9: =COUNTIFS('RT 04'!$F$8:$F$167,"KK",'RT 04'!$H$8:$H$167,"L") -> 41 | G9: =COUNTIFS('RT 04'!$F$8:$F$167,"KK",'RT 04'!$H$8:$H$167,"P") -> 13 | H9: =SUM(F9:G9) -> 54 | I9: =COUNTIFS('RT 04'!$I$8:$I$167,"Cerai Mati",'RT 04'!$H$8:$H$167,"L")+COUNTIFS('RT 04'!$I$8:$I$167,"Cerai Hidup",'RT 04'!$H$8:$H$167,"L")+COUNTIFS('RT 04'!$I$8:$I$167,"Duda",'RT 04'!$H$8:$H$167,"L") -> 4 | J9: =COUNTIFS('RT 04'!$I$8:$I$167,"Cerai Mati",'RT 04'!$H$8:$H$167,"P")+COUNTIFS('RT 04'!$I$8:$I$167,"Cerai Hidup",'RT 04'!$H$8:$H$167,"P")+COUNTIFS('RT 04'!$I$8:$I$167,"Janda",'RT 04'!$H$8:$H$167,"P") -> 21 | K9: =SUM(I9:J9) -> 25 | L9: 13 | M9: 17 | N9: =SUM(L9:M9) -> 30
B10: JUMLAH TOTAL | C10: =SUM(C6:C9) -> 480 | D10: =SUM(D6:D9) -> 548 | E10: =SUM(E6:E9) -> 1028 | F10: =SUM(F6:F9) -> 274 | G10: =SUM(G6:G9) -> 75 | H10: =SUM(H6:H9) -> 349 | I10: =SUM(I6:I9) -> 17 | J10: =SUM(J6:J9) -> 91 | ... N10: =SUM(N6:N9) -> 129
C14: Mengetahui
C15: Lurah Dasan Geres | K15: Kepala Lingkungan
C19: Hulaifi, S.H. | K19: Sahidir
C20: NIP. 19841231 201101 1 023

Sheet RT 01
B1: DATA INDUK PENDUDUK KELURAHAN DASAN GERES
B2: TAHUN 2019
B3: LINGKUNGAN BAWAK GUNUNG
B4: RT 01
B5: No. | C5: Nomor KK | D5: Jumlah Jiwa | E5: Nama Lengkap / Panggilan | F5: Kedudukan dalam Keluarga | G5: NIK | H5: Jenis Kelamin (L/P) | I5: Status Perkawinan | J5: Lahir | M5: Usia | N5: Agama | O5: Etnis | P5: Pendidikan Terakhir | Q5: Jurusan | R5: Pekerjaan
J6: Tempat | K6: Tanggal | L6: Tahun
B8: 1 | D8: 1 | E8: Haji Mukhtar | F8: KK | G8: 520101 3112720143 | H8: L | I8: Kawin | K8: 26664 | L8: =YEAR(K8) -> 1972 | M8: =2019-L8 -> 47 | N8: Islam | P8: SLTA/MA | R8: Pegawai swasta
D9: 2 | E9: Rosipah | F9: Istri | G9: 520101 7112750199 | H9: P | I9: Kawin | K9: 27759 | L9: =YEAR(K9) -> 1975 | M9: =2019-L9 -> 44 | N9: Islam | P9: - | R9: Pedagang
D10: 3 | E10: Sihabudin | F10: Anak | G10: 520101 1901950001 | H10: L | I10: Belum kawin | K10: 34718 | L10: =YEAR(K10) -> 1995 | M10: =2019-L10 -> 24 | N10: Islam | P10: SLTA/MA | R10: Pekerja lepas
D11: 4 | E11: Khairul Anan | F11: Anak | G11: 520101 0811040002 | H11: L | I11: Belum kawin | K11: 38210 | L11: =YEAR(K11) -> 2004 | M11: =2019-L11 -> 15 | N11: Islam | P11: SD/MI | R11: -
D12: 5 | E12: Suhra Wardi | F12: Anak | G12: 520101 2803120002 | H12: L | I12: Belum kawin | K12: 40996 | L12: =YEAR(K12) -> 2012 | M12: =2019-L12 -> 7 | N12: Islam | P12: - | R12: -
B13: 2 | C13: 520101 1109120008 | D13: 6 | E13: Arta Winata | F13: KK | G13: 520101 1210810003 | H13: L | I13: Kawin | J13: Lembar | K13: 29871 | L13: 1981 | M13: =2019-L13 -> 38 | N13: Islam | O13: Sasak | P13: SLTA/SEDERAJAT | R13: Karyawan Swasta
D14: 7 | E14: Surianti | F14: Istri | G14: 520101 7112870166 | H14: P | I14: Kawin | J14: Aik Ampat | K14: 32142 | L14: 1987 | M14: =2019-L14 -> 32 | N14: Islam | O14: Sasak | P14: DIPLOMA IV/STRATA 1 | R14: Guru
D15: 8 | E15: Cahaya Artanti | F15: Anak | G15: 520101 4409090003 | H15: P | I15: Belum kawin | J15: Gerung | K15: 40060 | L15: 2009 | M15: =2019-L15 -> 10 | N15: Islam | O15: Sasak | P15: TIDAK/BELUM SEKOLAH | R15: Belum/Tidak Bekerja
B16: 3 | C16: 520101 2210120017 | D16: 9 | E16: Ariawan | F16: KK | G16: 520101 3112880035 | H16: L | I16: Kawin | J16: Aik Ampat | K16: 32345 | L16: 1988 | M16: =2019-L16 -> 31 | N16: Islam | O16: Sasak | P16: TIDAK/BELUM SEKOLAH | R16: buruh harian lepas
D17: 10 | E17: Murjiah | F17: Istri | G17: 520101 4606910001 | H17: P | I17: Kawin | J17: Cemare | K17: 33395 | L17: 1991 | M17: =2019-L17 -> 28 | N17: Islam | O17: Sasak | P17: SD/MI | R17: Belum/Tidak Bekerja
D18: 11 | E18: Muhamad Haekam | F18: Anak | G18: 520101 0307150002 | H18: L | I18: Belum kawin | J18: Aik Ampat | K18: 42188 | L18: 2015 | M18: =2019-L18 -> 4 | N18: Islam | O18: Sasak | P18: TIDAK/BELUM SEKOLAH | R18: Belum/Tidak Bekerja
B19: 4 | C19: 520101 0503089050 | D19: 12 | E19: Basri | F19: KK | G19: 520101 1312701001 | H19: L | I19: Kawin | J19: Bawak Gunung | K19: 25915 | L19: 1970 | M19: =2019-L19 -> 49 | N19: Islam | O19: Sasak | P19: TIDAK/BELUM SEKOLAH | R19: Buruh Harian Lepas
D20: 13 | E20: Ma’ah | F20: Istri | G20: 520101 7112701007 | H20: P | I20: Kawin | J20: Bawak Gunung | K20: 25933 | L20: 1970 | M20: =2019-L20 -> 49 | N20: Islam | O20: Sasak | P20: TAMAT SD/SEDERAJAT | R20: Buruh Harian Lepas
D21: 14 | E21: Muhamad Samsul Hadi | F21: Anak | G21: 520101 0107051001 | H21: L | I21: Belum kawin | J21: Bawak Gunung | K21: 38534 | L21: 2005 | M21: =2019-L21 -> 14 | N21: Islam | O21: Sasak | P21: BELUM TAMAT SD/SEDERAJAT | R21: Pelajar/Mahasiswa
B22: 5 | C22: 520101 0503088784 | D22: 15 | E22: Nurhadi | F22: KK | G22: 520101 0107850383 | H22: L | I22: Kawin | J22: Bawak Gunung | K22: 31229 | L22: 1985 | M22: =2019-L22 -> 34 | N22: Islam | O22: Sasak | P22: SD/MI | R22: Wiraswasta
D23: 16 | E23: Helmianti | F23: Istri | G23: 520101 4107870449 | H23: P | I23: Kawin | J23: Batu Mulik | K23: 32965 | L23: 1990 | M23: =2019-L23 -> 29 | N23: Islam | O23: Sasak | P23: SD/MI | R23: Mengurus Rumah Tangga
D24: 17 | E24: Ayudia Asanti | F24: Anak | G24: 520101 5104110006 | H24: P | I24: Belum kawin | J24: Bawak Gunung | K24: 11 April 20011 | L24: 2011 | M24: =2019-L24 -> 8 | N24: Islam | O24: Sasak | P24: TIDAK/BELUM SEKOLAH | R24: Belum/Tidak Bekerja
B25: 6 | C25: 520101 0104150004 | D25: 18 | E25: Iwan Saputra | F25: KK | G25: 520101 0505830002 | H25: L | I25: Kawin | J25: Bawak Gunung | K25: 30441 | L25: 1983 | M25: =2019-L25 -> 36 | N25: Islam | O25: Sasak | P25: SD/MI | R25: Wiraswasta
D26: 19 | E26: Miskah | F26: Istri | G26: 520101 7112870228 | H26: P | I26: Kawin | J26: Bawak Gunung | K26: 32142 | L26: 1987 | M26: =2019-L26 -> 32 | N26: Islam | O26: Sasak | P26: SD/MI | R26: Mengurus Rumah Tangga
D27: 20 | E27: Haziaratul Nasuha | F27: Anak | G27: 520101 4710110003 | H27: P | I27: Belum kawin | J27: Aik Ampat | K27: 40823 | L27: 2011 | M27: =2019-L27 -> 8 | N27: Islam | O27: Sasak | P27: TIDAK/BELUM SEKOLAH | R27: Belum/Tidak Bekerja
B28: 7 | D28: 21 | E28: Hajjah Saibah Ilhami | F28: KK | G28: 520101 1712850282 | H28: P | I28: Kawin | K28: 31412 | L28: =YEAR(K28) -> 1985 | M28: =2019-L28 -> 34 | N28: Islam | P28: SLTP/MTSN | R28: Petani
D29: 22 | E29: Katrun Nada | F29: Anak | G29: 520101 8907080002 | H29: P | I29: Belum kawin | K29: 39654 | L29: =YEAR(K29) -> 2008 | M29: =2019-L29 -> 11 | N29: Islam | P29: - | R29: -
B30: 8 | D30: 23 | E30: Mahsun | F30: KK | G30: 520101 1312850003 | H30: L | I30: Kawin | K30: 30594 | L30: =YEAR(K30) -> 1983 | M30: =2019-L30 -> 36 | N30: Islam | P30: SD/MI | R30: Pekerja lepas
D31: 24 | E31: Sahini | F31: Istri | G31: 520101 7112860162 | H31: P | I31: Kawin | K31: 32508 | L31: =YEAR(K31) -> 1988 | M31: =2019-L31 -> 31 | N31: Islam | P31: SD/MI | R31: Pekerja lepas
B32: 9 | D32: 25 | E32: Mariah | F32: KK | G32: 0 | H32: P | I32: Janda | K32: 24022 | L32: =YEAR(K32) -> 1965 | M32: =2019-L32 -> 54 | N32: Islam | P32: - | R32: Pekerja lepas
D33: 26 | E33: Tohri | F33: Anak | G33: 0 | H33: L | I33: Belum kawin | K33: 33610 | L33: =YEAR(K33) -> 1992 | M33: =2019-L33 -> 27 | N33: Islam | P33: SLTP/MTSN | R33: Pekerja lepas
B34: 10 | D34: 27 | E34: Naswin | F34: KK | G34: 520101 0107821020 | H34: L | I34: Kawin | K34: 12054 | L34: =YEAR(K34) -> 1932 | M34: =2019-L34 -> 87 | N34: Islam | P34: SLTP/MTSN | R34: Wiraswasta
D35: 28 | E35: Juliantin | F35: Istri | G35: 520101 5708850002 | H35: P | I35: Kawin | K35: 31215 | L35: =YEAR(K35) -> 1985 | M35: =2019-L35 -> 34 | N35: Islam | P35: SLTA/MA | R35: -
D36: 29 | E36: Nela Deswita Putri | F36: Anak | G36: 520101 6812040001 | H36: P | I36: Belum kawin | K36: 38349 | L36: =YEAR(K36) -> 2004 | M36: =2019-L36 -> 15 | N36: Islam | P36: - | R36: -
B37: 11 | C37: 520101 2611090009 | D37: 30 | E37: Rosihin | F37: KK | G37: 520101 1002820001 | H37: L | I37: Kawin | J37: Aik Ampat | K37: 30316 | L37: 1982 | M37: =2019-L37 -> 37 | N37: Islam | O37: Sasak | P37: TAMAT SD/SEDERAJAT | R37: Wiraswasta
D38: 31 | E38: Munirah | F38: Istri | G38: 520101 4017860063 | H38: P | I38: Kawin | J38: Bawak Gunung | K38: 31594 | L38: 1986 | M38: =2019-L38 -> 33 | N38: Islam | O38: Sasak | P38: SLTP/SEDERAJAT | R38: Mengurus Rumah Tangga
D39: 32 | E39: M. Havizan | F39: Anak | G39: 520101 412070002 | H39: L | I39: Belum kawin | J39: Bawak Gunung | K39: 39420 | L39: 2007 | M39: =2019-L39 -> 12 | N39: Islam | O39: Sasak | P39: BELUM TAMAT SD/SEDERAJAT | R39: Pelajar/Mahasiswa
B40: 12 | D40: 33 | E40: Jumisah | F40: KK | G40: 520101 1302740005 | H40: L | I40: Kawin | K40: 27073 | L40: =YEAR(K40) -> 1974 | M40: =2019-L40 -> 45 | N40: Islam | P40: SD/MI | R40: Pekerja lepas
D41: 34 | E41: Hamnah | F41: Istri | G41: 520101 530270008 | H41: P | I41: Kawin | K41: 26708 | L41: =YEAR(K41) -> 1973 | M41: =2019-L41 -> 46 | N41: Islam | P41: SD/MI | R41: Pedagang
D42: 35 | E42: Noni Sintia | F42: Anak | G42: 520101 8808010001 | H42: P | I42: Belum kawin | K42: 37131 | L42: =YEAR(K42) -> 2001 | M42: =2019-L42 -> 18 | N42: Islam | P42: SLTP/MTSN | R42: -
D43: 36 | E43: Muhammad Ali Syaputra | F43: Anak | G43: 520101 2711070001 | H43: L | I43: Belum kawin | K43: 39413 | L43: =YEAR(K43) -> 2007 | M43: =2019-L43 -> 12 | N43: Islam | P43: - | R43: -
B44: 13 | D44: 37 | E44: Sairun | F44: KK | G44: 520101 3112670082 | H44: L | I44: Kawin | K44: 24837 | L44: =YEAR(K44) -> 1967 | M44: =2019-L44 -> 52 | N44: Islam | P44: - | R44: Pedagang
D45: 38 | E45: Sapaah | F45: Istri | G45: 520101 71126900105 | H45: P | I45: Kawin | K45: 25203 | L45: =YEAR(K45) -> 1968 | M45: =2019-L45 -> 51 | N45: Islam | P45: - | R45: Pekerja lepas
D46: 39 | E46: Sarpin | F46: Anak | G46: 520101 1000030003 | H46: L | I46: Belum kawin | K46: 34251 | L46: =YEAR(K46) -> 1993 | M46: =2019-L46 -> 26 | N46: Islam | P46: SLTP/MTSN | R46: Pekerja lepas
D47: 40 | E47: Mustar | F47: Anak | G47: 0 | H47: L | I47: Belum kawin | K47: 33153 | L47: =YEAR(K47) -> 1990 | M47: =2019-L47 -> 29 | N47: Islam | P47: SLTP/MTSN | R47: Pekerja lepas
B48: 14 | C48: 520101 2511090007 | D48: 41 | E48: Anoar Sapar | F48: KK | G48: 520101 1112710001 | H48: L | I48: Kawin | J48: Aik Ampat | K48: 26278 | L48: 1971 | M48: =2019-L48 -> 48 | N48: Islam | O48: Sasak | P48: TIDAK/BELUM SEKOLAH | R48: Wiraswasta
D49: 42 | E49: Suniyati | F49: Istri | G49: 520101 7112750017 | H49: P | I49: Kawin | J49: Jenggala | K49: 27759 | L49: 1975 | M49: =2019-L49 -> 44 | N49: Islam | O49: Sasak | P49: TIDAK/BELUM SEKOLAH | R49: Wiraswasta
D50: 43 | E50: Reni Puspita Sari | F50: Anak | G50: 520101 580800001 | H50: P | I50: Belum kawin | K50: 37060 | L50: 2001 | M50: =2019-L50 -> 18 | N50: Islam | P50: SLTP/MTSN | R50: -
D51: 44 | E51: Ersi Mauliya | F51: Anak | G51: 520101 4408090001 | H51: P | I51: Belum kawin | K51: 39911 | L51: =YEAR(K51) -> 2009 | M51: =2019-L51 -> 10 | N51: Islam | P51: - | R51: -
D52: 45 | E52: Bisma Ridwanullah | F52: Anak | G52: 0 | H52: L | I52: Belum kawin | K52: 41824 | L52: =YEAR(K52) -> 2014 | M52: =2019-L52 -> 5 | N52: Islam | P52: - | R52: -
B53: 15 | C53: 520101 2705111469 | D53: 46 | E53: Mustajab | F53: KK | G53: 520101 0107680342 | H53: L | I53: Kawin | J53: Bawak Gunung | K53: 25020 | L53: 1968 | M53: =2019-L53 -> 51 | N53: Islam | O53: Sasak | P53: TAMAT SD/SEDERAJAT | R53: Wiraswasta
D54: 47 | E54: Rohani | F54: Istri | G54: 520101 4107770508 | H54: P | I54: Kawin | J54: Bawak Gunung | K54: 28307 | L54: 1977 | M54: =2019-L54 -> 42 | N54: Islam | O54: Sasak | P54: SD/MI | R54: Buruh Harian Lepas
D55: 48 | E55: Rian Hidayat | F55: Anak | G55: 520101 2405010001 | H55: L | I55: Belum kawin | J55: Bawak Gunung | K55: 37075 | L55: 2001 | M55: =2019-L55 -> 18 | N55: Islam | O55: Sasak | P55: SD/MI | R55: Pelajar/Mahasiswa
D56: 49 | E56: Muhamad Dian Hakiki | F56: Anak | G56: 520101 2509090003 | H56: L | I56: Belum kawin | J56: Bawak Gunung | K56: 40081 | L56: 2009 | M56: =2019-L56 -> 10 | N56: Islam | O56: Sasak | P56: BELUM TAMAT SD/SEDERAJAT | R56: Pelajar/Mahasiswa
B57: 16 | C57: 520101 0503088909 | D57: 50 | E57: Hardi | F57: KK | G57: 520101 2012720002 | H57: L | I57: Kawin | J57: Aik Ampat | K57: 27211 | L57: 1974 | M57: =2019-L57 -> 45 | N57: Islam | O57: Sasak | P57: SD/MI | R57: Wiraswasta
D58: 51 | E58: Suryani Ningsih | F58: Istri | G58: 520101 5303770001 | H58: P | I58: Kawin | J58: Bawak Gunung | K58: 28258 | L58: 1977 | M58: =2019-L58 -> 42 | N58: Islam | O58: Sasak | P58: SD/MI | R58: Mengurus Rumah Tangga
D59: 52 | E59: Harlin Yuliani | F59: Anak | G59: 520101 6406930001 | H59: P | I59: Belum kawin | J59: Aik Ampat | K59: 34509 | L59: 1994 | M59: =2019-L59 -> 25 | N59: Islam | O59: Sasak | P59: AKADEMI/DIPLOMA III/SARJANA MUDA | R59: Belum/Tidak Bekerja
D60: 53 | E60: Ida Hidayati | F60: Anak | G60: 520101 6906000001 | H60: P | I60: Belum kawin | J60: Bawak Gunung | K60: 37071 | L60: 2001 | M60: =2019-L60 -> 18 | N60: Islam | O60: Sasak | P60: SLTP/MTSN | R60: Pelajar/Mahasiswa
D61: 54 | E61: Haerunnisa | F61: Anak | G61: 520101 6005070001 | H61: P | I61: Belum kawin | J61: Bawak Gunung | K61: 39253 | L61: 2007 | M61: =2019-L61 -> 12 | N61: Islam | O61: Sasak | P61: BELUM TAMAT SD/SEDERAJAT | R61: Pelajar/Mahasiswa
B62: 17 | D62: 55 | E62: Alimudin | F62: KK | G62: 520101 1212560001 | H62: L | I62: Kawin | K62: 18609 | L62: =YEAR(K62) -> 1950 | M62: =2019-L62 -> 69 | N62: Islam | P62: - | R62: Petani
D63: 56 | E63: Saderah | F63: Istri | G63: 520101 5212610003 | H63: P | I63: Kawin | K63: 18974 | L63: =YEAR(K63) -> 1951 | M63: =2019-L63 -> 68 | N63: Islam | P63: - | R63: Petani
B64: 18 | C64: 520101 1803150024 | D64: 57 | E64: Haji Haeroni Hidattulloh | F64: KK | G64: 520101 1304900001 | H64: L | I64: Kawin | J64: Aik Ampat | K64: 32976 | L64: 1990 | M64: =2019-L64 -> 29 | N64: Islam | O64: Sasak | P64: SLTA/MA | R64: Wiraswasta
D65: 58 | E65: Hidayanti | F65: Istri | G65: 520101 4910940002 | H65: P | I65: Kawin | J65: Telotok | K65: 34616 | L65: 1994 | M65: =2019-L65 -> 25 | N65: Islam | O65: Sasak | P65: SLTA/MA | R65: Wiraswasta
D66: 59 | E66: M.Farihan Putra Hidayatullah | F66: Anak | G66: 520101 0607150001 | H66: L | I66: Belum kawin | J66: Dasan Geres | K66: 42191 | L66: 2015 | M66: =2019-L66 -> 4 | N66: Islam | O66: Sasak | P66: TIDAK/BELUM SEKOLAH | R66: Belum/Tidak Bekerja
B67: 19 | D67: 60 | E67: Wildan Haji | F67: KK | G67: 520101 0107700001 | H67: L | I67: Kawin | K67: 25575 | L67: =YEAR(K67) -> 1970 | M67: =2019-L67 -> 49 | N67: Islam | P67: - | R67: Pedagang
D68: 61 | E68: Sanaah | F68: Istri | G68: 520101 4107750002 | H68: P | I68: Kawin | K68: 27401 | L68: =YEAR(K68) -> 1975 | M68: =2019-L68 -> 44 | N68: Islam | P68: - | R68: Petani
D69: 62 | E69: Eliza Januarti | F69: Anak | G69: 520101 6801010001 | H69: P | I69: Belum kawin | K69: 36919 | L69: =YEAR(K69) -> 2001 | M69: =2019-L69 -> 18 | N69: Islam | P69: SLTP/MTSN | R69: -
D70: 63 | E70: Mawaddatul Uma | F70: Anak | G70: 520101 6810060001 | H70: P | I70: Belum kawin | K70: 39018 | L70: =YEAR(K70) -> 2006 | M70: =2019-L70 -> 13 | N70: Islam | P70: - | R70: -
B71: 20 | D71: 64 | E71: Deni Yulianti | F71: KK | G71: 520101 5207930003 | H71: L | I71: Duda | K71: 34310 | L71: =YEAR(K71) -> 1993 | M71: =2019-L71 -> 26 | N71: Islam | P71: SLTA/MA | R71: Lainnya
D72: 65 | E72: Muhammad Alfhatid Wahyudha U | F72: Anak | G72: 520101 1607121001 | H72: L | I72: Belum kawin | K72: 41106 | L72: =YEAR(K72) -> 2012 | M72: =2019-L72 -> 7 | N72: Islam | P72: - | R72: -
B73: 21 | C73: 520101 0701100008 | D73: 66 | E73: Abdul Halil | F73: KK | G73: 520101 3112870021 | H73: L | I73: Kawin | J73: Aik Ampat | K73: 32142 | L73: 1987 | M73: =2019-L73 -> 32 | N73: Islam | O73: Sasak | P73: SLTA/MA | R73: Wiraswasta
D74: 67 | E74: Zohriyanti | F74: Istri | G74: 520101 4405900001 | H74: P | I74: Kawin | J74: Aik Ampat | K74: 32997 | L74: 1990 | M74: =2019-L74 -> 29 | N74: Islam | O74: Sasak | P74: SLTP/MTSN | R74: Mengurus Rumah Tangga
D75: 68 | E75: Eva Maulida Putri | F75: Anak | G75: 520101 6001080001 | H75: P | I75: Belum kawin | J75: Bawak Gunung | K75: 39467 | L75: 2008 | M75: =2019-L75 -> 11 | N75: Islam | O75: Sasak | P75: TIDAK/BELUM SEKOLAH | R75: Belum/Tidak Bekerja
D76: 69 | E76: Dinda Harfanti | F76: Anak | G76: 520101 6712150002 | H76: P | I76: Belum kawin | J76: Aik Ampat | K76: 42365 | L76: 2015 | M76: =2019-L76 -> 4 | N76: Islam | O76: Sasak | P76: TIDAK/BELUM SEKOLAH | R76: Belum/Tidak Bekerja
B77: 22 | C77: 520101 0112090074 | D77: 70 | E77: Mudahar | F77: KK | G77: 520101 1806690002 | H77: L | I77: Kawin | J77: Riyan | K77: 21780 | L77: 1959 | M77: =2019-L77 -> 60 | N77: Islam | O77: Sasak | P77: TAMAT SD/SEDERAJAT | R77: Wiraswasta
D78: 71 | E78: Rakmah | F78: Istri | G78: 520101 7112700012 | H78: P | I78: Kawin | J78: Bawak Gunung | K78: 25933 | L78: 1970 | M78: =2019-L78 -> 49 | N78: Islam | O78: Sasak | P78: TIDAK/BELUM SEKOLAH | R78: buruh harian lepas
D79: 72 | E79: Heri Hanafi | F79: Anak | G79: 520101 0501980001 | H79: L | I79: Belum kawin | J79: Bawak Gunung | K79: 35800 | L79: 1998 | M79: =2019-L79 -> 21 | N79: Islam | O79: Sasak | P79: SLTA/MTSN | R79: Pelajar/Mahasiswa
D80: 73 | E80: Risgiyati | F80: Anak | G80: 520101 4511010001 | H80: P | I80: Belum kawin | J80: Bawak Gunung | K80: 37200 | L80: 2001 | M80: =2019-L80 -> 18 | N80: Islam | O80: Sasak | P80: SD/MI | R80: Pelajar/Mahasiswa
D81: 74 | E81: Dewi Anjani | F81: Anak | G81: 520101 5909080001 | H81: P | I81: Belum kawin | J81: Bawak Gunung | K81: 38979 | L81: 2006 | M81: =2019-L81 -> 13 | N81: Islam | O81: Sasak | P81: SD/MI | R81: Pelajar/Mahasiswa
B82: 23 | D82: 75 | E82: Nurhidayah | F82: KK | G82: 520101 7512970052 | H82: P | I82: Janda | K82: 32142 | L82: =YEAR(K82) -> 1987 | M82: =2019-L82 -> 32 | N82: Islam | P82: SLTA/MA | R82: Pekerja lepas
D83: 76 | E83: Andriawan | F83: Anak | G83: 520101 2402050002 | H83: L | I83: Belum kawin | K83: 38407 | L83: =YEAR(K83) -> 2005 | M83: =2019-L83 -> 14 | N83: Islam | P83: - | R83: -
D84: 77 | E84: Bagus Satriawan | F84: Anak | G84: 520101 2007080003 | H84: L | I84: Belum kawin | K84: 40014 | L84: =YEAR(K84) -> 2009 | M84: =2019-L84 -> 10 | N84: Islam | P84: - | R84: -
B85: 24 | D85: 78 | E85: Husni | F85: KK | G85: 520101 3112800345 | H85: L | I85: Kawin | K85: 29586 | L85: =YEAR(K85) -> 1980 | M85: =2019-L85 -> 39 | N85: Islam | P85: - | R85: Pekerja lepas
D86: 79 | E86: Hajjah Salamah | F86: Istri | G86: 520101 7112820230 | H86: P | I86: Kawin | K86: 30316 | L86: =YEAR(K86) -> 1982 | M86: =2019-L86 -> 37 | N86: Islam | P86: SD/MI | R86: Pekerja lepas
D87: 80 | E87: Mujlis | F87: Anak | G87: 520101 0107930044 | H87: L | I87: Belum kawin | K87: 34827 | L87: =YEAR(K87) -> 1995 | M87: =2019-L87 -> 24 | N87: Islam | P87: SLTA/MA | R87: Pekerja lepas
B88: 25 | D88: 81 | E88: Mukinah | F88: KK | G88: 520101 3112820217 | H88: P | I88: Janda | K88: 18993 | L88: =YEAR(K88) -> 1951 | M88: =2019-L88 -> 68 | N88: Islam | P88: -
D89: 82 | E89: Joni | F89: Anak | G89: 520101 7112870177 | H89: L | I89: Belum kawin | K89: 29227 | L89: =YEAR(K89) -> 1980 | M89: =2019-L89 -> 39 | N89: Islam | P89: SD/MI
D90: 83 | E90: Ali | F90: Anak | G90: 520101 5607060002 | H90: L | I90: Belum kawin | K90: 32272 | L90: =YEAR(K90) -> 1988 | M90: =2019-L90 -> 31 | N90: Islam | P90: SLTP/MTSN
B91: 26 | D91: 84 | E91: Misdah | F91: KK | G91: 520101 312820217 | H91: L | I91: Kawin | K91: 19832 | L91: =YEAR(K91) -> 1954 | M91: =2019-L91 -> 65 | N91: Islam | P91: SD/MI | R91: Pekerja lepas
D92: 85 | E92: Paoziah | F92: Istri | G92: 520101 128701177 | H92: P | I92: Kawin | K92: 21253 | L92: =YEAR(K92) -> 1958 | M92: =2019-L92 -> 61 | N92: Islam | P92: SD/MI | R92: Pekerja lepas
D93: 86 | E93: Sriwulandari | F93: Anak | G93: 520101 5607060002 | H93: P | I93: Belum kawin | K93: 30814 | L93: =YEAR(K93) -> 1984 | M93: =2019-L93 -> 35 | N93: Islam | P93: - | R93: -
B94: 27 | C94: 520101 0503088460 | D94: 87 | E94: Amin | F94: KK | G94: 520101 3112701032 | H94: L | I94: Kawin | J94: Aik Ampat | K94: 27394 | L94: 1974 | M94: =2019-L94 -> 45 | N94: Islam | O94: Sasak | P94: SD/MI | R94: Buruh Tani/Perkebunan
D95: 88 | E95: Senah | F95: Istri | G95: 520101 7112711009 | H95: P | I95: Kawin | J95: Aik Ampat | K95: 27759 | L95: 1975 | M95: =2019-L95 -> 44 | N95: Islam | O95: Sasak | P95: TIDAK/BELUM SEKOLAH | R95: Buruh Tani/Perkebunan
D96: 89 | E96: Dedi | F96: Anak | G96: 520101 3112901021 | H96: L | I96: Belum kawin | J96: Aik Ampat | K96: 31021 | L96: 1984 | M96: =2019-L96 -> 35 | N96: Islam | O96: Sasak | P96: SLTP/SEDERAJAT | R96: Buruh Tani/Perkebunan
B97: 28 | C97: 520101 2011090012 | D97: 90 | E97: Salman | F97: KK | G97: 520101 1709830001 | H97: L | I97: Kawin | J97: Aik Ampat | K97: 31361 | L97: 1985 | M97: =2019-L97 -> 34 | N97: Islam | O97: Sasak | P97: SD/MI | R97: Buruh Harian Lepas
D98: 91 | E98: Nurhayati | F98: Istri | G98: 520101 7112900129 | H98: P | I98: Kawin | J98: Aik Ampat | K98: 33238 | L98: 1990 | M98: =2019-L98 -> 29 | N98: Islam | O98: Sasak | P98: BELUM TAMAT SD/SEDERAJAT | R98: Buruh Tani/Perkbunan
D99: 92 | E99: Zakiruloh | F99: Anak | G99: 520101 2202100002 | H99: L | I99: Belum kawin | J99: Aik Ampat | K99: 40231 | L99: 2010 | M99: =2019-L99 -> 9 | N99: Islam | O99: Sasak | P99: TIDAK/BELUM SEKOLAH | R99: Belum/Tidak Bekerja
D100: 93 | E100: Azifa Naela | F100: Anak | G100: 520101 4104170005 | H100: P | I100: Belum kawin | J100: Dasan Tapen | K100: 42826 | L100: 2017 | M100: =2019-L100 -> 2 | N100: Islam | O100: Sasak | P100: TIDAK/BELUM SEKOLAH | R100: Belum/Tidak Bekerja
B101: 29 | C101: 520101 3103150002 | D101: 94 | E101: Mustiah | F101: KK | G101: 520101 3112500174 | H101: L | I101: Kawin | J101: Aik Ampat | K101: 18628 | L101: 1950 | M101: =2019-L101 -> 69 | N101: Islam | O101: Sasak | P101: SD/MI | R101: Petani/Pekebun
...

Sheet RT 02
B1: DATA INDUK PENDUDUK KELURAHAN DASAN GERES
B2: TAHUN 2019
B3: LINGKUNGAN BAWAK GUNUNG
B4: RT 02
B5: No | C5: Nomor KK | D5: Jumlah Jiwa | E5: Nama Lengkap/ Panggilan | F5: Kedudukan dalam Keluarga | G5: NIK | H5: Jenis Kelamin (L/P) | I5: Status Perkawinan | J5: Lahir | M5: Usia | N5: Agama | O5: Etnis | P5: Pendidikan Terakhir | Q5: Jurusan | R5: Pekerjaan
J6: Tempat | K6: Tanggal | L6: Tahun
B8: 1 | C8: 520101 0503088216 | D8: 1 | E8: Husne | F8: KK | G8: 520101 4107700243 | H8: P | I8: Kawin | J8: Bawak Gunung | K8: 25750 | L8: 1970 | M8: =2019-L8 -> 49 | N8: Islam | O8: Sasak | P8: TAMAT SD/SEDERAJAT | R8: Mengurus Rumah Tangga
B9: 2 | C9: 520101 2502141010 | D9: 2 | E9: Gusni | F9: KK | G9: 520101 0107830116 | H9: L | I9: Kawin | J9: Aik Ampat | K9: 29545 | L9: 1980 | M9: =2019-L9 -> 39 | N9: Islam | O9: Sasak | P9: SLTP/MTSN | R9: Buruh Harian Lepas
D10: 3 | E10: Mukinah | F10: Istri | G10: 520101 6510830003 | H10: P | I10: Kawin | J10: Dasan Geres | K10: 30614 | L10: 1983 | M10: =2019-L10 -> 36 | N10: Islam | O10: Sasak | P10: SLTA/SEDERAJAT | R10: Buruh Harian Lepas
D11: 4 | E11: Zurriyatun Toyyibah | F11: Anak | G11: 520101 5002090004 | H11: P | I11: Belum kawin | J11: Cemare | K11: 39854 | L11: 2009 | M11: =2019-L11 -> 10 | N11: Islam | O11: Sasak | P11: TIDAK/BLM SEKOLAH | R11: Belum / Tidak Bekerja
B12: 3 | C12: 520101 0503088551 | D12: 5 | E12: Ilham | F12: KK | G12: 520101 0111800001 | H12: L | I12: Kawin | J12: Bawak Gunung | K12: 29526 | L12: 1980 | M12: =2019-L12 -> 39 | N12: Islam | O12: Sasak | P12: SD/MI | R12: Buruh Harian Lepas
D13: 6 | E13: Nurhidayah | F13: Istri | G13: 520101 4706860004 | H13: P | I13: Kawin | J13: Aik Ampat | K13: 31539 | L13: 1986 | M13: =2019-L13 -> 33 | N13: Islam | O13: Sasak | P13: SLTP/MTSN | R13: Mengurus Rumah Tangga
D14: 7 | E14: Maria Ulfa | F14: Anak | G14: 520101 5311050001 | H14: P | I14: Belum kawin | J14: Bawak Gunung | K14: 38669 | L14: 2005 | M14: =2019-L14 -> 14 | N14: Islam | O14: Sasak | P14: SD/MI | R14: Pelajar / Mahasiswa
D15: 8 | E15: Ainul Arifah | F15: Anak | G15: 520101 4209120002 | H15: P | I15: Belum kawin | J15: Dasan Geres | K15: 41123 | L15: 2012 | M15: =2019-L15 -> 7 | N15: Islam | O15: Sasak | P15: TIDAK/BLM SEKOLAH | R15: Belum / Tidak Bekerja
B16: 4 | C16: 520101 0503088630 | D16: 9 | E16: Ahmad Zaenudin | F16: KK | G16: 520101 0107770244 | H16: L | I16: Kawin | J16: Bawak Gunung | K16: 27759 | L16: 1975 | M16: =2019-L16 -> 44 | N16: Islam | O16: Sasak | P16: TIDAK/BLM SEKOLAH | R16: Buruh Harian Lepas
D17: 10 | E17: Uswatun Hasanah | F17: Istri | G17: 520101 4107800361 | H17: P | I17: Kawin | J17: Aik Ampat | K17: 30334 | L17: 1983 | M17: =2019-L17 -> 36 | N17: Islam | O17: Sasak | P17: SLTP/SEDERAJAT | R17: Mengurus Rumah Tangga
D18: 11 | E18: Nahjul Istiqomah | F18: Anak | G18: 520101 4107030061 | H18: P | I18: Belum kawin | J18: Aik Ampat | K18: 37388 | L18: 2002 | M18: =2019-L18 -> 17 | N18: Islam | O18: Sasak | P18: SLTP/SEDERAJAT | R18: Pelajar / Mahasiswa
D19: 12 | E19: M. Urwatil Wutsqo | F19: anak | G19: 520101 1020170003 | H19: L | I19: Belum kawin | J19: Aik Ampat | K19: 43010 | L19: 2017 | M19: =2019-L19 -> 2 | N19: Islam | O19: Sasak | P19: TIDAK/BLM SEKOLAH | R19: Belum / Tidak Bekerja
B20: 5 | C20: 520101 3103120008 | D20: 13 | E20: Rahman | F20: KK | G20: 520101 3112600210 | H20: L | I20: Kawin | J20: Aik Ampat | K20: 22263 | L20: 1960 | M20: =2019-L20 -> 59 | N20: Islam | O20: Sasak | P20: TIDAK/BLM SEKOLAH | R20: Buruh Harian Lepas
D21: 14 | E21: Almah | F21: Istri | G21: 520101 7112700186 | H21: P | I21: Kawin | J21: Aik Ampat | K21: 25933 | L21: 1970 | M21: =2019-L21 -> 49 | N21: Islam | O21: Sasak | P21: TIDAK/BLM SEKOLAH | R21: Buruh Harian Lepas
D22: 15 | E22: Ahyar Rosidi | F22: Anak | G22: 520101 0108860003 | H22: L | I22: Belum kawin | J22: Aik Ampat | K22: 31656 | L22: 1986 | M22: =2019-L22 -> 33 | N22: Islam | O22: Sasak | P22: SLTP/SEDERAJAT | R22: Buruh Harian Lepas
D23: 16 | E23: Musabbi Baskiar Hollid | F23: Cucu | G23: 520101 1206090002 | H23: L | I23: Belum kawin | J23: Menang | K23: 39976 | L23: 2009 | M23: =2019-L23 -> 10 | N23: Islam | O23: Sasak | P23: TIDAK/BLM SEKOLAH | R23: Belum / Tidak Bekerja
B24: 6 | C24: 520101 2405130008 | D24: 17 | E24: H. Alimudin | F24: KK | G24: 520101 0107840438 | H24: L | I24: Kawin | J24: Aik Ampat | K24: 30864 | L24: 1984 | M24: =2019-L24 -> 35 | N24: Islam | P24: SD/MI | R24: Buruh Harian Lepas
D25: 18 | E25: Yulianti | F25: Istri | G25: 520101 5707870004 | H25: P | I25: Kawin | J25: Sumbawa | K25: 31975 | L25: 1987 | M25: =2019-L25 -> 32 | N25: Islam | P25: SLTP/MTSN | R25: Buruh Harian Lepas
D26: 19 | E26: M. Arjan Risqi | F26: Anak | G26: 520101 2702130002 | H26: L | I26: Belum kawin | J26: Aik Ampat | K26: 41332 | L26: 2013 | M26: =2019-L26 -> 6 | N26: Islam | P26: TIDAK/BLM SEKOLAH | R26: Belum / Tidak Bekerja
D27: 20 | E27: M. Ahlal | F27: Anak | G27: 520101 2311140001 | H27: L | I27: Belum kawin | J27: Aik Ampat | K27: 41966 | L27: 2014 | M27: =2019-L27 -> 5 | N27: Islam | P27: TIDAK/BLM SEKOLAH | R27: Belum / Tidak Bekerja
B28: 7 | D28: 21 | E28: Kecah | F28: KK | G28: 0 | H28: P | I28: Janda | K28: 11140 | L28: =YEAR(K28) -> 1930 | M28: =2019-L28 -> 89 | N28: Islam | P28: - | R28: -
B29: 8 | C29: 520101 1403120017 | D29: 22 | E29: Inaq Bah | F29: KK | G29: 520101 4107400027 | H29: P | I29: Cerai Mati | J29: Bawak Gunung | K29: 14793 | L29: 1940 | M29: =2019-L29 -> 79 | N29: Islam | O29: Sasak | P29: TAMAT SD/SEDERAJAT | R29: Buruh Harian Lepas
D30: 23 | E30: Lia Izmi | F30: Anak | G30: 520101 5803991001 | H30: P | I30: Belum kawin | J30: Aik Ampat | K30: 36237 | L30: 1999 | M30: =2019-L30 -> 20 | N30: Islam | O30: Sasak | P30: SLTP/MTSN | R30: Pelajar / Mahasiswa
D31: 24 | E31: Siti Habibah | F31: Anak | G31: 520101 6908071001 | H31: P | I31: Belum kawin | J31: Aik Ampat | K31: 39322 | L31: 2007 | M31: =2019-L31 -> 12 | N31: Islam | O31: Sasak | P31: TIDAK/BLM SEKOLAH | R31: Belum / Tidak Bekerja
B32: 9 | D32: 25 | E32: Husni | F32: KK | G32: 520101 0107610155 | H32: L | I32: Duda | K32: 22463 | L32: =YEAR(K32) -> 1961 | M32: =2019-L32 -> 58 | N32: Islam | P32: - | R32: Pekerja lepas
B33: 10 | C33: 520101 0503088154 | D33: 26 | E33: Saibi | F33: KK | G33: 520101 2007840002 | H33: L | I33: Kawin | J33: Bawak Gunung | K33: 30883 | L33: 1984 | M33: =2019-L33 -> 35 | N33: Islam | O33: Sasak | P33: TAMAT SD/SEDERAJAT | R33: Buruh Harian Lepas
D34: 27 | E34: Rina | F34: Istri | G34: 520112 4107800386 | H34: P | I34: Kawin | J34: Karang Bayan | K34: 29403 | L34: 1980 | M34: =2019-L34 -> 39 | N34: Islam | O34: Sasak | P34: TAMAT SD/SEDERAJAT | R34: Buruh Harian Lepas
B35: 11 | C35: 520101 3103120010 | D35: 28 | E35: Mar’i | F35: KK | G35: 520101 3112740142 | H35: L | I35: Kawin | J35: Lombok Barat | K35: 27394 | L35: 1974 | M35: =2019-L35 -> 45 | N35: Islam | O35: Sasak | P35: SLTA/MA | R35: Buruh Harian Lepas
D36: 29 | E36: Maswah | F36: Istri | G36: 520101 7112740138 | H36: P | I36: Kawin | J36: Aik Ampat | K36: 27759 | L36: 1975 | M36: =2019-L36 -> 44 | N36: Islam | O36: Sasak | P36: SLTP/MTSN | R36: Mengurus Rumah Tangga
D37: 30 | E37: Zulmarwatika | F37: Anak | G37: 520101 5504970001 | H37: P | I37: Belum kawin | J37: Bawak Gunung | K37: 35535 | L37: 1997 | M37: =2019-L37 -> 22 | N37: Islam | O37: Sasak | P37: SLTP/MTSN | R37: Pelajar / Mahasiswa
D38: 31 | E38: Azzahra Wani | F38: Anak | G38: 520101 5411110001 | H38: P | I38: Belum kawin | J38: Bawak Gunung | K38: 40861 | L38: 2011 | M38: =2019-L38 -> 8 | N38: Islam | O38: Sasak | P38: TIDAK/BLM SEKOLAH | R38: Belum / Tidak Bekerja
D39: 32 | E39: Muhammad Hifdzi | F39: Anak | G39: 520101 2004150001 | H39: L | I39: Belum kawin | J39: Gerung | K39: 42114 | L39: 2015 | M39: =2019-L39 -> 4 | N39: Islam | O39: Sasak | P39: TIDAK/BLM SEKOLAH | R39: Belum / Tidak Bekerja
B40: 12 | C40: 520101 0612090048 | D40: 33 | E40: Bahmin | F40: KK | G40: 520101 3112620014 | H40: L | I40: Kawin | J40: Aik Ampat | K40: 23011 | L40: 1962 | M40: =2019-L40 -> 57 | N40: Islam | O40: Sasak | P40: BELUM TAMAT SD/SEDERAJAT | R40: Petani/Pekebun
D41: 34 | E41: Khadijah | F41: Istri | G41: 520101 7112640024 | H41: P | I41: Kawin | J41: Aik Ampat | K41: 23742 | L41: 1964 | M41: =2019-L41 -> 55 | N41: Islam | O41: Sasak | P41: BELUM TAMAT SD/SEDERAJAT | R41: Petani/Pekebun
D42: 35 | E42: M. Suhaebon | F42: Anak | G42: 520101 1903990001 | H42: L | I42: Belum kawin | J42: Bawak Gunung | K42: 36238 | L42: 1999 | M42: =2019-L42 -> 20 | N42: Islam | O42: Sasak | P42: SLTA/SEDERAJAT | R42: Belum / Tidak Bekerja
D43: 36 | E43: Suci Ramadani | F43: Anak | G43: 520101 4503060001 | H43: P | I43: Belum kawin | J43: Bawak Gunung | K43: 38781 | L43: 2006 | M43: =2019-L43 -> 13 | N43: Islam | O43: Sasak | P43: TIDAK/BLM SEKOLAH | R43: Belum / Tidak Bekerja
D44: 37 | E44: Samsul Hadi | F44: Anak | G44: 520101 2804140001 | H44: L | I44: Belum kawin | J44: Bawak Gunung | K44: 41757 | L44: 2014 | M44: =2019-L44 -> 5 | N44: Islam | O44: Sasak | P44: TIDAK/BLM SEKOLAH | R44: Belum / Tidak Bekerja
D45: 38 | E45: Yudian Canda Pratama | F45: Cucu | G45: 520101 2804140002 | H45: L | I45: Belum kawin | J45: Bawak Gunung | K45: 41757 | L45: 2014 | M45: =2019-L45 -> 5 | N45: Islam | O45: Sasak | P45: TIDAK/BLM SEKOLAH | R45: Belum / Tidak Bekerja
B46: 13 | D46: 39 | E46: Muhidi | F46: KK | G46: 520101 1302820003 | H46: L | I46: Kawin | K46: 34013 | L46: =YEAR(K46) -> 1993 | M46: =2019-L46 -> 26 | N46: Islam | P46: SLTP/MTSN | R46: Pekerja lepas
D47: 40 | E47: Atik | F47: Istri | G47: 520101 5008990003 | H47: P | I47: Kawin | K47: 32638 | L47: =YEAR(K47) -> 1989 | M47: =2019-L47 -> 30 | N47: Islam | P47: SLTA/MA | R47: Pekerja lepas
B48: 14 | D48: 41 | E48: Sahnim | F48: KK | G48: 520101 3112750041 | H48: P | I48: Janda | K48: 27759 | L48: =YEAR(K48) -> 1975 | M48: =2019-L48 -> 44 | N48: Islam | P48: - | R48: Pekerja lepas
D49: 42 | E49: Rosida | F49: Istri | G49: 520101 7012950002 | H49: P | I49: Belum kawin | K49: 35063 | L49: =YEAR(K49) -> 1995 | M49: =2019-L49 -> 24 | N49: Islam | P49: SLTA/MA | R49: -
B50: 15 | C50: 520101 0503088547 | D50: 43 | E50: Sahrun | F50: KK | G50: 520101 0107790351 | H50: L | I50: Kawin | J50: Bawak Gunung | K50: 29037 | L50: 1979 | M50: =2019-L50 -> 40 | N50: Islam | O50: Sasak | P50: TIDAK/BLM SEKOLAH | R50: Buruh Harian Lepas
D51: 44 | E51: Sahiri | F51: Istri | G51: 520101 4107820738 | H51: P | I51: Kawin | J51: Mesanggok | K51: 30133 | L51: 1982 | M51: =2019-L51 -> 37 | N51: Islam | O51: Sasak | P51: TAMAT SD/SEDERAJAT | R51: Buruh Harian Lepas
D52: 45 | E52: Sumiati | F52: Anak | G52: 520101 4107020179 | H52: P | I52: Belum kawin | J52: Bawak Gunung | K52: 37378 | L52: 2002 | M52: =2019-L52 -> 17 | N52: Islam | O52: Sasak | P52: SLTP/SEDERAJAT | R52: Pelajar / Mahasiswa
D53: 46 | E53: Muhamad Arkan | F53: Anak | G53: 520101 2805131001 | H53: L | I53: Belum kawin | J53: Bawak Gunung | K53: 41422 | L53: 2013 | M53: =2019-L53 -> 6 | N53: Islam | O53: Sasak | P53: TIDAK/BLM SEKOLAH | R53: Belum / Tidak Bekerja
D54: 47 | E54: Mei | F54: Orang Tua | G54: 520101 7112500214 | H54: P | I54: Cerai Mati | J54: Bawak Gunung | K54: 18628 | L54: 1950 | M54: =2019-L54 -> 69 | N54: Islam | O54: Sasak | P54: TIDAK/BLM SEKOLAH | R54: Belum / Tidak Bekerja
B55: 16 | D55: 48 | E55: Mei | F55: KK | G55: 0 | H55: P | I55: Janda | K55: 18445 | L55: =YEAR(K55) -> 1950 | M55: =2019-L55 -> 69 | N55: Islam | P55: - | R55: Pekerja lepas
B56: 17 | D56: 49 | E56: Pendi | F56: KK | G56: 520101 3112960031 | H56: L | I56: Kawin | K56: 35430 | L56: =YEAR(K56) -> 1996 | M56: =2019-L56 -> 23 | N56: Islam | P56: SD/MI | R56: Pekerja lepas
D57: 50 | E57: Muhammad Idham | F57: Istri | G57: 520101 3112050005 | H57: L | I57: Kawin | K57: 38717 | L57: =YEAR(K57) -> 2005 | M57: =2019-L57 -> 14 | N57: Islam | P57: - | R57: -
B58: 18 | C58: 520101 0503088778 | D58: 51 | E58: Sahnan | F58: KK | G58: 520101 4107670843 | H58: P | I58: Cerai Hidup | J58: Bawak Gunung | K58: 24654 | L58: 1967 | M58: =2019-L58 -> 52 | N58: Islam | O58: Sasak | P58: TAMAT SD/SEDERAJAT | R58: Buruh Harian Lepas
D59: 52 | E59: Mita Nurhayati | F59: Anak | G59: 520101 5005021002 | H59: P | I59: Belum kawin | J59: Bawak Gunung | K59: 37386 | L59: 2002 | M59: =2019-L59 -> 17 | N59: Islam | O59: Sasak | P59: TIDAK/BLM SEKOLAH | R59: Belum / Tidak Bekerja
B60: 19 | D60: 53 | E60: Janudin | F60: KK | G60: 520101 3112870551 | H60: L | I60: Kawin | K60: 32142 | L60: =YEAR(K60) -> 1987 | M60: =2019-L60 -> 32 | N60: Islam | P60: SD/MI | R60: Pekerja lepas
D61: 54 | E61: Sabaah | F61: Istri | G61: 520101 5711920001 | H61: P | I61: Kawin | K61: 33925 | L61: =YEAR(K61) -> 1992 | M61: =2019-L61 -> 27 | N61: Islam | P61: SD/MI | R61: Pekerja lepas
D62: 55 | E62: Akila Mulia | F62: Anak | G62: 0 | H62: P | I62: Belum kawin | K62: 42116 | L62: =YEAR(K62) -> 2015 | M62: =2019-L62 -> 4 | N62: Islam | P62: - | R62: -
B63: 20 | C63: 520101 2312090044 | D63: 56 | E63: Marsuni | F63: KK | G63: 520101 3112760030 | H63: L | I63: Kawin | J63: Bawak Gunung | K63: 28125 | L63: 1976 | M63: =2019-L63 -> 43 | N63: Islam | O63: Sasak | P63: TIDAK/BLM SEKOLAH | R63: Buruh Harian Lepas
D64: 57 | E64: Minerah | F64: Istri | G64: 520101 7112780041 | H64: P | I64: Kawin | J64: Bawak Gunung | K64: 28855 | L64: 1978 | M64: =2019-L64 -> 41 | N64: Islam | O64: Sasak | P64: TIDAK/BLM SEKOLAH | R64: Buruh Harian Lepas
D65: 58 | E65: Ismayani | F65: Anak | G65: 520101 5007990002 | H65: P | I65: Belum kawin | J65: Aik Ampat | K65: 35531 | L65: 1997 | M65: =2019-L65 -> 22 | N65: Islam | O65: Sasak | P65: SLTA/SEDERAJAT | R65: Belum / Tidak Bekerja
B66: 21 | C66: 520101 0503088527 | D66: 59 | E66: Hapidin | F66: KK | G66: 520101 1307770001 | H66: L | I66: Kawin | J66: Bawak Gunung | K66: 28319 | L66: 1977 | M66: =2019-L66 -> 42 | N66: Islam | O66: Sasak | P66: SD/MI | R66: Buruh Harian Lepas
D67: 60 | E67: Sahram | F67: Istri | G67: 520101 5812810001 | H67: P | I67: Kawin | J67: Bawak Gunung | K67: 29948 | L67: 1981 | M67: =2019-L67 -> 38 | N67: Islam | O67: Sasak | P67: SD/MI | R67: Buruh Harian Lepas
D68: 61 | E68: Mutia Hapid | F68: Anak | G68: 520101 5405040001 | H68: P | I68: Belum kawin | J68: Bawak Gunung | K68: 38223 | L68: 2004 | M68: =2019-L68 -> 15 | N68: Islam | O68: Sasak | P68: BELUM TAMAT SD/SEDERAJAT | R68: Pelajar / Mahasiswa
B69: 22 | C69: 520101 0503088645 | D69: 62 | E69: Kedun | F69: KK | G69: 520101 0107720663 | H69: L | I69: Kawin | J69: Bawak Gunung | K69: 19176 | L69: 1952 | M69: =2019-L69 -> 67 | N69: Islam | O69: Sasak | P69: TAMAT SD/SEDERAJAT | R69: Buruh Harian Lepas
D70: 63 | E70: Sakiah | F70: Istri | G70: 520101 4107640111 | H70: P | I70: Kawin | K70: 19906 | L70: 1954 | M70: =2019-L70 -> 65 | N70: Islam | O70: Sasak | P70: TAMAT SD/SEDERAJAT | R70: Belum / Tidak Bekerja
B71: 23 | C71: 520101 0503088651 | D71: 64 | E71: Sakrah | F71: KK | G71: 520101 4107620500 | H71: P | I71: Janda | J71: Bawak Gunung | K71: 15523 | L71: 1942 | M71: =2019-L71 -> 77 | N71: Islam | O71: Sasak | P71: TIDAK/BLM SEKOLAH | R71: Buruh Harian Lepas
B72: 24 | C72: 520101 0609120045 | D72: 65 | E72: Salman | F72: KK | G72: 520101 3112880177 | H72: L | I72: Kawin | J72: Aik Ampat | K72: 32508 | L72: 1988 | M72: =2019-L72 -> 31 | N72: Islam | O72: Sasak | P72: SLTP/MTSN | R72: Buruh Harian Lepas
D73: 66 | E73: Isnawati | F73: Istri | G73: 520101 4807830004 | H73: P | I73: Kawin | J73: Aik Ampat | K73: 34158 | L73: 1993 | M73: =2019-L73 -> 26 | N73: Islam | O73: Sasak | P73: SLTA/MA | R73: Mengurus Rumah Tangga
D74: 67 | E74: Muhammad Farhan Izwan | F74: Anak | G74: 520101 1402130004 | H74: L | I74: Belum kawin | J74: Aik Ampat | K74: 41319 | L74: 2013 | M74: =2019-L74 -> 6 | N74: Islam | O74: Sasak | P74: TIDAK/BLM SEKOLAH | R74: Belum / Tidak Bekerja
B75: 25 | D75: 68 | E75: Fatimah | F75: KK | G75: 0 | H75: P | I75: Janda | K75: 22098 | L75: =YEAR(K75) -> 1960 | M75: =2019-L75 -> 59 | N75: Islam | P75: - | R75: -
B76: 26 | C76: 520101 0503088676 | D76: 69 | E76: Imok Sanjaya | F76: KK | G76: 520101 3112680056 | H76: L | I76: Kawin | J76: Aik Ampat | K76: 25203 | L76: 1968 | M76: =2019-L76 -> 51 | N76: Islam | O76: Sasak | P76: SD/MI | R76: Wiraswasta
D77: 70 | E77: Minrah | F77: Istri | G77: 520101 4112750004 | H77: P | I77: Kawin | J77: Aik Ampat | K77: 27729 | L77: 1975 | M77: =2019-L77 -> 44 | N77: Islam | O77: Sasak | P77: SD/MI | R77: Buruh Harian Lepas
D78: 71 | E78: Abdul Wahid | F78: Anak | G78: 520101 0803930002 | H78: L | I78: Belum kawin | J78: Aik Ampat | K78: 34036 | L78: 1993 | M78: =2019-L78 -> 26 | N78: Islam | O78: Sasak | P78: SLTA/MA | R78: Pelajar / Mahasiswa
D79: 72 | E79: Sofiani | F79: Anak | G79: 520101 4812940001 | H79: P | I79: Belum kawin | J79: Aik Ampat | K79: 34676 | L79: 1994 | M79: =2019-L79 -> 25 | N79: Islam | O79: Sasak | P79: SLTA/MA | R79: Pelajar / Mahasiswa
D80: 73 | E80: Rudiwi Jaya | F80: Anak | G80: 520101 4812940001 | H80: L | I80: Belum kawin | J80: Aik Ampat | K80: 37561 | L80: 2002 | M80: =2019-L80 -> 17 | N80: Islam | O80: Sasak | P80: SD/MI | R80: Pelajar / Mahasiswa
D81: 74 | E81: Indasah | F81: Lain-Lain | G81: 520101 2804140002 | H81: L | I81: Duda | J81: Aik Ampat | K81: 25750 | L81: 1970 | M81: =2019-L81 -> 49 | N81: Islam | O81: Sasak | P81: TIDAK/BLM SEKOLAH | R81: Buruh Harian Lepas
B82: 27 | C82: 520101 0503088495 | D82: 75 | E82: H. Pauzi | F82: KK | G82: 520101 0107700309 | H82: L | I82: Kawin | J82: Bawak Gunung | K82: 27213 | L82: 1974 | M82: =2019-L82 -> 45 | N82: Islam | O82: Sasak | P82: SD/MI | R82: Wiraswasta
D83: 76 | E83: Raihan | F83: Istri | G83: 520101 4107690215 | H83: P | I83: Kawin | J83: Bawak Gunung | K83: 26664 | L83: 1972 | M83: =2019-L83 -> 47 | N83: Islam | O83: Sasak | P83: SD/MI | R83: Mengurus Rumah Tangga
D84: 77 | E84: Muhamad Sakdullah | F84: Anak | G84: 520101 0107920159 | H84: L | I84: Belum kawin | J84: Aik Ampat | K84: 33838 | L84: 1992 | M84: =2019-L84 -> 27 | N84: Islam | O84: Sasak | P84: SLTA/MA | R84: Belum / Tidak Bekerja
D85: 78 | E85: Diki Wahyudi | F85: Anak | G85: 520101 0107990056 | H85: L | I85: Belum kawin | J85: Aik Ampat | K85: 36222 | L85: 1999 | M85: =2019-L85 -> 20 | N85: Islam | O85: Sasak | P85: SLTP/MA | R85: Belum / Tidak Bekerja
D86: 79 | E86: M. Rezal Hadi | F86: Anak | G86: 520101 0107050293 | H86: L | I86: Belum kawin | J86: Bawak Gunung | K86: 38599 | L86: 2005 | M86: =2019-L86 -> 14 | N86: Islam | O86: Sasak | P86: BELUM TAMAT SD/SEDERAJAT | R86: Pelajar / Mahasiswa
B87: 28 | C87: 520101 0503088133 | D87: 80 | E87: H. Zaini | F87: KK | G87: 520101 0107570392 | H87: L | I87: Kawin | J87: Bawak Gunung | K87: 21915 | L87: 1959 | M87: =2019-L87 -> 60 | N87: Islam | O87: Sasak | P87: TIDAK/BLM SEKOLAH | R87: Wiraswasta
D88: 81 | E88: Hj. Muliyati | F88: Istri | G88: 520101 7112621004 | H88: P | I88: Kawin | J88: Bawak Gunung | K88: 23011 | L88: 1962 | M88: =2019-L88 -> 57 | N88: Islam | O88: Sasak | P88: TAMAT SD/SEDERAJAT | R88: Wiraswasta
D89: 82 | E89: Rita Wahyuni | F89: Anak | G89: 520101 7112931002 | H89: P | I89: Belum kawin | J89: Aik Ampat | K89: 34334 | L89: 1993 | M89: =2019-L89 -> 26 | N89: Islam | O89: Sasak | P89: SLTA/MA | R89: Pelajar / Mahasiswa
B90: 29 | D90: 83 | E90: Haji Yasin | F90: KK | G90: 0 | H90: L | I90: Duda | K90: 14793 | L90: =YEAR(K90) -> 1940 | M90: =2019-L90 -> 79 | N90: Islam | P90: - | R90: -
B91: 30 | C91: 520101 0503088668 | D91: 84 | E91: Sahabudin | F91: KK | G91: 520101 0107570386 | H91: L | I91: Kawin | J91: Bawak Gunung | K91: 21002 | L91: 1957 | M91: =2019-L91 -> 62 | N91: Islam | O91: Sasak | P91: TAMAT SD/SEDERAJAT | R91: Buruh Harian Lepas
D92: 85 | E92: Nawisah | F92: Istri | G92: 520101 4107670612 | H92: P | I92: Kawin | J92: Bawak Gunung | K92: 24654 | L92: 1967 | M92: =2019-L92 -> 52 | N92: Islam | O92: Sasak | P92: TAMAT SD/SEDERAJAT | R92: Mengurus Rumah Tangga
B93: 31 | D93: 86 | E93: Markinun | F93: KK | G93: 520101 3112780040 | H93: L | I93: Kawin | K93: 28855 | L93: =YEAR(K93) -> 1978 | M93: =2019-L93 -> 41 | N93: Islam | P93: SD/MI | R93: Pegawai lepas
D94: 87 | E94: Daah | F94: Istri | G94: 520101 7011780021 | H94: P | I94: Kawin | K94: 28824 | L94: =YEAR(K94) -> 1978 | M94: =2019-L94 -> 41 | N94: Islam | P94: SD/MI | R94: Pegawai lepas
B95: 32 | D95: 88 | E95: Nasrah | F95: KK | G95: 520101 3112571001 | H95: L | I95: Kawin | K95: 16802 | L95: =YEAR(K95) -> 1945 | M95: =2019-L95 -> 74 | N95: Islam | P95: - | R95: -
D96: 89 | E96: Miyah | F96: Istri | G96: 520101 7112591001 | H96: P | I96: Kawin | K96: 18628 | L96: =YEAR(K96) -> 1950 | M96: =2019-L96 -> 69 | N96: Islam | P96: - | R96: -
D97: 90 | E97: Hajjah Salma | F97: Anak | G97: 0 | H97: P | I97: Janda | K97: 12966 | L97: =YEAR(K97) -> 1935 | M97: =2019-L97 -> 84 | N97: Islam | P97: SD/MI | R97: -
B98: 33 | C98: 520101 2210180005 | D98: 91 | E98: Sarilah | F98: KK | G98: 520101 0304770001 | H98: P | I98: Janda | J98: Cemare | K98: 28218 | L98: 1977 | M98: =2019-L98 -> 42 | N98: Islam | O98: Sasak | P98: TAMAT SD/SEDERAJAT | R98: Belum / Tidak Bekerja
D99: 92 | E99: Suahimi | F99: Anak | G99: 520101 0107950017 | H99: L | I99: Anak | J99: Bawak Gunung | K99: 34354 | L99: 1994 | M99: =2019-L99 -> 25 | N99: Islam | O99: Sasak | P99: BELUM TAMAT SD/SEDERAJAT | R99: Buruh Harian Lepas
B100: 34 | C100: 520101 2505120015 | D100: 93 | E100: Haerudin | F100: KK | G100: 520101 0906830004 | H100: L | I100: Kawin | J100: Aik Ampat | K100: 30476 | L100: 1983 | M100: =2019-L100 -> 36 | N100: Islam | O100: Sasak | P100: SLTP/MTSN | R100: Buruh Harian Lepas
D101: 94 | E101: Nurhayati | F101: Istri | G101: 520101 7112870121 | H101: P | I101: Kawin | J101: Reyan | K101: 32142 | L101: 1987 | M101: =2019-L101 -> 32 | N101: Islam | O101: Sasak | P101: SD/MI | R101: Buruh Harian Lepas
...

Sheet RT 03
B1: DATA INDUK PENDUDUK KELURAHAN DASAN GERES
B2: TAHUN 2019
B3: LINGKUNGAN BAWAK GUNUNG
B4: RT 03
B5: No | C5: Nomor KK | D5: Jumlah Jiwa | E5: Nama Lengkap/ Panggilan | F5: Kedudukan dalam Keluarga | G5: NIK | H5: Jenis Kelamin (L/P) | I5: Status Perkawinan | J5: Lahir | M5: Usia | N5: Agama | O5: Etnis | P5: Pendidikan Terakhir | Q5: Jurusan | R5: Pekerjaan
J6: Tempat | K6: Tanggal | L6: Tahun
B8: 1 | D8: 1 | E8: Haji Fahrul | F8: KK | G8: 520101 0308680001 | H8: L | I8: Belum kawin | K8: 25053 | L8: =YEAR(K8) -> 1968 | M8: =2019-L8 -> 51 | N8: Islam | P8: SLTP/MTSN | R8: Petani
B9: 2 | D9: 2 | E9: Sahidin | F9: KK | G9: 520101 1003790002 | H9: L | I9: Kawin | K9: 28924 | L9: =YEAR(K9) -> 1979 | M9: =2019-L9 -> 40 | N9: Islam | P9: SLTA/MA | R9: Pegawai swasta
D10: 3 | E10: Haerani | F10: Istri | G10: 520101 7112800173 | H10: P | I10: Kawin | K10: 32508 | L10: =YEAR(K10) -> 1988 | M10: =2019-L10 -> 31 | N10: Islam | P10: SLTA/MA | R10: Pedagang
D11: 4 | E11: Qanita Majwa Khalisah | F11: Anak | G11: 520101 5412110002 | H11: P | I11: Belum kawin | K11: 40891 | L11: =YEAR(K11) -> 2011 | M11: =2019-L11 -> 8 | N11: Islam | P11: - | R11: -
B12: 3 | C12: 520101 2709120087 | D12: 5 | E12: Aminah | F12: KK | G12: 520101 3112670155 | H12: P | I12: Cerai Mati | J12: Bawak Gunung | K12: 23011 | L12: 1962 | M12: =2019-L12 -> 57 | N12: Islam | P12: TIDAK/BLM SEKOLAH | R12: Buruh Harian Lepas
B13: 4 | D13: 6 | E13: Amenah | F13: KK | G13: 0 | H13: P | I13: Janda | K13: 18445 | L13: =YEAR(K13) -> 1950 | M13: =2019-L13 -> 69 | N13: Islam | P13: - | R13: Pekerja lepas
B14: 5 | D14: 7 | E14: Haji Nasir | F14: KK | G14: 520101 1607720001 | H14: L | I14: Kawin | K14: 27014 | L14: =YEAR(K14) -> 1973 | M14: =2019-L14 -> 46 | N14: Islam | P14: SD/MI | R14: Petani
D15: 8 | E15: Mukyah | F15: Istri | G15: 520101 3012760001 | H15: P | I15: Kawin | K15: 28125 | L15: =YEAR(K15) -> 1976 | M15: =2019-L15 -> 43 | N15: Islam | P15: SLTA/MA | R15: Pekerja lepas
D16: 9 | E16: Ismie Aton Hasanah | F16: Anak | G16: 520101 5007990001 | H16: P | I16: Belum kawin | K16: 36321 | L16: =YEAR(K16) -> 1999 | M16: =2019-L16 -> 20 | N16: Islam | P16: SLTP/MTSN | R16: -
D17: 10 | E17: Sulis No vita Dewi | F17: Anak | G17: 520101 5811080001 | H17: P | I17: Belum kawin | K17: 39039 | L17: =YEAR(K17) -> 2006 | M17: =2019-L17 -> 13 | N17: Islam | P17: - | R17: -
B18: 6 | C18: 520101 2505130010 | D18: 11 | E18: Junaidi | F18: KK | G18: 520101 3112760073 | H18: L | I18: Kawin | J18: Bawak Gunung | K18: 30881 | L18: 1984 | M18: =2019-L18 -> 35 | N18: Islam | O18: Sasak | P18: SLTP/MTSN | R18: Buruh Harian Lepas
D19: 12 | E19: Aeniah | F19: Istri | G19: 520101 6403941001 | H19: P | I19: Kawin | J19: Aik Ampat | K19: 34417 | L19: 1994 | M19: =2019-L19 -> 25 | N19: Islam | O19: Sasak | P19: SLTP/MTSN | R19: Mengurus Rumah Tangga
D20: 13 | E20: Zahratun Laila | F20: Anak | G20: 520101 4309131002 | H20: P | I20: Belum kawin | J20: Bawak Gunung | K20: 41520 | L20: 2013 | M20: =2019-L20 -> 6 | N20: Islam | O20: Sasak | P20: TIDAK/BLM SEKOLAH | R20: Belum /Tidak Bekerja
B21: 7 | D21: 14 | E21: Hajjah Maemunah | F21: KK | G21: 520101 7112510010 | H21: P | I21: Janda | K21: 18993 | L21: =YEAR(K21) -> 1951 | M21: =2019-L21 -> 68 | N21: Islam | P21: - | R21: Swasta
D22: 15 | E22: Zulkipli | F22: Anak | G22: 520101 3112850081 | H22: L | I22: Belum kawin | K22: 32873 | L22: =YEAR(K22) -> 1989 | M22: =2019-L22 -> 30 | N22: Islam | P22: SD/MI | R22: Pekerja lepas
D23: 16 | E23: Sudirman | F23: Anak | G23: 520101 0808900001 | H23: L | I23: Belum kawin | K23: 33032 | L23: =YEAR(K23) -> 1990 | M23: =2019-L23 -> 29 | N23: Islam | P23: SD/MI | R23: Pekerja lepas
B24: 8 | D24: 17 | E24: Mugni | F24: KK | G24: 0 | H24: L | I24: Kawin | K24: 27942 | L24: =YEAR(K24) -> 1976 | M24: =2019-L24 -> 43 | N24: Islam | P24: SLTP/MTSN | R24: Pekerja lepas
D25: 18 | E25: Marwatika | F25: Istri | G25: 520101 4111780003 | H25: P | I25: Kawin | K25: 28795 | L25: =YEAR(K25) -> 1978 | M25: =2019-L25 -> 41 | N25: Islam | P25: SLTP/MTSN | R25: -
B26: 9 | D26: 19 | E26: Haji ANo ar Hadi | F26: KK | G26: 520101 0107570345 | H26: L | I26: Kawin | K26: 21002 | L26: =YEAR(K26) -> 1957 | M26: =2019-L26 -> 62 | N26: Islam | P26: - | R26: Petani
D27: 20 | E27: Miskah | F27: Istri | G27: 520101 4107620384 | H27: P | I27: Kawin | K27: 21367 | L27: =YEAR(K27) -> 1958 | M27: =2019-L27 -> 61 | N27: Islam | P27: - | R27: Petani
D28: 21 | E28: Haji Budiman | F28: Anak | G28: 520101 3112850031 | H28: L | I28: Belum kawin | K28: 31412 | L28: =YEAR(K28) -> 1985 | M28: =2019-L28 -> 34 | N28: Islam | P28: SLTA/MA | R28: Pekerja lepas
B29: 10 | D29: 22 | E29: Hajjah Raodah | F29: KK | G29: 520101 4107570569 | H29: P | I29: Janda | K29: 18628 | L29: =YEAR(K29) -> 1950 | M29: =2019-L29 -> 69 | N29: Islam | P29: - | R29: -
B30: 11 | D30: 23 | E30: Yusup | F30: KK | G30: 520101 0412810091 | H30: L | I30: Kawin | K30: 29924 | L30: =YEAR(K30) -> 1981 | M30: =2019-L30 -> 38 | N30: Islam | P30: SLTP/MTSN | R30: Pekerja lepas
D31: 24 | E31: Ansori | F31: Istri | G31: 520101 5307880001 | H31: P | I31: Kawin | K31: 30510 | L31: =YEAR(K31) -> 1983 | M31: =2019-L31 -> 36 | N31: Islam | P31: SD/MI | R31: Pekerja lepas
D32: 25 | E32: Siti Auriya | F32: Anak | G32: 520101 4504090001 | H32: P | I32: Belum kawin | K32: 39912 | L32: =YEAR(K32) -> 2009 | M32: =2019-L32 -> 10 | N32: Islam | P32: - | R32: -
B33: 12 | D33: 26 | E33: Haji Suhaemi | F33: KK | G33: 520101 0110730001 | H33: L | I33: Kawin | K33: 26938 | L33: =YEAR(K33) -> 1973 | M33: =2019-L33 -> 46 | N33: Islam | P33: - | R33: Pekerja lepas
D34: 27 | E34: Hajjah Nuraini | F34: Istri | G34: 520101 5203821001 | H34: P | I34: Kawin | K34: 30022 | L34: =YEAR(K34) -> 1982 | M34: =2019-L34 -> 37 | N34: Islam | P34: SD/MI | R34: -
D35: 28 | E35: Wahyu Saputra | F35: Anak | G35: 520101 0707020002 | H35: L | I35: Belum kawin | K35: 37444 | L35: =YEAR(K35) -> 2002 | M35: =2019-L35 -> 17 | N35: Islam | P35: - | R35: -
D36: 29 | E36: Raditia Adaha | F36: Anak | G36: 520101 1510131002 | H36: L | I36: Belum kawin | K36: 41562 | L36: =YEAR(K36) -> 2013 | M36: =2019-L36 -> 6 | N36: Islam | P36: - | R36: -
B37: 13 | D37: 30 | E37: Hajjah Huriyah | F37: KK | G37: 520101 4107520251 | H37: P | I37: Janda | K37: 22828 | L37: =YEAR(K37) -> 1962 | M37: =2019-L37 -> 57 | N37: Islam | P37: - | R37: -
B38: 14 | D38: 31 | E38: Hajjah Nurasiah | F38: KK | G38: 520101 7112650113 | H38: P | I38: Janda | K38: 24107 | L38: =YEAR(K38) -> 1965 | M38: =2019-L38 -> 54 | N38: Islam | P38: - | R38: Pedagang
B39: 15 | D39: 32 | E39: Ahmad Musihir | F39: KK | G39: 0 | H39: L | I39: Kawin | K39: 32329 | L39: =YEAR(K39) -> 1988 | M39: =2019-L39 -> 31 | N39: Islam | P39: SLTA/MA | R39: Pekerja lepas
D40: 33 | E40: Titik Dewi Jayanti | F40: Istri | G40: 520101 5505940002 | H40: P | I40: Kawin | K40: 34469 | L40: =YEAR(K40) -> 1994 | M40: =2019-L40 -> 25 | N40: Islam | P40: SLTA/MA | R40: -
B41: 16 | C41: 520101 1105120034 | D41: 34 | E41: Marsuni | F41: KK | G41: 520101 3112670106 | H41: L | I41: Kawin | J41: Aik Ampat | K41: 24837 | L41: 1967 | M41: =2019-L41 -> 52 | N41: Islam | O41: Sasak | P41: SD/MI | R41: Wiraswasta
D42: 35 | E42: Napsah | F42: Istri | G42: 520101 7112700213 | H42: P | I42: Kawin | J42: Aik Ampat | K42: 25933 | L42: 1970 | M42: =2019-L42 -> 49 | N42: Islam | O42: Sasak | P42: SD/MI | R42: Mengurus Rumah Tangga
D43: 36 | E43: Muhasim | F43: Anak | G43: 520101 1405930003 | H43: L | I43: Belum kawin | J43: Bawak Gunung | K43: 34103 | L43: 1993 | M43: =2019-L43 -> 26 | N43: Islam | O43: Sasak | P43: SLTA/MA | R43: Pegawai swasta
B44: 17 | C44: 520101 0503089666 | D44: 37 | E44: Ma at | F44: KK | G44: 520101 0109720002 | H44: L | I44: Kawin | J44: Bawak Gunung | K44: 26543 | L44: 1972 | M44: =2019-L44 -> 47 | N44: Islam | P44: TAMAT SD/SEDERAJAT | R44: Buruh Harian Lepas
D45: 38 | E45: Sinarah | F45: Istri | G45: 520101 4802770001 | H45: P | I45: Kawin | J45: Bawak Gunung | K45: 28164 | L45: 1977 | M45: =2019-L45 -> 42 | N45: Islam | P45: TAMAT SD/SEDERAJAT | R45: Mengurus Rumah Tangga
D46: 39 | E46: Jenah | F46: Famili Lain | G46: 520101 4107520246 | H46: P | I46: Cerai Mati | J46: Bawak Gunung | K46: 19359 | L46: 1952 | M46: =2019-L46 -> 67 | N46: Islam | P46: TAMAT SD/SEDERAJAT | R46: Mengurus Rumah Tangga
B47: 18 | D47: 40 | E47: Muhammad Ibrahim | F47: KK | G47: 520101 1201900006 | H47: L | I47: Kawin | K47: 32885 | L47: =YEAR(K47) -> 1990 | M47: =2019-L47 -> 29 | N47: Islam | P47: SLTA/MA | R47: Pekerja lepas
D48: 41 | E48: Masirah | F48: Istri | G48: 520101 5111920003 | H48: P | I48: Kawin | K48: 33919 | L48: =YEAR(K48) -> 1992 | M48: =2019-L48 -> 27 | N48: Islam | P48: SLTA/MA | R48: Pekerja lepas
D49: 42 | E49: Anita Agustina | F49: Anak | G49: 520101 4608100001 | H49: P | I49: Belum kawin | K49: 40415 | L49: =YEAR(K49) -> 2010 | M49: =2019-L49 -> 9 | N49: Islam | P49: - | R49: -
D50: 43 | E50: Tiara Safitri | F50: Anak | G50: 520101 5810120001 | H50: P | I50: Belum kawin | K50: 41197 | L50: =YEAR(K50) -> 2012 | M50: =2019-L50 -> 7 | N50: Islam | P50: - | R50: -
B51: 19 | D51: 44 | E51: Haji Imam Muktamat | F51: KK | G51: 520101 0107670383 | H51: L | I51: Kawin | K51: 19176 | L51: =YEAR(K51) -> 1952 | M51: =2019-L51 -> 67 | N51: Islam | P51: - | R51: Petani
D52: 45 | E52: Hajjah Faoziah | F52: Istri | G52: 520101 4804690001 | H52: P | I52: Kawin | K52: 21648 | L52: =YEAR(K52) -> 1959 | M52: =2019-L52 -> 60 | N52: Islam | P52: - | R52: Pedagang
D53: 46 | E53: Faoziah S.Pd | F53: Anak | G53: 520101 4107870453 | H53: P | I53: Belum kawin | K53: 32142 | L53: =YEAR(K53) -> 1987 | M53: =2019-L53 -> 32 | N53: Islam | P53: PT/Akademi | R53: Pegawai swasta
B54: 20 | D54: 47 | E54: Naharudin | F54: KK | G54: 520101 0103770021 | H54: L | I54: Kawin | K54: 27454 | L54: =YEAR(K54) -> 1975 | M54: =2019-L54 -> 44 | N54: Islam | P54: - | R54: Pekerja lepas
D55: 48 | E55: Haeriah | F55: Istri | G55: 520101 5502780001 | H55: P | I55: Kawin | K55: 27440 | L55: =YEAR(K55) -> 1975 | M55: =2019-L55 -> 44 | N55: Islam | P55: SD/MI | R55: Pedagang
D56: 49 | E56: Ayu Rohmatul Umi | F56: Anak | G56: 520101 8207980001 | H56: P | I56: Belum kawin | K56: 35996 | L56: =YEAR(K56) -> 1998 | M56: =2019-L56 -> 21 | N56: Islam | P56: - | R56: -
D57: 50 | E57: Imam Dwi Pebrian | F57: Anak | G57: 520101 1102050001 | H57: L | I57: Belum kawin | K57: 38394 | L57: =YEAR(K57) -> 2005 | M57: =2019-L57 -> 14 | N57: Islam | P57: SLTP/MTSN | R57: -
B58: 21 | D58: 51 | E58: Haji Marita | F58: KK | G58: 520101 3112550097 | H58: L | I58: Kawin | K58: 20454 | L58: =YEAR(K58) -> 1955 | M58: =2019-L58 -> 64 | N58: Islam | P58: - | R58: Pekerja lepas
D59: 52 | E59: Mahnan | F59: Istri | G59: 520101 7112600143 | H59: P | I59: Kawin | K59: 21915 | L59: =YEAR(K59) -> 1959 | M59: =2019-L59 -> 60 | N59: Islam | P59: - | R59: -
D60: 53 | E60: Padlawati | F60: Anak | G60: 520101 5304780001 | H60: P | I60: Belum kawin | K60: 28958 | L60: =YEAR(K60) -> 1979 | M60: =2019-L60 -> 40 | N60: Islam | P60: SD/MI | R60: Pekerja lepas
D61: 54 | E61: No vian Kamarudin | F61: Anak | G61: 520101 1811920007 | H61: L | I61: Belum kawin | K61: 33926 | L61: =YEAR(K61) -> 1992 | M61: =2019-L61 -> 27 | N61: Islam | P61: SLTA/MA | R61: -
D62: 55 | E62: Wawan Satria Pratama | F62: Lain-lain | G62: 520101 1405070005 | H62: L | I62: Belum kawin | K62: 39214 | L62: =YEAR(K62) -> 2007 | M62: =2019-L62 -> 12 | N62: Islam | P62: SD/MI | R62: -
B63: 22 | C63: 520101 0503088104 | D63: 56 | E63: Saharudin | F63: KK | G63: 520101 0205870001 | H63: L | I63: Kawin | J63: Bawak Gunung | K63: 31899 | L63: 1987 | M63: =2019-L63 -> 32 | N63: Islam | P63: TAMAT SD/SEDERAJAT | R63: Buruh Harian Lepas
D64: 57 | E64: Rabi'ah | F64: Istri | G64: 520101 4601880001 | H64: P | I64: Kawin | J64: Aik Ampat | K64: 32147 | L64: 1988 | M64: =2019-L64 -> 31 | N64: Islam | P64: TAMAT SD/SEDERAJAT | R64: Buruh Harian Lepas
D65: 58 | E65: Siti Aisyah | F65: Anak | G65: 520101 4504000004 | H65: P | I65: Belum kawin | J65: Bawak Gunung | K65: 39543 | L65: 2008 | M65: =2019-L65 -> 11 | N65: Islam | P65: BELUM TAMAT SD/SEDERAJAT | R65: Pelajar / Mahasiswa
B66: 23 | C66: 520101 0703160002 | D66: 59 | E66: Saparudin | F66: KK | G66: 520101 1604890001 | H66: L | I66: Kawin | J66: Bawak Gunung | K66: 32614 | L66: 1989 | M66: =2019-L66 -> 30 | N66: Islam | P66: TAMAT SD/SEDERAJAT | R66: Buruh Harian Lepas
D67: 60 | E67: Sriatun | F67: Istri | G67: 520101 7112850083 | H67: P | I67: Kawin | J67: Dasan Geres | K67: 31412 | L67: 1985 | M67: =2019-L67 -> 34 | N67: Islam | P67: SLTP/SEDERAJAT | R67: Buruh Harian Lepas
D68: 61 | E68: Siti Ulpina | F68: Anak | G68: 520101 4205100002 | H68: P | I68: Belum kawin | J68: Dasan Geres | K68: 40214 | L68: 2010 | M68: =2019-L68 -> 9 | N68: Islam | P68: TIDAK/BLM SEKOLAH | R68: Belum /Tidak Bekerja
B69: 24 | C69: 520101 2604120018 | D69: 62 | E69: Sanisah | F69: KK | G69: 520101 3112560055 | H69: L | I69: Kawin | J69: Bawak Gunung | K69: 20454 | L69: 1955 | M69: =2019-L69 -> 64 | N69: Islam | O69: Sasak | P69: TIDAK/BLM SEKOLAH | R69: Buruh Harian Lepas
D70: 63 | E70: Sukinah | F70: Istri | G70: 520101 7112820142 | H70: P | I70: Kawin | J70: Aik Ampat | K70: 21550 | L70: 1958 | M70: =2019-L70 -> 61 | N70: Islam | O70: Sasak | P70: TIDAK/BLM SEKOLAH | R70: Buruh Harian Lepas
D71: 64 | E71: Sitah | F71: Anak | G71: 520101 4101820004 | H71: P | I71: Belum kawin | J71: Aik Ampat | K71: 29952 | L71: 1982 | M71: =2019-L71 -> 37 | N71: Islam | O71: Sasak | P71: TIDAK/BLM SEKOLAH | R71: Buruh Harian Lepas
B72: 25 | C72: 520101 0503088096 | D72: 65 | E72: Badri | F72: KK | G72: 520101 0107670708 | H72: L | I72: Kawin | J72: Bawak Gunung | K72: 21002 | L72: 1957 | M72: =2019-L72 -> 62 | N72: Islam | O72: Sasak | P72: TIDAK/BLM SEKOLAH | R72: Buruh Harian Lepas
D73: 66 | E73: Rabiah | F73: Istri | G73: 520101 4107770532 | H73: P | I73: Kawin | J73: Bawak Gunung | K73: 28307 | L73: 1977 | M73: =2019-L73 -> 42 | N73: Islam | O73: Sasak | P73: TIDAK/BLM SEKOLAH | R73: Buruh Harian Lepas
B74: 26 | D74: 67 | E74: Minaye | F74: KK | G74: 0 | H74: P | I74: Kawin | K74: 19176 | L74: =YEAR(K74) -> 1952 | M74: =2019-L74 -> 67 | N74: Islam | P74: - | R74: Pekerja lepas
B75: 27 | D75: 68 | E75: Samsudin | F75: KK | G75: 520101 3112600003 | H75: L | I75: - | K75: 22281 | L75: =YEAR(K75) -> 1960 | M75: =2019-L75 -> 59 | N75: Islam | P75: - | R75: Pekerja lepas
D76: 69 | E76: Khalidi | F76: Anak | G76: 520101 2003840001 | H76: L | I76: Belum kawin | K76: 31036 | L76: =YEAR(K76) -> 1984 | M76: =2019-L76 -> 35 | N76: Islam | P76: SLTA/MA | R76: Pekerja lepas
B77: 28 | C77: 520101 1207110010 | D77: 70 | E77: Ali | F77: KK | G77: 520101 3112680126 | H77: L | I77: Kawin | J77: Bawak Gunung | K77: 25203 | L77: 1968 | M77: =2019-L77 -> 51 | N77: Islam | P77: TAMAT SD/SEDERAJAT | R77: Buruh Harian Lepas
D78: 71 | E78: Amnah | F78: Istri | G78: 520101 7112710070 | H78: P | I78: Kawin | J78: Bawak Gunung | K78: 26298 | L78: 1971 | M78: =2019-L78 -> 48 | N78: Islam | P78: TAMAT SD/SEDERAJAT | R78: Buruh Harian Lepas
D79: 72 | E79: Nursanti | F79: Anak | G79: 520101 5011990004 | H79: P | I79: Belum kawin | J79: Bawak Gunung | K79: 36474 | L79: 1999 | M79: =2019-L79 -> 20 | N79: Islam | P79: BELUM TAMAT SD/SEDERAJAT | R79: Pelajar / Mahasiswa
B80: 29 | C80: 520101 3011690008 | D80: 73 | E80: Samiun | F80: KK | G80: 520101 3112570008 | H80: L | I80: Kawin | J80: Aik Ampat | K80: 21185 | L80: 1957 | M80: =2019-L80 -> 62 | N80: Islam | P80: TAMAT SD/SEDERAJAT | R80: Buruh Harian Lepas
D81: 74 | E81: Mukminah | F81: Istri | G81: 520101 7112600008 | H81: P | I81: Kawin | J81: Aik Ampat | K81: 22281 | L81: 1960 | M81: =2019-L81 -> 59 | N81: Islam | P81: TAMAT SD/SEDERAJAT | R81: Buruh Harian Lepas
D82: 75 | E82: Ismiatun | F82: Anak | G82: 520101 4911920001 | H82: P | I82: Belum kawin | J82: Aik Ampat | K82: 33916 | L82: 1992 | M82: =2019-L82 -> 27 | N82: Islam | P82: SLTA/SEDERAJAT | R82: Pelajar / Mahasiswa
D83: 76 | E83: Bihani | F83: Anak | G83: 520101 6009970001 | H83: P | I83: Belum kawin | J83: Aik Ampat | K83: 35693 | L83: 1997 | M83: =2019-L83 -> 22 | N83: Islam | P83: SLTP/SEDERAJAT | R83: Pelajar / Mahasiswa
D84: 77 | E84: Nadia Pebrianti | F84: Anak | G84: 520101 4702040001 | H84: P | I84: Belum kawin | J84: Aik Ampat | K84: 38024 | L84: 2004 | M84: =2019-L84 -> 15 | N84: Islam | P84: TIDAK/BLM SEKOLAH | R84: Belum /Tidak Bekerja
B85: 30 | C85: 520101 2705130010 | D85: 78 | E85: Sopian | F85: KK | G85: 520101 2511820002 | H85: L | I85: Kawin | J85: Aik Ampat | K85: 30280 | L85: 1982 | M85: =2019-L85 -> 37 | N85: Islam | P85: SLTP/SEDERAJAT | R85: Wiraswasta
D86: 79 | E86: Rohani | F86: Istri | G86: 520101 4107860450 | H86: P | I86: Kawin | J86: Aik Ampat | K86: 31594 | L86: 1986 | M86: =2019-L86 -> 33 | N86: Islam | P86: TAMAT SD/SEDERAJAT | R86: Mengurus Rumah Tangga
D87: 80 | E87: Siti Alini | F87: Anak | G87: 520101 6305090003 | H87: P | I87: Belum kawin | J87: Aik Ampat | K87: 39956 | L87: 2009 | M87: =2019-L87 -> 10 | N87: Islam | P87: TIDAK/BLM SEKOLAH | R87: Belum /Tidak Bekerja
D88: 81 | E88: Siti Alina | F88: Anak | G88: 520101 6305090002 | H88: P | I88: Belum kawin | J88: Aik Ampat | K88: 39956 | L88: 2009 | M88: =2019-L88 -> 10 | N88: Islam | P88: TIDAK/BLM SEKOLAH | R88: Belum /Tidak Bekerja
B89: 31 | C89: 520101 1909140006 | D89: 82 | E89: Mu'az | F89: KK | G89: 520101 1704770001 | H89: L | I89: Kawin | J89: Bawak Gunung | K89: 27866 | L89: 1976 | M89: =2019-L89 -> 43 | N89: Islam | O89: Sasak | P89: SD/MI | R89: Wiraswasta
D90: 83 | E90: Marhamah | F90: Istri | G90: 520101 4910790001 | H90: P | I90: Kawin | J90: Aik Ampat | K90: 28855 | L90: 1978 | M90: =2019-L90 -> 41 | N90: Islam | O90: Sasak | P90: SLTP/SEDERAJAT | R90: Wiraswasta
D91: 84 | E91: M. Sardian Afrizal | F91: Anak | G91: 520101 1504000005 | H91: L | I91: Belum kawin | J91: Bawak Gunung | K91: 36631 | L91: 2000 | M91: =2019-L91 -> 19 | N91: Islam | O91: Sasak | P91: SLTP/SEDERAJAT | R91: Pelajar / Mahasiswa
D92: 85 | E92: Hayatun Nufus | F92: Anak | G92: 520101 4103050003 | H92: P | I92: Belum kawin | J92: Bawak Gunung | K92: 38412 | L92: 2005 | M92: =2019-L92 -> 14 | N92: Islam | O92: Sasak | P92: BELUM TAMAT SD/SEDERAJAT | R92: Pelajar / Mahasiswa
D93: 86 | E93: Ilma Nafi'a | F93: Anak | G93: 520101 6904150001 | H93: P | I93: Belum kawin | J93: Bawak Gunung | K93: 42123 | L93: 2015 | M93: =2019-L93 -> 4 | N93: Islam | O93: Sasak | P93: TIDAK/BLM SEKOLAH | R93: Pelajar / Mahasiswa
B94: 32 | D94: 87 | E94: Hajjah Ropiah | F94: KK | G94: 0 | H94: P | I94: Janda | K94: 23193 | L94: =YEAR(K94) -> 1963 | M94: =2019-L94 -> 56 | N94: Islam | P94: - | R94: Pedagang
B95: 33 | C95: 520101 2502150030 | D95: 88 | E95: Mutmainah | F95: KK | G95: 520101 7112670215 | H95: P | I95: Belum kawin | J95: Bawak Gunung | K95: 24837 | L95: 1967 | M95: =2019-L95 -> 52 | N95: Islam | P95: TAMAT SD/SEDERAJAT | R95: Buruh Harian Lepas
D96: 89 | E96: Miwah | F96: Famili Lain | G96: 520101 7112680214 | H96: P | I96: Cerai Mati | J96: Bawak Gunung | K96: 25203 | L96: 1968 | M96: =2019-L96 -> 51 | N96: Islam | P96: TAMAT SD/SEDERAJAT | R96: Buruh Harian Lepas
B97: 34 | C97: 520101 1603170002 | D97: 90 | E97: Sahdi | F97: KK | G97: 520101 3112770075 | H97: L | I97: Kawin | J97: Bawak Gunung | K97: 28490 | L97: 1977 | M97: =2019-L97 -> 42 | N97: Islam | O97: Sasak | P97: SD/MI | R97: Wiraswasta
D98: 91 | E98: Masiah | F98: Istri | G98: 520101 4302770001 | H98: P | I98: Kawin | J98: Bawak Gunung | K98: 28159 | L98: 1977 | M98: =2019-L98 -> 42 | N98: Islam | O98: Sasak | P98: SD/MI | R98: Buruh Harian Lepas
D99: 92 | E99: Sopian Hadi | F99: Anak | G99: 520101 0911970001 | H99: L | I99: Belum kawin | J99: Aik Ampat | K99: 36025 | L99: 1998 | M99: =2019-L99 -> 21 | N99: Islam | O99: Sasak | P99: SLTA/MA | R99: Pelajar / Mahasiswa
D100: 93 | E100: Lisa Septiani | F100: Anak | G100: 520101 4801020001 | H100: P | I100: Belum kawin | J100: Aik Ampat | K100: 37503 | L100: 2002 | M100: =2019-L100 -> 17 | N100: Islam | O100: Sasak | P100: SLTP/MTSN | R100: Pelajar / Mahasiswa
D101: 94 | E101: Sohib Sakbani | F101: Anak | G101: 520101 1105170002 | H101: L | I101: Belum kawin | J101: Aik Ampat | K101: 42866 | L101: 2017 | M101: =2019-L101 -> 2 | N101: Islam | O101: Sasak | P101: TIDAK/BLM SEKOLAH | R101: Belum /Tidak Bekerja
...

Sheet RT 04
B1: DATA INDUK PENDUDUK KELURAHAN DASAN GERES
B2: TAHUN 2019
B3: LINGKUNGAN BAWAK GUNUNG
B4: RT 04
B5: No | C5: Nomor KK | D5: Jumlah Jiwa | E5: Nama Lengkap/ Panggilan | F5: Kedudukan dalam Keluarga | G5: NIK | H5: Jenis Kelamin (L/P) | I5: Status Perkawinan | J5: Lahir | M5: Usia | N5: Agama | O5: Etnis | P5: Pendidikan Terakhir | Q5: Jurusan | R5: Pekerjaan
J6: Tempat | K6: Tanggal | L6: Tahun
B8: 1 | C8: 520101 0503089339 | D8: 1 | E8: Cinok | F8: KK | G8: 520101 0107520259 | H8: P | I8: Cerai Mati | J8: Bawak Gunung | K8: 14062 | L8: 1938 | M8: =2019-L8 -> 81 | N8: Islam | O8: Sasak | P8: SD/MI | R8: Buruh Harian Lepas
D9: 2 | E9: Menah | F9: Anak | G9: 520101 4107670168 | H9: P | I9: Cerai Hidup | J9: Bawak Gunung | K9: 24654 | L9: 1967 | M9: =2019-L9 -> 52 | N9: Islam | O9: Sasak | P9: TIDAK/BELUM SKOLAH | R9: Buruh Harian Lepas
D10: 3 | E10: Muhsinin | F10: cucu | G10: 520101 1204970001 | H10: L | I10: Belum kawin | J10: Bawak Gunung | K10: 35532 | L10: 1997 | M10: =2019-L10 -> 22 | N10: Islam | O10: Sasak | P10: SD/MI | R10: Pelajar/Mahasiswa
D11: 4 | E11: Hunaen | F11: Lain-lain | G11: 0 | H11: L | I11: Belum kawin | J11: Bawak Gunung | K11: 37803 | L11: 2003 | M11: =2019-L11 -> 16 | N11: Islam | O11: Sasak | P11: - | R11: -
B12: 2 | C12: 520101 1508120013 | D12: 5 | E12: Mahsin | F12: KK | G12: 520101 1104771001 | H12: L | I12: Kawin | J12: Aik Ampat | K12: 28226 | L12: 1977 | M12: =2019-L12 -> 42 | N12: Islam | O12: Sasak | P12: SD/MI | R12: Buruh Harian Lepas
D13: 6 | E13: Muliaten | F13: Istri | G13: 520101 6004871001 | H13: P | I13: Kawin | J13: Aik Ampat | K13: 31887 | L13: 1987 | M13: =2019-L13 -> 32 | N13: Islam | O13: Sasak | P13: TIDAK/BELUM SKOLAH | R13: Buruh Harian Lepas
D14: 7 | E14: Mayanita | F14: Anak | G14: 520101 4303101001 | H14: L | I14: Belum kawin | J14: Aik Ampat | K14: 40240 | L14: 2010 | M14: =2019-L14 -> 9 | N14: Islam | O14: Sasak | P14: TIDAK/BELUM SKOLAH | R14: Belum/Tidak Bekerja
D15: 8 | E15: M. Hanafi | F15: Anak | G15: 520101 0805111001 | H15: L | I15: Belum kawin | J15: Aik Ampat | K15: 40671 | L15: 2011 | M15: =2019-L15 -> 8 | N15: Islam | O15: Sasak | P15: TIDAK/BELUM SKOLAH | R15: Belum/Tidak Bekerja
B16: 3 | C16: 520101 0503089097 | D16: 9 | E16: Sahidin | F16: KK | G16: 520101 3112741002 | H16: L | I16: Kawin | J16: Bawak Gunung | K16: 27394 | L16: 1974 | M16: =2019-L16 -> 45 | N16: Islam | O16: Sasak | P16: SD/MI | R16: Petani/Pekebun
D17: 10 | E17: Saba'ah | F17: Istri | G17: 520101 4904790003 | H17: P | I17: Kawin | J17: Aik Ampat | K17: 28589 | L17: 1978 | M17: =2019-L17 -> 41 | N17: Islam | O17: Sasak | P17: SD/MI | R17: Mengurus Rumah Tangga
D18: 11 | E18: Saparudin | F18: Anak | G18: 520101 1002930004 | H18: L | I18: Belum kawin | J18: Aik Ampat | K18: 34010 | L18: 1993 | M18: =2019-L18 -> 26 | N18: Islam | O18: Sasak | P18: SD/MI | R18: Buruh Harian Lepas
D19: 12 | E19: Muat Jalil | F19: Anak | G19: 520101 0101081001 | H19: L | I19: Belum kawin | J19: Aik Ampat | K19: 39448 | L19: 2008 | M19: =2019-L19 -> 11 | N19: Islam | O19: Sasak | P19: BELUM TAMAT SD/SEDERAJAT | R19: Pelajar/Mahasiswa
D20: 13 | E20: Rasidah | F20: Lain-lain | G20: 520101 107570365 | H20: P | I20: Janda | J20: Aik Ampat | K20: 22098 | L20: 1960 | M20: =2019-L20 -> 59 | N20: Islam | O20: Sasak | P20: TIDAK/BELUM SKOLAH | R20: Buruh Harian Lepas
B21: 4 | D21: 14 | E21: Saparudin | F21: KK | G21: 0 | H21: L | I21: Duda | K21: 20820 | L21: =YEAR(K21) -> 1956 | M21: =2019-L21 -> 63 | N21: Islam | P21: - | R21: Pekerja lepas
D22: 15 | E22: Minerah | F22: Anak | G22: 0 | H22: P | I22: Janda | K22: 31959 | L22: =YEAR(K22) -> 1987 | M22: =2019-L22 -> 32 | N22: Islam | P22: SD/MI | R22: Pekerja lepas
B23: 5 | D23: 16 | E23: Fadhil | F23: KK | G23: 520101 3112861025 | H23: L | I23: Kawin | K23: 31777 | L23: =YEAR(K23) -> 1986 | M23: =2019-L23 -> 33 | N23: Islam | P23: SLTP/MTSN | R23: Pekerja lepas
D24: 17 | E24: Sumiati | F24: Istri | G24: 520101 7112921007 | H24: P | I24: Kawin | K24: 33969 | L24: =YEAR(K24) -> 1992 | M24: =2019-L24 -> 27 | N24: Islam | P24: SLTP/MTSN | R24: Pekerja lepas
D25: 18 | E25: Naufal Arrasid | F25: Anak | G25: 0 | H25: L | I25: Belum kawin | K25: 42096 | L25: =YEAR(K25) -> 2015 | M25: =2019-L25 -> 4 | N25: Islam | P25: - | R25: -
B26: 6 | D26: 19 | E26: Ayub | F26: KK | G26: 520101 3112650125 | H26: L | I26: Duda | K26: 24107 | L26: =YEAR(K26) -> 1965 | M26: =2019-L26 -> 54 | N26: Islam | P26: - | R26: -
D27: 20 | E27: Murni | F27: Anak | G27: 0 | H27: P | I27: Belum kawin | K27: 26846 | L27: =YEAR(K27) -> 1973 | M27: =2019-L27 -> 46 | N27: Islam | P27: SLTA/MA | R27: Pekerja lepas
D28: 21 | E28: Joni Iskandar | F28: Anak | G28: 520101 0210850002 | H28: L | I28: Belum kawin | K28: 31327 | L28: =YEAR(K28) -> 1985 | M28: =2019-L28 -> 34 | N28: Islam | P28: - | R28: Pekerja lepas
B29: 7 | C29: 520101 2502150042 | D29: 22 | E29: Muhamad Syukur | F29: KK | G29: 520101 2112820001 | H29: L | I29: Kawin | J29: Bawak Gunung | K29: 28855 | L29: 1978 | M29: =2019-L29 -> 41 | N29: Islam | O29: Sasak | P29: SD/MI | R29: Buruh Harian Lepas
D30: 23 | E30: Majenan | F30: Istri | G30: 520101 4107870454 | H30: P | I30: Kawin | J30: Bawak Gunung | K30: 31959 | L30: 1987 | M30: =2019-L30 -> 32 | N30: Islam | O30: Sasak | P30: SD/MI | R30: Buruh Harian Lepas
D31: 24 | E31: Siti Urfina | F31: Anak | G31: 520101 6305120001 | H31: P | I31: Belum kawin | J31: Gerung | K31: 41052 | L31: 2012 | M31: =2019-L31 -> 7 | N31: Islam | O31: Sasak | P31: TIDAK/BELUM SKOLAH | R31: Belum/Tidak Bekerja
B32: 8 | C32: 520101 0503088433 | D32: 25 | E32: Amat | F32: KK | G32: 520101 0107720188 | H32: L | I32: Kawin | J32: Bawak Gunung | K32: 26481 | L32: 1972 | M32: =2019-L32 -> 47 | N32: Islam | O32: Sasak | P32: TIDAK/BELUM SKOLAH | R32: Buruh Harian Lepas
D33: 26 | E33: Caah | F33: Istri | G33: 520101 4107770526 | H33: P | I33: Kawin | J33: Bawak Gunung | K33: 28307 | L33: 1977 | M33: =2019-L33 -> 42 | N33: Islam | O33: Sasak | P33: TIDAK/BELUM SKOLAH | R33: Buruh Harian Lepas
D34: 27 | E34: Jamiah | F34: Orang Tua | G34: 520101 7112400045 | H34: P | I34: Cerai Mati | J34: Bawak Gunung | K34: 14976 | L34: 1940 | M34: =2019-L34 -> 79 | N34: Islam | O34: Sasak | P34: TIDAK/BELUM SKOLAH | R34: Belum/Tidak Bekerja
B35: 9 | C35: 520101 2810120007 | D35: 28 | E35: Mansur | F35: KK | G35: 520101 3112670107 | H35: L | I35: Kawin | J35: Aik Ampat | K35: 25568 | L35: 1969 | M35: =2019-L35 -> 50 | N35: Islam | O35: Sasak | P35: SD/MI | R35: Buruh Tani/Perkebunan
D36: 29 | E36: Murini | F36: Istri | G36: 520101 7112760124 | H36: P | I36: Kawin | J36: Aik Ampat | K36: 28125 | L36: 1976 | M36: =2019-L36 -> 43 | N36: Islam | O36: Sasak | P36: SD/MI | R36: Buruh Tani/Perkebunan
B37: 10 | C37: 520101 0904150005 | D37: 30 | E37: Cenim | F37: KK | G37: 520101 4107570389 | H37: P | I37: Cerai Mati | J37: Bawak Gunung | K37: 21185 | L37: 1957 | M37: =2019-L37 -> 62 | N37: Islam | O37: Sasak | P37: TAMAT SD/SEDERAJAT | R37: Mengurus Rumah Tangga
D38: 31 | E38: Sokni | F38: Anak | G38: 520101 6209880001 | H38: P | I38: Belum kawin | J38: Bawak Gunung | K38: 32408 | L38: 1988 | M38: =2019-L38 -> 31 | N38: Islam | O38: Sasak | P38: TAMAT SD/SEDERAJAT | R38: Buruh Harian Lepas
D39: 32 | E39: Hikmah | F39: Anak | G39: 520101 5303890001 | H39: P | I39: Belum kawin | J39: Bawak Gunung | K39: 32525 | L39: 1989 | M39: =2019-L39 -> 30 | N39: Islam | O39: Sasak | P39: TAMAT SD/SEDERAJAT | R39: Wiraswasta
B40: 11 | C40: 520101 1611090027 | D40: 33 | E40: H. Haerudin | F40: KK | G40: 520101 1107840002 | H40: L | I40: Kawin | J40: Bawak Gunung | K40: 30874 | L40: 1984 | M40: =2019-L40 -> 35 | N40: Islam | O40: Sasak | P40: SD/MI | R40: Wiraswasta
D41: 34 | E41: Mahnam | F41: Istri | G41: 520101 5109860003 | H41: P | I41: Kawin | J41: Bawak Gunung | K41: 31666 | L41: 1986 | M41: =2019-L41 -> 33 | N41: Islam | O41: Sasak | P41: SD/MI | R41: Wiraswasta
D42: 35 | E42: Muhamad Harsil | F42: Anak | G42: 520101 1102070001 | H42: L | I42: Belum kawin | J42: Bawak Gunung | K42: 39124 | L42: 2007 | M42: =2019-L42 -> 12 | N42: Islam | O42: Sasak | P42: TIDAK/BELUM SKOLAH | R42: Belum/Tidak Bekerja
B43: 12 | C43: 520101 1811090035 | D43: 36 | E43: Hamdi | F43: KK | G43: 520101 3112780010 | H43: L | I43: Kawin | J43: Aik Ampat | K43: 28125 | L43: 1976 | M43: =2019-L43 -> 43 | N43: Islam | O43: Sasak | P43: SD/MI | R43: Wiraswasta
D44: 37 | E44: Rohaeni | F44: Istri | G44: 520101 7112770025 | H44: P | I44: Kawin | J44: Aik Ampat | K44: 28490 | L44: 1977 | M44: =2019-L44 -> 42 | N44: Islam | O44: Sasak | P44: SD/MI | R44: Mengurus Rumah Tangga
D45: 38 | E45: Muhammad Fahrain Aziz | F45: Anak | G45: 520101 1904990021 | H45: L | I45: Belum kawin | J45: Dasan Geres | K45: 36269 | L45: 1999 | M45: =2019-L45 -> 20 | N45: Islam | O45: Sasak | P45: SLTP/MTSN | R45: Pelajar/Mahasiswa
D46: 39 | E46: Abdul Muziz Firdaus | F46: Anak | G46: 520101 2407090022 | H46: L | I46: Belum kawin | J46: Gerung | K46: 40018 | L46: 2009 | M46: =2019-L46 -> 10 | N46: Islam | O46: Sasak | P46: TIDAK/BELUM SKOLAH | R46: Belum/Tidak Bekerja
B47: 13 | C47: 520101 0510120002 | D47: 40 | E47: Salman | F47: KK | G47: 520101 0107870253 | H47: L | I47: Kawin | J47: Aik Ampat | K47: 31959 | L47: 1987 | M47: =2019-L47 -> 32 | N47: Islam | O47: Sasak | P47: SD/MI | R47: Wiraswasta
D48: 41 | E48: Saodah | F48: Istri | G48: 520101 4107910123 | H48: P | I48: Kawin | J48: Aik Ampat | K48: 33420 | L48: 1991 | M48: =2019-L48 -> 28 | N48: Islam | O48: Sasak | P48: SD/MI | R48: Mengurus Rumah Tangga
D49: 42 | E49: Saskia Febriana | F49: Anak | G49: 520101 4202100005 | H49: P | I49: Belum kawin | J49: Aik Ampat | K49: 40211 | L49: 2010 | M49: =2019-L49 -> 9 | N49: Islam | O49: Sasak | P49: TIDAK/BELUM SKOLAH | R49: Belum/Tidak Bekerja
B50: 14 | D50: 43 | E50: Haji Asmuni | F50: KK | G50: 520101 3112580005 | H50: L | I50: Kawin | K50: 21550 | L50: =YEAR(K50) -> 1958 | M50: =2019-L50 -> 61 | N50: Islam | P50: - | R50: Petani
D51: 44 | E51: Baiq Mardiah | F51: Istri | G51: 0 | H51: P | I51: Kawin | K51: 24107 | L51: =YEAR(K51) -> 1965 | M51: =2019-L51 -> 54 | N51: Islam | P51: - | R51: Pedagang
D52: 45 | E52: Rohini | F52: Anak | G52: 520101 7112750028 | H52: P | I52: Belum kawin | K52: 27759 | L52: =YEAR(K52) -> 1975 | M52: =2019-L52 -> 44 | N52: Islam | P52: SLTP/MTSN | R52: -
D53: 46 | E53: Suriani | F53: Anak | G53: 520101 7112850032 | H53: P | I53: Belum kawin | K53: 31412 | L53: =YEAR(K53) -> 1985 | M53: =2019-L53 -> 34 | N53: Islam | P53: SLTA/MA | R53: Pedagang
D54: 47 | E54: Muhsinin | F54: Anak | G54: 520101 3112890021 | H54: L | I54: Belum kawin | K54: 32873 | L54: =YEAR(K54) -> 1989 | M54: =2019-L54 -> 30 | N54: Islam | P54: SLTA/MA | R54: Pekerja lepas
D55: 48 | E55: Asniah | F55: Anak | G55: 520101 2005920003 | H55: P | I55: Belum kawin | K55: 33744 | L55: =YEAR(K55) -> 1992 | M55: =2019-L55 -> 27 | N55: Islam | P55: SMA/SLTA | R55: -
B56: 15 | C56: 520101 0503089412 | D56: 49 | E56: H. Mas'ud | F56: KK | G56: 520101 0107570330 | H56: L | I56: Kawin | J56: Bawak Gunung | K56: 21002 | L56: 1957 | M56: =2019-L56 -> 62 | N56: Islam | O56: Sasak | P56: TIDAK/BELUM SKOLAH | R56: Wiraswasta
D57: 50 | E57: Hj. Paridah | F57: Istri | G57: 520101 4107620255 | H57: P | I57: Kawin | J57: Bawak Gunung | K57: 22828 | L57: 1962 | M57: =2019-L57 -> 57 | N57: Islam | O57: Sasak | P57: TIDAK/BELUM SKOLAH | R57: Mengurus Rumah Tangga
B58: 16 | D58: 51 | E58: Haji Abdul Aziz | F58: KK | G58: 520101 0107570330 | H58: L | I58: Kawin | K58: 29403 | L58: =YEAR(K58) -> 1980 | M58: =2019-L58 -> 39 | N58: Islam | P58: SD/MI | R58: Wiraswasta
D59: 52 | E59: Hajjah Ulfayani | F59: Istri | G59: 520101 4107620255 | H59: P | I59: Kawin | K59: 29037 | L59: =YEAR(K59) -> 1979 | M59: =2019-L59 -> 40 | N59: Islam | P59: - | R59: Pekerja lepas
D60: 53 | E60: Zulfasriani Dewi | F60: Anak | G60: 0 | H60: P | I60: Belum kawin | K60: 38138 | L60: =YEAR(K60) -> 2004 | M60: =2019-L60 -> 15 | N60: Islam | P60: SLTA/MA | R60: -
D61: 54 | E61: Aulia Apriani | F61: Anak | G61: 0 | H61: P | I61: Belum kawin | K61: 41010 | L61: =YEAR(K61) -> 2012 | M61: =2019-L61 -> 7 | N61: Islam | P61: - | R61: -
B62: 17 | D62: 55 | E62: Haji Harmaen | F62: KK | G62: 520101 3112400016 | H62: L | I62: Kawin | K62: 14976 | L62: =YEAR(K62) -> 1940 | M62: =2019-L62 -> 79 | N62: Islam | P62: - | R62: Petani
D63: 56 | E63: Hajjah Nuraini | F63: Istri | G63: 520101 7112530007 | H63: P | I63: Kawin | K63: 19724 | L63: =YEAR(K63) -> 1953 | M63: =2019-L63 -> 66 | N63: Islam | P63: - | R63: Petani
D64: 57 | E64: Haji Hendrawan Aziz | F64: Anak | G64: 520101 1102820001 | H64: L | I64: Duda | K64: 29993 | L64: =YEAR(K64) -> 1982 | M64: =2019-L64 -> 37 | N64: Islam | P64: SD/MI | R64: Pekerja lepas
B65: 18 | D65: 58 | E65: Haji Taharidin | F65: KK | G65: 520101 3112400012 | H65: L | I65: Kawin | K65: 14976 | L65: =YEAR(K65) -> 1940 | M65: =2019-L65 -> 79 | N65: Islam | P65: - | R65: Petani
D66: 59 | E66: Peni | F66: Istri | G66: 520101 7112420101 | H66: P | I66: Kawin | K66: 15706 | L66: =YEAR(K66) -> 1942 | M66: =2019-L66 -> 77 | N66: Islam | P66: - | R66: -
D67: 60 | E67: Sahinip | F67: Anak | G67: 520101 7112820018 | H67: P | I67: Janda | K67: 25933 | L67: =YEAR(K67) -> 1970 | M67: =2019-L67 -> 49 | N67: Islam | P67: - | R67: Pekerja lepas
D68: 61 | E68: Sanaah | F68: Anak | G68: 520101 7112840117 | H68: P | I68: Belum kawin | K68: 26664 | L68: =YEAR(K68) -> 1972 | M68: =2019-L68 -> 47 | N68: Islam | P68: - | R68: Pekerja lepas
D69: 62 | E69: Suhaimi | F69: Anak | G69: 520101 3112850043 | H69: L | I69: Belum kawin | K69: 28125 | L69: =YEAR(K69) -> 1976 | M69: =2019-L69 -> 43 | N69: Islam | P69: SD/MI | R69: Pekerja lepas
D70: 63 | E70: Mustaal | F70: Anak | G70: 520101 3112800029 | H70: L | I70: Belum kawin | K70: 31777 | L70: =YEAR(K70) -> 1986 | M70: =2019-L70 -> 33 | N70: Islam | P70: SLTP/MTSN | R70: Pekerja lepas
B71: 19 | D71: 64 | E71: Mueni | F71: KK | G71: 520101 107730002 | H71: L | I71: Kawin | K71: 26856 | L71: =YEAR(K71) -> 1973 | M71: =2019-L71 -> 46 | N71: Islam | P71: - | R71: Pekerja lepas
D72: 65 | E72: Wahyuni | F72: Istri | G72: 520101 4208790001 | H72: P | I72: Kawin | K72: 29089 | L72: =YEAR(K72) -> 1979 | M72: =2019-L72 -> 40 | N72: Islam | P72: - | R72: Pekerja lepas
D73: 66 | E73: Muhammad Aguswari Ardiansyah | F73: Anak | G73: 520101 1708000002 | H73: L | I73: Belum kawin | K73: 40042 | L73: =YEAR(K73) -> 2009 | M73: =2019-L73 -> 10 | N73: Islam | P73: - | R73: -
D74: 67 | E74: Ulmida Oktaviana | F74: Anak | G74: 520101 5710120001 | H74: L | I74: Belum kawin | K74: 41199 | L74: =YEAR(K74) -> 2012 | M74: =2019-L74 -> 7 | N74: Islam | P74: - | R74: -
B75: 20 | C75: 520101 2705111216 | D75: 68 | E75: Badriyah | F75: KK | G75: 520101 4107520320 | H75: P | I75: Cerai Mati | J75: Bawak Gunung | K75: 19176 | L75: 1952 | M75: =2019-L75 -> 67 | N75: Islam | O75: Sasak | P75: TIDAK/BELUM SKOLAH | R75: Buruh Harian Lepas
D76: 69 | E76: Sayadi | F76: Anak | G76: 520101 0709870001 | H76: L | I76: Belum kawin | J76: Bawak Gunung | K76: 31777 | L76: 1986 | M76: =2019-L76 -> 33 | N76: Islam | O76: Sasak | P76: SLTP/MTSN | R76: Buruh Harian Lepas
B77: 21 | D77: 70 | E77: Nursan | F77: KK | G77: 0 | H77: L | I77: Belum kawin | K77: 30133 | L77: =YEAR(K77) -> 1982 | M77: =2019-L77 -> 37 | N77: Islam | P77: SD/MI | R77: Pekerja lepas
B78: 22 | C78: 520101 2910140013 | D78: 71 | E78: HJ. Haerun | F78: KK | G78: 520101 4107620262 | H78: P | I78: Cerai Mati | J78: Bawak Gunung | K78: 22828 | L78: 1982 | M78: =2019-L78 -> 37 | N78: Islam | O78: Sasak | P78: TIDAK/BELUM SKOLAH | R78: Mengurus Rumah Tangga
D79: 72 | E79: Husniah | F79: Anak | G79: 520101 6411900001 | H79: P | I79: Belum kawin | J79: Bawak Gunung | K79: 33389 | L79: 1991 | M79: =2019-L79 -> 28 | N79: Islam | O79: Sasak | P79: PT/Akademi | R79: Pegawai swasta
B80: 23 | C80: 520101 0503089408 | D80: 73 | E80: H. Pahri | F80: KK | G80: 520101 0107670658 | H80: L | I80: Kawin | J80: Bawak Gunung | K80: 24654 | L80: 1961 | M80: =2019-L80 -> 58 | N80: Islam | O80: Sasak | P80: SD/MI | R80: Petani/Pekebun
D81: 74 | E81: Haeriah | F81: Istri | G81: 520101 4804720002 | H81: P | I81: Kawin | J81: Aik Ampat | K81: 23742 | L81: 1964 | M81: =2019-L81 -> 55 | N81: Islam | O81: Sasak | P81: SD/MI | R81: Mengurus Rumah Tangga
D82: 75 | E82: Haeniah | F82: Anak | G82: 520101 6011970001 | H82: P | I82: Belum kawin | J82: Bawak Gunung | K82: 35430 | L82: 1996 | M82: =2019-L82 -> 23 | N82: Islam | O82: Sasak | P82: SLTP/SEDERAJAT | R82: Belum/Tidak Bekerja
B83: 24 | D83: 76 | E83: Misaah | F83: KK | G83: 520101 7112620139 | H83: L | I83: Belum kawin | K83: 23376 | L83: =YEAR(K83) -> 1963 | M83: =2019-L83 -> 56 | N83: Islam | P83: - | R83: Petani
D84: 77 | E84: Dedi Hartono | F84: Anak | G84: 520101 3112930067 | H84: P | I84: Janda | K84: 34334 | L84: =YEAR(K84) -> 1993 | M84: =2019-L84 -> 26 | N84: Islam | P84: SLTA/MA | R84: -
B85: 25 | C85: 520101 2309120006 | D85: 78 | E85: Dahrim | F85: KK | G85: 520101 3112520073 | H85: L | I85: Kawin | J85: Aik Ampat | K85: 19359 | L85: 1952 | M85: =2019-L85 -> 67 | N85: Islam | O85: Sasak | P85: TIDAK/BELUM SKOLAH | R85: Petani/Pekebun
D86: 79 | E86: Nurmin | F86: Istri | G86: 520101 7112570080 | H86: P | I86: Kawin | J86: Aik Ampat | K86: 21185 | L86: 1957 | M86: =2019-L86 -> 62 | N86: Islam | O86: Sasak | P86: TIDAK/BELUM SKOLAH | R86: Petani/Pekebun
B87: 26 | C87: 520101 2612120007 | D87: 80 | E87: Jinmin | F87: KK | G87: 520101 0104820005 | H87: L | I87: Kawin | J87: Aik Ampat | K87: 30042 | L87: 1982 | M87: =2019-L87 -> 37 | N87: Islam | O87: Sasak | P87: SLTP/MTSN | R87: Buruh Harian Lepas
D88: 81 | E88: Desi Mayani | F88: Istri | G88: 520101 7112870211 | H88: P | I88: Kawin | J88: Aik Ampat | K88: 32142 | L88: 1987 | M88: =2019-L88 -> 32 | N88: Islam | O88: Sasak | P88: SD/MI | R88: Buruh Harian Lepas
D89: 82 | E89: Muhamad Torip | F89: Anak | G89: 520101 0906131001 | H89: L | I89: Belum kawin | J89: Aik Ampat | K89: 41434 | L89: 2013 | M89: =2019-L89 -> 6 | N89: Islam | O89: Sasak | P89: TIDAK/BELUM SKOLAH | R89: Belum/Tidak Bekerja
B90: 27 | C90: 520101 0503089558 | D90: 83 | E90: Rusdi | F90: KK | G90: 520101 0107720206 | H90: L | I90: Kawin | J90: Aik Ampat Bawak Gunung | K90: 26481 | L90: 1972 | M90: =2019-L90 -> 47 | N90: Islam | O90: Sasak | P90: SD/MI | R90: Buruh Harian Lepas
D91: 84 | E91: Mujisah | F91: Istri | G91: 520101 4107770553 | H91: P | I91: Kawin | J91: Aik Ampat Bawak Gunung | K91: 28307 | L91: 1977 | M91: =2019-L91 -> 42 | N91: Islam | O91: Sasak | P91: SD/MI | R91: Buruh Harian Lepas
D92: 85 | E92: Salman | F92: Anak | G92: 520101 3110931001 | H92: L | I92: Belum kawin | J92: Aik Ampat Bawak Gunung | K92: 34273 | L92: 1993 | M92: =2019-L92 -> 26 | N92: Islam | O92: Sasak | P92: SLTA/MA | R92: Wiraswasta
D93: 86 | E93: Sarpiana | F93: Anak | G93: 520101 2508091001 | H93: P | I93: Belum kawin | J93: Aik Ampat Bawak Gunung | K93: 40050 | L93: 2009 | M93: =2019-L93 -> 10 | N93: Islam | O93: Sasak | P93: TIDAK/BELUM SKOLAH | R93: Belum/Tidak Bekerja
D94: 87 | E94: Muhammad Ilyas | F94: Anak | G94: 520101 1406131001 | H94: L | I94: Belum kawin | J94: Aik Ampat Bawak Gunung | K94: 41439 | L94: 2013 | M94: =2019-L94 -> 6 | N94: Islam | O94: Sasak | P94: TIDAK/BELUM SKOLAH | R94: Belum/Tidak Bekerja
D95: 88 | E95: Rimah | F95: Lain-lain | G95: 0 | H95: L | I95: Duda | J95: Aik Ampat Bawak Gunung | K95: 13697 | L95: 1937 | M95: =2019-L95 -> 82 | N95: Islam | O95: Sasak | P95: TIDAK/BELUM SKOLAH | R95: Belum/Tidak Bekerja
B96: 28 | C96: 520101 0503089437 | D96: 89 | E96: Ayim | F96: KK | G96: 520101 0107620046 | H96: P | I96: Cerai Mati | J96: Bawak Gunung | K96: 18628 | L96: 1950 | M96: =2019-L96 -> 69 | N96: Islam | O96: Sasak | P96: TAMAT SD/SEDERAJAT | R96: Buruh Harian Lepas
D97: 90 | E97: Miskiah | F97: Anak | G97: 520101 1410870001 | H97: P | I97: Belum kawin | J97: Bawak Gunung | K97: 32690 | L97: 1989 | M97: =2019-L97 -> 30 | N97: Islam | O97: Sasak | P97: TAMAT SD/SEDERAJAT | R97: Wiraswasta
B98: 29 | C98: 520101 0503089577 | D98: 91 | E98: H M. Nurul Husni | F98: KK | G98: 520101 1001770001 | H98: L | I98: Kawin | J98: Bawak Gunung | K98: 27039 | L98: 1974 | M98: =2019-L98 -> 45 | N98: Islam | O98: Sasak | P98: SD/MI | R98: Petani/Pekebun
D99: 92 | E99: Samariyah | F99: Istri | G99: 520101 5606861001 | H99: P | I99: Kawin | J99: Aik Ampat | K99: 31579 | L99: 1986 | M99: =2019-L99 -> 33 | N99: Islam | O99: Sasak | P99: TIDAK/BELUM SKOLAH | R99: Mengurus Rumah Tangga
D100: 93 | E100: Siti Sadariyah | F100: Anak | G100: 520101 4206981001 | H100: P | I100: Belum kawin | J100: Bawak Gunung | K100: 35948 | L100: 1998 | M100: =2019-L100 -> 21 | N100: Islam | O100: Sasak | P100: SLTP/MTSN | R100: Pelajar/Mahasiswa
D101: 94 | E101: Siti Suhada | F101: Anak | G101: 520101 5908041001 | H101: P | I101: Belum kawin | J101: Bawak Gunung | K101: 38218 | L101: 2004 | M101: =2019-L101 -> 15 | N101: Islam | O101: Sasak | P101: SLTP/MTSN | R101: Pelajar/Mahasiswa
...

Sheet Jumlah Semua
A1: 116 | C1: 360
A2: 63 | C2: 187
A3: 108 | C3: 288
A4: 48 | C4: 150
A5: =SUM(A1:A4) -> 335 | C5: =SUM(C1:C4) -> 985

Sheet Pindah Keluar
A4: No. | B4: Nomor KK | C4: Jumlah Jiwa | D4: Nama Lengkap / Panggilan | E4: Kedudukan dalam Keluarga | F4: NIK | G4: Jenis Kelamin (L/P) | H4: Status Perkawinan | I4: Lahir | L4: Usia | M4: Agama | N4: Etnis | O4: Pendidikan Terakhir | P4: Jurusan | Q4: Pekerjaan | R4: Cacat | T4: Ada / Tidak
I5: Tempat | J5: Tanggal | K5: Tahun | R5: Mental | S5: Fisik | T5: KK | U5: KTP/KIA | V5: Buku Nikah | W5: Akte Kelahiran
C7: 263 | D7: Mukinah | E7: Lain-lain | F7: 0 | G7: P | H7: Janda | J7: 31-21-1956 | L7: =2019-K7 -> 2019 | M7: Islam | O7: - | Q7: -
C8: 151 | D8: Kameran | E8: Anak | F8: 520101 4107470061 | G8: P | H8: Janda | J8: 17349 | L8: =2019-K8 -> 2019 | M8: Islam | O8: - | Q8: -
C9: 205 | D9: Muhsinin Haji | E9: Anak | F9: 0 | G9: L | H9: Belum kawin | J9: 32880 | L9: =2019-K9 -> 2019 | M9: Islam | O9: SLTA/MA | Q9: Pekerja lepas
C10: 249 | D10: Mislah | E10: Lain-Lain | F10: 520101 4405750002 | G10: P | H10: Janda | J10: 20917 | L10: =2019-K10 -> 2019 | M10: Islam | O10: - | Q10: -
C11: 13 | D11: Vera Pasira | E11: Anak | F11: 520101 4206971001 | G11: P | H11: Belum kawin | J11: 35467 | L11: =2019-K11 -> 2019 | M11: Islam | O11: SD/MI | Q11: -
C12: 134 | D12: Paidawati | E12: Anak | F12: 520101 8004990001 | G12: P | H12: Kawin | J12: 36437 | L12: =2019-K12 -> 2019 | M12: Islam | O12: SLTA/MA | Q12: -
C13: 81 | D13: Yusup S.Pd | E13: Anak | F13: 520101 3112841012 | G13: L | H13: Belum kawin | J13: 31047 | L13: =2019-K13 -> 2019 | M13: Islam | O13: PT/Akademi | Q13: Pegawai swasta
C14: 173 | D14: Haji Haris | E14: Lain-lain | F14: 520101 3112280175 | G14: L | H14: Belum kawin | J14: 32873 | L14: =2019-K14 -> 2019 | M14: Islam | O14: SLTA/MA | Q14: Pekerja lepas
C15: 189 | D15: Hikmah | E15: Anak | F15: 520101 4505930003 | G15: P | H15: Belum kawin | I15: Aik Ampat | J15: 34094 | K15: 1993 | L15: =2019-K15 -> 26 | M15: Islam | N15: Sasak | O15: TAMAT SD/SEDERAJAT | Q15: Wiraswasta
C16: 94 | D16: Aini | E16: Anak | F16: 520101 6505980001 | G16: P | H16: Belum kawin | I16: Aik Ampat | J16: 35940 | L16: =2019-K16 -> 2019 | M16: Islam | O16: SLTA/MA | Q16: -
C17: 283 | D17: Nurfatilawati | E17: Anak | F17: 520101 4208050001 | G17: P | H17: Belum kawin | J17: 33486 | K17: 1991 | L17: =2019-K17 -> 28 | M17: Islam | N17: Sasak | O17: PT/Akademi | Q17: Pegawai swasta
C18: 147 | D18: Jamilah | E18: Anak | F18: 520101 4404940001 | G18: P | H18: Belum kawin | I18: Bawak Gunung | J18: 34598 | K18: 1994 | L18: =2019-K18 -> 25 | M18: Islam | N18: Sasak | O18: SLTA/MA | Q18: -
C19: 133 | D19: Misaah | E19: Lain-lain | F19: 520101 6110940002 | G19: P | H19: Belum kawin | I19: Bawak Gunung | J19: 34488 | K19: 1994 | L19: =2019-K19 -> 25 | M19: Islam | N19: Sasak | O19: SLTP/MTSN | Q19: Belum/Tidak Bekerja
C20: 75 | D20: Suriatiniya | E20: Anak | F20: 520101 7112840104 | G20: P | H20: Belum kawin | I20: Bawak Gunung | J20: 31047 | K20: 1984 | L20: =2019-K20 -> 35 | M20: Islam | N20: Sasak | O20: PT/Akademi

Sheet Meninggal
A4: No. | B4: Nomor KK | C4: Jumlah Jiwa | D4: Nama Lengkap / Panggilan | E4: Kedudukan dalam Keluarga | F4: NIK | G4: Jenis Kelamin (L/P) | H4: Status Perkawinan | I4: Lahir | L4: Usia | M4: Agama | N4: Etnis | O4: Pendidikan Terakhir | P4: Jurusan | Q4: Pekerjaan | R4: Cacat | T4: Ada / Tidak
I5: Tempat | J5: Tanggal | K5: Tahun | R5: Mental | S5: Fisik | T5: KK | U5: KTP/KIA | V5: Buku Nikah | W5: Akte Kelahiran
C7: 254 | D7: Rosaal Jannah | E7: Anak | F7: 0 | G7: P | H7: Belum kawin | J7: 42126 | L7: =2019-K7 -> 2019 | M7: Islam | O7: - | Q7: -
C8: 309 | D8: Meluk | E8: Lain-Lain | F8: 520101 4107620247 | G8: P | H8: Janda | J8: 31-12-1942 | L8: =2019-K8 -> 2019 | M8: Islam | O8: - | Q8: Pekerja lepas
C9: 151 | D9: Sinarah | E9: Lainnya | F9: 0 | G9: P | H9: Janda | J9: 21557 | L9: =2019-K9 -> 2019 | M9: Islam | O9: - | Q9: Pekerja lepas
C10: 103 | D10: Sakyah | E10: KK | F10: 520101 0104470218 | G10: P | H10: Janda | I10: Bawak Gunung | J10: 13697 | K10: 1937 | L10: =2019-K10 -> 82 | M10: Islam | N10: Sasak | O10: TIDAK/BLM SEKOLAH | Q10: Buruh Harian Lepas
C11: 188 | D11: Munzir | E11: Anak | F11: 520101 1011900002 | G11: L | H11: Belum kawin | I11: Aik Ampat | J11: 33187 | K11: 1990 | L11: =2019-K11 -> 29 | M11: Islam | N11: Sasak | O11: TAMAT SD/SEDERAJAT | Q11: Wiraswasta
C12: 367 | D12: Sahabudin | E12: KK | F12: 520101 0107670673 | G12: L | H12: Kawin | I12: Bawak Gunung | J12: 24654 | K12: 1967 | L12: =2019-K12 -> 52 | M12: Islam | N12: Sasak | O12: - | Q12: Buruh Harian Lepas
D13: 263 | E13: Satman | F13: KK | G13: 520101 3112851009 | H13: L | I13: Kawin | J13: Aik Ampat | K13: 31412 | M13: =2019-L13 -> 2019 | N13: Islam | O13: Sasak | P13: - | R13: Pekerja lepas
