Workbook
Name _GoBack: 'RT 01'!$J$167

Sheet Rekap
C3: Jumlah Penduduk | E3: Total | F3: Jumlah KK | H3: Total | I3: Jumlah Duda / Janda | K3: Total | L3: Jumlah Lansia ( =>60 ) | N3: Total
C4: L | D4: P | F4: L | G4: P | I4: L | J4: P | L4: L | M4: P
B5: RT 1 | C5: =COUNTIF('RT 01'!$E$6:$E$209,"L") -> 108 | D5: =COUNTIF('RT 01'!$E$6:$E$209,"P") -> 96 | E5: =SUM(C5:D5) -> 204 | F5: =COUNTIFS('RT 01'!$M$6:$M$209,"KK",'RT 01'!$E$6:$E$209,"L") -> 50 | G5: =COUNTIFS('RT 01'!$M$6:$M$209,"KK",'RT 01'!$E$6:$E$209,"P") -> 0 | H5: =SUM(F5:G5) -> 50 | I5: =COUNTIFS('RT 01'!$F$6:$F$209,"Cerai Mati",'RT 01'!$E$6:$E$209,"L")+COUNTIFS('RT 01'!$F$6:$F$209,"Cerai Hidup",'RT 01'!$E$6:$E$209,"L") -> 0 | J5: =COUNTIFS('RT 01'!$F$6:$F$209,"Cerai Mati",'RT 01'!$E$6:$E$209,"P")+COUNTIFS('RT 01'!$F$6:$F$209,"Cerai Hidup",'RT 01'!$E$6:$E$209,"P") -> 0 | K5: =SUM(I5:J5) -> 0 | N5: =SUM(L5:M5) -> 0
B6: RT 2 | C6: =COUNTIF('RT 02'!$E$4:$E$252,"L") -> 135 | D6: =COUNTIF('RT 02'!$E$4:$E$252,"P") -> 113 | E6: =SUM(C6:D6) -> 248 | F6: =COUNTIFS('RT 02'!$M$4:$M$252,"KK",'RT 02'!$E$4:$E$252,"L") -> 59 | G6: =COUNTIFS('RT 02'!$M$4:$M$252,"KK",'RT 02'!$E$4:$E$252,"P") -> 3 | H6: =SUM(F6:G6) -> 62 | I6: =COUNTIFS('RT 02'!$F$4:$F$251,"Cerai Mati",'RT 02'!$E$4:$E$251,"L")+COUNTIFS('RT 02'!$F$4:$F$251,"Cerai Hidup",'RT 02'!$E$4:$E$251,"L") -> 0 | J6: =COUNTIFS('RT 02'!$F$4:$F$251,"Cerai Mati",'RT 02'!$E$4:$E$251,"P")+COUNTIFS('RT 02'!$F$4:$F$251,"Cerai Hidup",'RT 02'!$E$4:$E$251,"P") -> 0 | K6: =SUM(I6:J6) -> 0 | N6: =SUM(L6:M6) -> 0
B7: RT 3 | C7: =COUNTIF('RT 03'!$E$4:$E$275,"L") -> 141 | D7: =COUNTIF('RT 03'!$E$4:$E$275,"P") -> 131 | E7: =SUM(C7:D7) -> 272 | F7: =COUNTIFS('RT 03'!$M$4:$M$275,"KK",'RT 03'!$E$4:$E$275,"L") -> 70 | G7: =COUNTIFS('RT 03'!$M$4:$M$275,"KK",'RT 03'!$E$4:$E$275,"P") -> 2 | H7: =SUM(F7:G7) -> 72 | I7: =COUNTIFS('RT 03'!$F$4:$F$275,"Cerai Mati",'RT 03'!$E$4:$E$275,"L")+COUNTIFS('RT 03'!$F$4:$F$275,"Cerai Hidup",'RT 03'!$E$4:$E$275,"L") -> 0 | J7: =COUNTIFS('RT 03'!$F$4:$F$275,"Cerai Mati",'RT 03'!$E$4:$E$275,"P")+COUNTIFS('RT 03'!$F$4:$F$275,"Cerai Hidup",'RT 03'!$E$4:$E$275,"P") -> 0 | K7: =SUM(I7:J7) -> 0 | N7: =SUM(L7:M7) -> 0
B8: RT 4 | C8: =COUNTIF('RT 04'!$E$4:$E$328,"L") -> 169 | D8: =COUNTIF('RT 04'!$E$4:$E$328,"P") -> 154 | E8: =SUM(C8:D8) -> 323 | F8: =COUNTIFS('RT 04'!$M$4:$M$328,"KK",'RT 04'!$E$4:$E$328,"L") -> 89 | G8: =COUNTIFS('RT 04'!$M$4:$M$328,"KK",'RT 04'!$E$4:$E$328,"P") -> 4 | H8: =SUM(F8:G8) -> 93 | I8: =COUNTIFS('RT 04'!$F$4:$F$328,"Cerai Mati",'RT 04'!$E$4:$E$328,"L")+COUNTIFS('RT 04'!$F$4:$F$328,"Cerai Hidup",'RT 04'!$E$4:$E$328,"L") -> 0 | J8: =COUNTIFS('RT 04'!$F$4:$F$328,"Cerai Mati",'RT 04'!$E$4:$E$328,"P")+COUNTIFS('RT 04'!$F$4:$F$328,"Cerai Hidup",'RT 04'!$E$4:$E$328,"P") -> 0 | K8: =SUM(I8:J8) -> 0 | N8: =SUM(L8:M8) -> 0
B9: RT 5 | C9: =COUNTIF('RT 05'!$E$4:$E$261,"L") -> 128 | D9: =COUNTIF('RT 05'!$E$4:$E$261,"P") -> 127 | E9: =SUM(C9:D9) -> 255 | F9: =COUNTIFS('RT 05'!$M$4:$M$261,"KK",'RT 05'!$E$4:$E$261,"L") -> 64 | G9: =COUNTIFS('RT 05'!$M$4:$M$261,"KK",'RT 05'!$E$4:$E$261,"P") -> 3 | H9: =SUM(F9:G9) -> 67 | I9: =COUNTIFS('RT 05'!$F$4:$F$261,"Cerai Mati",'RT 05'!$E$4:$E$261,"L")+COUNTIFS('RT 05'!$F$4:$F$261,"Cerai Hidup",'RT 05'!$E$4:$E$261,"L") -> 0 | J9: =COUNTIFS('RT 05'!$F$4:$F$261,"Cerai Mati",'RT 05'!$E$4:$E$261,"P")+COUNTIFS('RT 05'!$F$4:$F$261,"Cerai Hidup",'RT 05'!$E$4:$E$261,"P") -> 0 | K9: =SUM(I9:J9) -> 0 | N9: =SUM(L9:M9) -> 0
B10: JUMLAH TOTAL | C10: =SUM(C5:C9) -> 681 | D10: =SUM(D5:D9) -> 621 | E10: =SUM(E5:E9) -> 1302 | F10: =SUM(F5:F9) -> 332 | G10: =SUM(G5:G9) -> 12 | H10: =SUM(H5:H9) -> 344 | I10: =SUM(I5:I9) -> 0 | J10: =SUM(J5:J9) -> 0 | ... N10: =SUM(N5:N9) -> 0

Sheet RT 01
B1: DATA INDUK PENDUDUK KELURAHAN DASAN GERES TAHUN 2015
D2: RT 01
B4: No | D4: Nama Lengkap/ | E4: Jenis Kelamin (L/P) | F4: Status Perkawinan | G4: Tanggal Lahir | H4: Agama | I4: Pendidikan Terakhir | J4: Pekerjaan | K4: Kewarganegaraan | L4: Alamat Lengkap | M4: Kedudukan dalam Keluarga | N4: NIK
D5: Panggilan
B6: 1 | C6: 1 | D6: Amran | E6: L | F6: Kawin | G6: 28713 | H6: Islam | I6: SLTA/MA | J6: PNS/TNI/ POLRI | K6: WNI | L6: Lingkungan Perumda Selatan No 01 RT 01 RW 09 | M6: KK | N6: 520101 1108780002
C7: 2 | D7: Sri Nurani | E7: P | F7: Kawin | G7: 28633 | H7: Islam | I7: SLTA/MA | J7: PNS/TNI/ POLRI | K7: WNI | L7: Lingkungan Perumda Selatan No 01 RT 01 RW 09 | M7: Istri | N7: 520101 6305780001
B8: 2 | C8: 3 | D8: Agus Harianto | E8: L | F8: Kawin | G8: 20927 | H8: Islam | I8: SLTA/MA | J8: Wiraswasta | K8: WNI | L8: Lingkungan Perumda Selatan No 02 RT 01 RW 09 | M8: KK | N8: 520101 1704570001
C9: 4 | D9: Sumi Ati | E9: P | F9: Kawin | G9: 29591 | H9: Islam | I9: SD/MI | J9: - | K9: WNI | L9: Lingkungan Perumda Selatan No 02 RT 01 RW 09 | M9: Istri | N9: 520101 4501010003
C10: 5 | D10: Wendy Damayanti | E10: L | F10: Belum kawin | G10: 31131 | H10: Islam | I10: SLTA/MA | J10: - | K10: WNI | L10: Lingkungan Perumda Selatan No 02 RT 01 RW 09 | M10: Anak | N10: 520101 0503960002
C11: 6 | D11: Aditya Arya Pangestu | E11: P | F11: Belum kawin | G11: 36119 | H11: Islam | I11: SLTP/MTSN | J11: - | K11: WNI | L11: Lingkungan Perumda Selatan No 02 RT 01 RW 09 | M11: Anak | N11: 520101 6512889994
C12: 7 | D12: Giska Arya aryanto | E12: L | F12: Belum kawin | G12: 38474 | H12: Islam | I12: - | J12: - | K12: WNI | L12: Lingkungan Perumda Selatan No 02 RT 01 RW 09 | M12: Anak | N12: 520101 6512880004
C13: 8 | D13: Dwi Putri | E13: P | F13: Belum kawin | G13: 32502 | H13: Islam | I13: SLTA/MA | J13: - | K13: WNI | L13: Lingkungan Perumda Selatan No 02 RT 01 RW 09 | M13: Lain-lain | N13: 520101 6512880004
B14: 3 | C14: 9 | D14: Sabdi | E14: L | F14: Kawin | G14: 29214 | H14: Islam | I14: SD/MI | J14: Wiraswasta | K14: WNI | L14: Lingkungan Perumda Selatan No 03 RT 01 RW 09 | M14: KK | N14: 520101 2512799001
C15: 10 | D15: Sahni | E15: P | F15: Kawin | G15: 31397 | H15: Islam | I15: SLTA/MA | J15: - | K15: WNI | L15: Lingkungan Perumda Selatan No 03 RT 01 RW 09 | M15: Istri | N15: 520101 2612850001
C16: 11 | D16: M. Sopyan Assaufi | E16: L | F16: Belum kawin | G16: 38575 | H16: Islam | I16: - | J16: - | K16: WNI | L16: Lingkungan Perumda Selatan No 03 RT 01 RW 09 | M16: Anak | N16: 520101 1109050001
C17: 12 | D17: Dini Aulia Putri | E17: P | F17: Belum kawin | G17: 39812 | H17: Islam | I17: - | J17: - | K17: WNI | L17: Lingkungan Perumda Selatan No 03 RT 01 RW 09 | M17: Anak | N17: 520101 7012080001
B18: 4 | C18: 13 | D18: Ramli S.Sos | E18: L | F18: Kawin | G18: 26313 | H18: Islam | I18: PT/Akademi | J18: Wiraswasta | K18: WNI | L18: Lingkungan Perumda Selatan No 04 RT 01 RW 09 | M18: KK | N18: 520101 1601720002
C19: 14 | D19: Jumrah S.Pd | E19: P | F19: Kawin | G19: 27759 | H19: Islam | I19: PT/Akademi | J19: Pegawai swasta | K19: WNI | L19: Lingkungan Perumda Selatan No 04 RT 01 RW 09 | M19: Istri | N19: 520101 7112750144
C20: 15 | D20: Raran Paturrahman Ustara | E20: L | F20: Belum kawin | G20: 33446 | H20: Islam | I20: SLTA/MA | J20: - | K20: WNI | L20: Lingkungan Perumda Selatan No 04 RT 01 RW 09 | M20: Anak | N20: 520101 2707940001
C21: 16 | D21: M. Charil Syazwan | E21: L | F21: Belum kawin | G21: 39634 | H21: Islam | I21: - | J21: - | K21: WNI | L21: Lingkungan Perumda Selatan No 04 RT 01 RW 09 | M21: Anak | N21: 520101 1506070001
C22: 17 | D22: M. Bima Azharul Gifari | E22: L | F22: Belum kawin | G22: 40508 | H22: Islam | I22: - | J22: - | K22: WNI | L22: Lingkungan Perumda Selatan No 04 RT 01 RW 09 | M22: Anak | N22: 520101 2611100001
B23: 5 | C23: 18 | D23: Wahid S.Ag | E23: L | F23: Kawin | G23: 26664 | H23: Islam | I23: PT/Akademi | J23: PNS/TNI/ POLRI | K23: WNI | L23: Lingkungan Perumda Selatan No 05 RT 01 RW 09 | M23: KK | N23: 520101 3112700032
C24: 19 | D24: Sazmini S.E | E24: P | F24: Kawin | G24: 27029 | H24: Islam | I24: PT/Akademi | J24: PNS/TNI/ POLRI | K24: WNI | L24: Lingkungan Perumda Selatan No 05 RT 01 RW 09 | M24: Istri | N24: 520101 3112730022
C25: 20 | D25: Azfiah B. Hasani | E25: L | F25: Belum kawin | G25: 37651 | H25: Islam | I25: - | J25: - | K25: WNI | L25: Lingkungan Perumda Selatan No 05 RT 01 RW 09 | M25: Anak | N25: 520101 3001030001
C26: 21 | D26: Sholehatun Auliya | E26: P | F26: Belum kawin | G26: 38539 | H26: Islam | I26: -- | J26: - | K26: WNI | L26: Lingkungan Perumda Selatan No 05 RT 01 RW 09 | M26: Anak | N26: 520101 4607050001
B27: 6 | C27: 22 | D27: Erlan Zamroni | E27: L | F27: Kawin | G27: 25765 | H27: Islam | I27: PT/Akademi | J27: Wiraswasta | K27: WNI | L27: Lingkungan Perumda Selatan No 06 RT 01 RW 09 | M27: KK | N27: 520491 1007702002
C28: 23 | D28: Sri Sudariani | E28: P | F28: Kawin | G28: 26868 | H28: Islam | I28: PT/Akademi | J28: PNS/TNI/ POLRI | K28: WNI | L28: Lingkungan Perumda Selatan No 06 RT 01 RW 09 | M28: Istri | N28: 52018 14301730001
C29: 24 | D29: Irzam Haikal Qilbari | E29: L | F29: Belum kawin | G29: 36177 | H29: Islam | I29: SLTP/MTSN | J29: - | K29: WNI | L29: Lingkungan Perumda Selatan No 06 RT 01 RW 09 | M29: Anak | N29: 520101 1701950001
C30: 25 | D30: Irzam Ghivar Kawarizmi | E30: P | F30: Belum kawin | G30: 37642 | H30: Islam | I30: - | J30: - | K30: WNI | L30: Lingkungan Perumda Selatan No 06 RT 01 RW 09 | M30: Anak | N30: 520101 2701020002
B31: 7 | C31: 26 | D31: M. Irham Haji S.Pi | E31: L | F31: Kawin | G31: 25674 | H31: Islam | I31: PT/Akademi | J31: PNS/TNI/ POLRI | K31: WNI | L31: Lingkungan Perumda Selatan No 07 RT 01 RW 09 | M31: KK | N31: 520112 1604700002
C32: 27 | D32: Sahidawan Hajah S.Pi | E32: P | F32: Kawin | G32: 25203 | H32: Islam | I32: PT/Akademi | J32: PNS/TNI/ POLRI | K32: WNI | L32: Lingkungan Perumda Selatan No 07 RT 01 RW 09 | M32: Istri | N32: 520112 7112680067
C33: 28 | D33: Ahmad Mujahidin Irham | E33: L | F33: Belum kawin | G33: 36540 | H33: Islam | I33: SD/MI | J33: - | K33: WNI | L33: Lingkungan Perumda Selatan No 07 RT 01 RW 09 | M33: Anak | N33: 520112 1501000003
C34: 29 | D34: Aditya Dawanta Irham | E34: L | F34: Belum kawin | G34: 37108 | H34: Islam | I34: SD/MI | J34: - | K34: WNI | L34: Lingkungan Perumda Selatan No 07 RT 01 RW 09 | M34: Anak | N34: 520112 0608010002
C35: 30 | D35: Bayu Muliana Dewi | E35: L | F35: Belum kawin | G35: 33154 | H35: Islam | I35: - | J35: - | K35: WNI | L35: Lingkungan Perumda Selatan No 07 RT 01 RW 09 | M35: Anak | N35: 520112 4610900003
C36: 31 | D36: Trio Oktaviani | E36: P | F36: Belum kawin | G36: 34610 | H36: Islam | I36: - | J36: - | K36: WNI | L36: Lingkungan Perumda Selatan No 07 RT 01 RW 09 | M36: Anak | N36: 520112 4310940001
B37: 8 | C37: 32 | D37: Yasir Arhofat | E37: L | F37: Kawin | G37: 29891 | H37: Islam | I37: SLTA/MA | J37: Wiraswasta | K37: WNI | L37: Lingkungan Perumda Selatan No 08 RT 01 RW 09 | M37: KK | N37: 520101 0211811001
C38: 33 | D38: Eva Afriani | E38: P | F38: Kawin | G38: 29335 | H38: Islam | I38: SLTA/MA | J38: Wiraswasta | K38: WNI | L38: Lingkungan Perumda Selatan No 08 RT 01 RW 09 | M38: Istri | N38: 520101 6404801001
C39: 34 | D39: Latisya Aqweena Arhofat | E39: P | F39: Belum kawin | G39: 41426 | H39: Islam | I39: - | J39: - | K39: WNI | L39: Lingkungan Perumda Selatan No 08 RT 01 RW 09 | M39: Anak | N39: 520101 4208131001
B40: 9 | C40: 35 | D40: Aganmadai S.Pd SD | E40: L | F40: Kawin | G40: 23867 | H40: Islam | I40: PT/ Akademi | J40: PNS/TNI/ POLRI | K40: WNI | L40: Lingkungan Perumda Selatan No 09 RT 01 RW 09 | M40: KK | N40: 520101 0509650001
C41: 36 | D41: Mariyanah | E41: P | F41: Kawin | G41: 31-02-1966 | H41: Islam | I41: SLTA/MA | J41: - | K41: WNI | L41: Lingkungan Perumda Selatan No 09 RT 01 RW 09 | M41: Istri | N41: 520101 4102960002
C42: 37 | D42: Irham Hajib Phatoni | E42: L | F42: Belum kawin | G42: 33652 | H42: Islam | I42: SLTA/MA | J42: - | K42: WNI | L42: Lingkungan Perumda Selatan No 09 RT 01 RW 09 | M42: Anak | N42: 520101 1902520001
C43: 38 | D43: Ayu Dian Fatana | E43: P | F43: Belum kawin | G43: 36139 | H43: Islam | I43: SLTA/MA | J43: - | K43: WNI | L43: Lingkungan Perumda Selatan No 09 RT 01 RW 09 | M43: Anak | N43: 520101 5012960002
B44: 10 | C44: 39 | D44: Jariah | E44: L | F44: Kawin | G44: 24839 | H44: Islam | I44: SLTA/MA | J44: PNS/TNI/ POLRI | K44: WNI | L44: Lingkungan Perumda Selatan No 10 RT 01 RW 09 | M44: KK | N44: 520101 0201680002
C45: 40 | D45: Dra.Siti Rahmawati | E45: P | F45: Kawin | G45: 24421 | H45: Islam | I45: PT/ Akademi | J45: - | K45: WNI | L45: Lingkungan Perumda Selatan No 10 RT 01 RW 09 | M45: Istri | N45: 520101 5011560002
C46: 41 | D46: Kartika Jara Dewanta | E46: P | F46: Belum kawin | G46: 35148 | H46: Islam | I46: SLTA/MA | J46: - | K46: WNI | L46: Lingkungan Perumda Selatan No 10 RT 01 RW 09 | M46: Anak | N46: 520101 6403350003
C47: 42 | D47: Dwi S.Eptia Kari | E47: P | F47: Belum kawin | G47: 36414 | H47: Islam | I47: SLTP/MTSN | J47: - | K47: WNI | L47: Lingkungan Perumda Selatan No 10 RT 01 RW 09 | M47: Anak | N47: 520101 5109890001
C48: 43 | D48: Rahman Wahidi | E48: L | F48: Belum kawin | G48: 10-052005 | H48: Islam | I48: - | J48: - | K48: WNI | L48: Lingkungan Perumda Selatan No 10 RT 01 RW 09 | M48: Anak | N48: 520101 1004050004
B49: 11 | C49: 44 | D49: M. Iman Gozali | E49: L | F49: Kawin | G49: 31771 | H49: Islam | I49: SLTA/MA | J49: Pegawai swasta | K49: WNI | L49: Lingkungan Perumda Selatan No 11 RT 01 RW 09 | M49: KK | N49: 520101 2512860002
C50: 45 | D50: Suprihatun | E50: P | F50: Kawin | G50: 29704 | H50: Islam | I50: SLTA/MA | J50: - | K50: WNI | L50: Lingkungan Perumda Selatan No 11 RT 01 RW 09 | M50: Istri | N50: 520101 6804910001
C51: 46 | D51: M. Satya Wirayudha Hermansyah | E51: L | F51: Belum kawin | G51: 40494 | H51: Islam | I51: - | J51: - | K51: WNI | L51: Lingkungan Perumda Selatan No 11 RT 01 RW 09 | M51: Anak | N51: 520101 1211100002
B52: 12 | C52: 47 | D52: I Ketut Naya Merta | E52: L | F52: Kawin | G52: 27255 | H52: Hindu | I52: SLTA/MA | J52: Wiraswasta | K52: WNI | L52: Lingkungan Perumda Selatan No 12 RT 01 RW 09 | M52: KK | N52: 520101 1408740002
C53: 48 | D53: Ni Nyoman Yuliarti | E53: P | F53: Kawin | G53: 29787 | H53: Hindu | I53: SLTA/MA | J53: Wiraswasta | K53: WNI | L53: Lingkungan Perumda Selatan No 12 RT 01RW 09 | M53: Istri | N53: 520101 6007810003
C54: 49 | D54: Gede Dimas Mahardika | E54: L | F54: Belum kawin | G54: 39185 | H54: Hindu | I54: - | J54: - | K54: WNI | L54: Lingkungan Perumda Selatan No 12 RT 01 RW 09 | M54: Anak | N54: 520101 1304070003
C55: 50 | D55: Made Juna Abinaya Pranaja | E55: L | F55: Belum kawin | G55: 41369 | H55: Hindu | I55: - | J55: - | K55: WNI | L55: Lingkungan Perumda Selatan No 12 RT 01 RW 09 | M55: Anak | N55: 520101 0504130001
B56: 13 | C56: 51 | D56: Bambang Amirudin S. Sos | E56: L | F56: Kawin | G56: 28471 | H56: Islam | I56: PT/Akademi | J56: PNS/TNI/ POLRI | K56: WNI | L56: Lingkungan Perumda Selatan No 13 RT 01 RW 09 | M56: KK | N56: 520101 1212770005
C57: 52 | D57: Zulfiana Hilmi S. E | E57: P | F57: Kawin | G57: 30021 | H57: Islam | I57: PT/Akademi | J57: Pegawai swasta | K57: WNI | L57: Lingkungan Perumda Selatan No 13 RT 01 RW 09 | M57: Istri | N57: 520101 5103820002
C58: 53 | D58: M Affan Mirfian | E58: L | F58: Belum kawin | G58: 39665 | H58: Islam | I58: - | J58: - | K58: WNI | L58: Lingkungan Perumda Selatan No 13 RT 01 RW 09 | M58: Anak | N58: 520101 0508080002
C59: 54 | D59: Faiqa Dalila Mirfani | E59: L | F59: Belum kawin | G59: 41032 | H59: Islam | I59: - | J59: - | K59: WNI | L59: Lingkungan Perumda Selatan No 13 RT 01 RW 09 | M59: Anak | N59: 520101 4305120001
B60: 14 | C60: 55 | D60: Agus Priyo Wahyo No | E60: L | F60: Kawin | G60: 25051 | H60: Islam | I60: SLTA/MA | J60: PNS/TNI/ POLRI | K60: WNI | L60: Lingkungan Perumda Selatan No 14 RT 01 RW 09 | M60: KK | N60: 520101 0108880002
C61: 56 | D61: Melas Asih | E61: P | F61: Kawin | G61: 25374 | H61: Islam | I61: SLTA/MA | J61: - | K61: WNI | L61: Lingkungan Perumda Selatan No 14 RT 01 RW 09 | M61: Istri | N61: 520101 6006690001
C62: 57 | D62: Dhias Cahyadi Fimanjaya | E62: L | F62: Belum kawin | G62: 33926 | H62: Islam | I62: SLTA/MA | J62: PNS/TNI/ POLRI | K62: WNI | L62: Lingkungan Perumda Selatan No 14 RT 01 RW 09 | M62: Anak | N62: 520101 1811920001
C63: 58 | D63: Wahyu Aji Rismantoro | E63: L | F63: Belum kawin | G63: 36700 | H63: Islam | I63: SD/MI | J63: - | K63: WNI | L63: Lingkungan Perumda Selatan No 14 RT 01 RW 09 | M63: Anak | N63: 520101 2307000001
C64: 59 | D64: Risma Agmelia Ramadhani | E64: P | F64: Belum kawin | G64: 39340 | H64: Islam | I64: - | J64: - | K64: WNI | L64: Lingkungan Perumda Selatan No 14 RT 01 RW 09 | M64: Anak | N64: 520101 5509070003
B65: 15 | C65: 60 | D65: Juandi Setiawan | E65: L | F65: Kawin | G65: 28138 | H65: Islam | I65: SLTA/MA | J65: PNS/TNI/ POLRI | K65: WNI | L65: Lingkungan Perumda Selatan No 15 RT 01 RW 09 | M65: KK | N65: 520101 1301770502
C66: 61 | D66: Hilyatil Amni S. Sos | E66: P | F66: Kawin | G66: 25799 | H66: Islam | I66: PT/Akademi | J66: PNS/TNI/ POLRI | K66: WNI | L66: Lingkungan Perumda Selatan No 15 RT 01 RW 09 | M66: Istri | N66: 520101 5908700002
C67: 62 | D67: Adrian Marshandy Setiawan | E67: L | F67: Belum kawin | G67: 37955 | H67: Islam | I67: - | J67: - | K67: WNI | L67: Lingkungan Perumda Selatan No 15 RT 01 RW 09 | M67: Anak | N67: 520101 3011030003
C68: 63 | D68: Ayundita Maharani Setiawan | E68: P | F68: Belum kawin | G68: 38338 | H68: Islam | I68: - | J68: - | K68: WNI | L68: Lingkungan Perumda Selatan No 15 RT 01 RW 09 | M68: Anak | N68: 520101 5712040002
C69: 64 | D69: Tristio Royyandi Setiawan | E69: L | F69: Belum kawin | G69: 39332 | H69: Islam | I69: - | J69: - | K69: WNI | L69: Lingkungan Perumda Selatan No 15 RT 01 RW 09 | M69: Anak | N69: 520101 0703070002
B70: 16 | C70: 65 | D70: Kusnadin S. Sos | E70: L | F70: Kawin | G70: 23742 | H70: Islam | I70: PT/Akademi | J70: PNS/TNI/ POLRI | K70: WNI | L70: BTN Pemda, No 16 RT 01 RW 09 | M70: KK | N70: 527105 3112640019
C71: 66 | D71: Nurhayati S.P | E71: L | F71: Kawin | G71: 24743 | H71: Islam | I71: PT/Akademi | J71: - | K71: WNI | L71: Lingkungan Perumda Selatan No 16 RT 01 RW 09 | M71: Istri | N71: 527105 6809670001
C72: 67 | D72: M Kusuma Wardana Putra | E72: P | F72: Belum kawin | G72: 35560 | H72: Islam | I72: SLTA/MA | J72: - | K72: WNI | L72: Lingkungan Perumda Selatan No 16 RT 01 RW 09 | M72: Anak | N72: 527105 1005970001
C73: 68 | D73: Rafly Kusumanegara | E73: L | F73: Belum kawin | G73: 36840 | H73: Islam | I73: SD/MI | J73: - | K73: WNI | L73: Lingkungan Perumda Selatan No 16 RT 01 RW 09 | M73: Anak | N73: 527105 1011000004
C74: 69 | D74: Arya Kusumajaya | E74: L | F74: Belum kawin | G74: 38058 | H74: Islam | I74: - | J74: - | K74: WNI | L74: Lingkungan Perumda Selatan No 16 RT 01 RW 09 | M74: Anak | N74: 527105 1203040002
B75: 17 | C75: 70 | D75: Tazudhin | E75: L | F75: Kawin | G75: 24391 | H75: Islam | I75: SLTA/MA | J75: PNS/TNI/ POLRI | K75: WNI | L75: Lingkungan Perumda Selatan No 17 RT 01 RW 09 | M75: KK | N75: 520101 1111000001
C76: 71 | D76: Nurulaini | E76: P | F76: Kawin | G76: 26037 | H76: Islam | I76: SLTA/MA | J76: - | K76: WNI | L76: Lingkungan Perumda Selatan No 17 RT 01 RW 09 | M76: Istri | N76: 520101 5404710001
C77: 72 | D77: Agung Laksmana Prasetya | E77: L | F77: Belum kawin | G77: 34417 | H77: Islam | I77: SLTA/MA | J77: - | K77: WNI | L77: Lingkungan Perumda Selatan No 17 RT 01 RW 09 | M77: Anak | N77: 520101 2403940001
C78: 73 | D78: M Abi Dwinanto Satrya | E78: L | F78: Belum kawin | G78: 35860 | H78: Islam | I78: SLTP/MTSN | J78: - | K78: WNI | L78: Lingkungan Perumda Selatan No 17 RT 01 RW 09 | M78: Anak | N78: 520101 0803980001
B79: 18 | C79: 74 | D79: Rudi Arianto | E79: L | F79: Kawin | G79: 26734 | H79: Islam | I79: SLTA/MA | J79: Pegawai swasta | K79: WNI | L79: Lingkungan Perumda Selatan No 18 RT 01 RW 09 | M79: KK | N79: 520101 1103770004
C80: 75 | D80: Lilik Nuraeni S.H | E80: P | F80: Kawin | G80: 27115 | H80: Islam | I80: PT/Akademi | J80: Pegawai swasta | K80: WNI | L80: Lingkungan Perumda Selatan No 18 RT 01 RW 09 | M80: Istri | N80: 520101 6703710001
C81: 76 | D81: Gavin Akbar Arianto | E81: L | F81: Belum kawin | G81: 39024 | H81: Islam | I81: - | J81: - | K81: WNI | L81: Lingkungan Perumda Selatan No 18 RT 01 RW 09 | M81: Anak | N81: 520101 0311050001
C82: 77 | D82: Fathan Aprilio Arianto | E82: L | F82: Belum kawin | G82: 40645 | H82: Islam | I82: - | J82: - | K82: WNI | L82: Lingkungan Perumda Selatan No 18 RT 01 RW 09 | M82: Anak | N82: 520101 1304710001
B83: 19 | C83: 78 | D83: Firman Ardiansyah | E83: L | F83: Kawin | G83: 29945 | H83: Islam | I83: PT/Akademi | J83: Pegawai swasta | K83: WNI | L83: Lingkungan Perumda Selatan No 19 RT 01 RW 09 | M83: KK | N83: 527102 2512610002
C84: 79 | D84: Nuraini | E84: P | F84: Kawin | G84: 30232 | H84: Islam | I84: PT/Akademi | J84: - | K84: WNI | L84: Lingkungan Perumda Selatan No 19 RT 01 RW 09 | M84: Istri | N84: 527102 4910820004
C85: 80 | D85: M Fadhil Rasyid | E85: L | F85: Belum kawin | G85: 40301 | H85: Islam | I85: - | J85: - | K85: WNI | L85: Lingkungan Perumda Selatan No 19 RT 01 RW 09 | M85: Anak | N85: 527102 0305100002
B86: 20 | C86: 81 | D86: M Zaki S. Pd | E86: L | F86: Kawin | G86: 23376 | H86: Islam | I86: PT/Akademi | J86: PNS/TNI/ POLRI | K86: WNI | L86: Lingkungan Perumda Selatan No 20 RT 01 RW 09 | M86: KK | N86: 520101 0107630077
C87: 82 | D87: Siti Arifatul Khikmah S. Pd | E87: P | F87: Kawin | G87: 23812 | H87: Islam | I87: PT/Akademi | J87: PNS/TNI/ POLRI | K87: WNI | L87: Lingkungan Perumda Selatan No 20 RT 01 RW 09 | M87: Istri | N87: 520101 5103550001
C88: 83 | D88: M Riza Abdillah | E88: L | F88: Belum kawin | G88: 32304 | H88: Islam | I88: PT/Akademi | J88: Wiraswasta | K88: WNI | L88: Lingkungan Perumda Selatan No 20 RT 01 RW 09 | M88: Anak | N88: 520101 1605880001
C89: 84 | D89: M Rifki Abdillah | E89: L | F89: Belum kawin | G89: 33683 | H89: Islam | I89: PT/Akademi | J89: Wiraswasta | K89: WNI | L89: Lingkungan Perumda Selatan No 20 RT 01 RW 09 | M89: Anak | N89: 520101 2003820001
C90: 85 | D90: Yuda Dinantoro S. Pd | E90: L | F90: Belum kawin | G90: 32621 | H90: Islam | I90: PT/Akademi | J90: Wiraswasta | K90: WNI | L90: Lingkungan Perumda Selatan No 20 RT 01 RW 09 | M90: Lain-lain | N90: 520101 2304890001
B91: 21 | C91: 86 | D91: Ihwan Jaelani | E91: L | F91: Kawin | G91: 29691 | H91: Islam | I91: PT/Akademi | J91: Pegawai swasta | K91: WNI | L91: Lingkungan Perumda Selatan No 21 RT 01 RW 09 | M91: KK | N91: 527103 1504810001
C92: 87 | D92: Husmiati | E92: P | F92: Kawin | G92: 30500 | H92: Islam | I92: PT/Akademi | J92: - | K92: WNI | L92: Lingkungan Perumda Selatan No 21 RT 01 RW 09 | M92: Istri | N92: 527103 4307830002
C93: 88 | D93: Fozia Farahya | E93: P | F93: Belum kawin | G93: 40372 | H93: Islam | I93: - | J93: - | K93: WNI | L93: Lingkungan Perumda Selatan No 21 RT 01 RW 09 | M93: Anak | N93: 527103 5307100002
B94: 22 | C94: 89 | D94: I Nyoman Diana Mahardika | E94: L | F94: Kawin | G94: 29255 | H94: Hindu | I94: SLTA/MA | J94: PNS/TNI/ POLRI | K94: WNI | L94: Lingkungan Perumda Selatan No 22 RT 01 RW 09 | M94: KK | N94: 520101 0482800001
C95: 90 | D95: Ni Putu Eka Prayanti | E95: P | F95: Kawin | G95: 30992 | H95: Hindu | I95: PT/Akademi | J95: PNS/TNI/ POLRI | K95: WNI | L95: Lingkungan Perumda Selatan No 22 RT 01 RW 09 | M95: Istri | N95: 520101 4811840001
C96: 91 | D96: Ni Putu Dianita Damayanti | E96: P | F96: Belum kawin | G96: 39321 | H96: Hindu | I96: - | J96: - | K96: WNI | L96: Lingkungan Perumda Selatan No 22 RT 01 RW 09 | M96: Anak | N96: 520101 6709070001
C97: 92 | D97: I Made Agus Surya Mahardika | E97: L | F97: Belum kawin | G97: 40772 | H97: Hindu | I97: - | J97: - | K97: WNI | L97: Lingkungan Perumda Selatan No 22 RT 01 RW 09 | M97: Anak | N97: 520101 1705110001
B98: 23 | C98: 93 | D98: Herry Sapto No | E98: L | F98: Kawin | G98: 27216 | H98: Islam | I98: SLTA/MA | J98: Pedagang | K98: WNI | L98: Lingkungan Perumda Selatan No 23 RT 01 RW 09 | M98: KK | N98: 527106 0607740005
C99: 94 | D99: BQ Novia Komalasari | E99: P | F99: Kawin | G99: 32475 | H99: Islam | I99: SLTA/MA | J99: - | K99: WNI | L99: Lingkungan Perumda Selatan No 23 RT 01 RW 09 | M99: Istri | N99: 527106 6811880001
C100: 95 | D100: Syahzanani Qistina Hersa | E100: P | F100: Belum kawin | G100: 41464 | H100: Islam | I100: - | J100: - | K100: WNI | L100: Lingkungan Perumda Selatan No 23 RT 01 RW 09 | M100: Anak | N100: 527106 4907130001
B101: 24 | C101: 96 | D101: M Saladi | E101: L | F101: Kawin | G101: 26225 | H101: Islam | I101: SLTA/MA | J101: PNS/TNI/ POLRI | K101: WNI | L101: Lingkungan Perumda Selatan No 24 RT 01 RW 09 | M101: KK | N101: 520101 1910710001
...

Sheet RT 02
B1: DATA INDUK PENDUDUK KELURAHAN DASAN GERES PERUMDA SELATAN RT 02 TAHUN 2015
B2: No | D2: Nama Lengkap/ | E2: Jenis Kelamin (L/P) | F2: Status Perkawinan | G2: Tanggal Lahir | H2: Agama | I2: Pendidikan Terakhir | J2: Pekerjaan | K2: Kewarganegaraan | L2: Alamat Lengkap | M2: Kedudukan dalam Keluarga | N2: NIK
D3: Panggilan
B4: 1 | C4: 1 | D4: Haji Soedirman | E4: L | F4: Kawin | G4: 19507 | H4: Islam | I4: SLTA/MA | J4: Pedagang | K4: WNI | L4: Lingkungan Perumda Selatan No 01 RT 02 RW 02 | M4: KK | N4: 520108 201000853
C5: 2 | D5: Hajjah Salmiah | E5: P | F5: Belum kawin | G5: 21185 | H5: Islam | I5: SD/MI | J5: - | K5: WNI | L5: Lingkungan Perumda Selatan No 03 RT 02 RW 02 | M5: Istri | N5: 520108 201000854
B6: 2 | C6: 3 | D6: Marif Murzaki | E6: L | F6: Kawin | G6: 17167 | H6: Islam | I6: SLTA/MA | J6: Pekerja lepas | K6: WNI | L6: Lingkungan Perumda Selatan No 02 RT 02 RW 02 | M6: KK | N6: 520101 3112460014
C7: 4 | D7: Marhana | E7: P | F7: Kawin | G7: 26664 | H7: Islam | I7: SD/MI | J7: Pedagang | K7: WNI | L7: Lingkungan Perumda Selatan No 03 RT 02 RW 02 | M7: Istri | N7: 520101 7112002001
C8: 5 | D8: Slamet Riadi | E8: L | F8: Belum kawin | G8: 29984 | H8: Islam | I8: SLTA/MA | J8: - | K8: WNI | L8: Lingkungan Perumda Selatan No 03 RT 02 RW 02 | M8: Anak | N8: 520101 0202820002
C9: 6 | D9: Nurlaela Zakira | E9: P | F9: Belum kawin | G9: 40810 | H9: Islam | I9: - | J9: - | K9: WNI | L9: Lingkungan Perumda Selatan No 03 RT 02 RW 02 | M9: Anak | N9: 520101 6409110002
B10: 3 | C10: 7 | D10: Edi Kurniawan | E10: L | F10: Kawin | G10: 26464 | H10: Islam | I10: SLTA/MA | J10: Pekerja lepas | K10: WNI | L10: Lingkungan Perumda Selatan No 03 RT 02 RW 02 | M10: KK | N10: 520101 1406720001
C11: 8 | D11: Ni Kadek Ayudani | E11: P | F11: Kawin | G11: 30644 | H11: Islam | I11: SLTA/MA | J11: Lainnya | K11: WNI | L11: Lingkungan Perumda Selatan No 03 RT 02 RW 02 | M11: Istri | N11: 520101 6411830001
C12: 9 | D12: Gede Mohamat Wiratama | E12: L | F12: Belum kawin | G12: 38656 | H12: Islam | I12: - | J12: - | K12: WNI | L12: Lingkungan Perumda Selatan No 03 RT 02 RW 02 | M12: Anak | N12: 520101 3110050001
C13: 10 | D13: Gede Prayoga Cakra Negara K | E13: L | F13: Belum kawin | G13: 41709 | H13: Islam | I13: - | J13: - | K13: WNI | L13: Lingkungan Perumda Selatan No 03 RT 02 RW 02 | M13: Anak | N13: 520101 1103140001
C14: 11 | D14: Waasesa Atmajaya | E14: L | F14: Belum kawin | G14: 35974 | H14: Islam | I14: SD/MI | J14: - | K14: WNI | L14: Lingkungan Perumda Selatan No 03 RT 02 RW 02 | M14: Lainnya | N14: 520101 2806480001
B15: 4 | C15: 12 | D15: I Made Dartana | E15: L | F15: Kawin | G15: 29559 | H15: Hindu | I15: SD/MI | J15: Wiraswasta | K15: WNI | L15: Lingkungan Perumda Selatan No 04 RT 02 RW 02 | M15: KK | N15: 520101 0412800001
C16: 13 | D16: Ni Ketut Dresty | E16: P | F16: Belum kawin | G16: 01-11-1071 | H16: Hindu | I16: SD/MI | J16: Pekerja lepas | K16: WNI | L16: Lingkungan Perumda Selatan No 04 RT 02 RW 02 | M16: Istri | N16: 520101 4111710001
B17: 5 | C17: 14 | D17: M Ali Sadikin | E17: L | F17: Kawin | G17: 30315 | H17: Islam | I17: SLTA/MA | K17: WNI | L17: Lingkungan Perumda Selatan No 05 RT 02 RW 02 | M17: KK | N17: 520101 3012820001
C18: 15 | D18: Sumiati | E18: P | F18: Kawin | G18: 12-12-198 | H18: Islam | I18: SLTA/MA | J18: Wiraswasta | K18: WNI | L18: Lingkungan Perumda Selatan No 05 RT 02 RW 02 | M18: Istri | N18: 000000 00000000000
B19: 6 | C19: 16 | D19: Faisal S.pd | E19: L | F19: Kawin | G19: 10-10-1068 | H19: Islam | I19: PT/Akademi | J19: - | K19: WNI | L19: Lingkungan Perumda Selatan No 06 RT 02 RW 02 | M19: KK | N19: 520101 1010680001
C20: 17 | D20: Eny Rohaida | E20: P | F20: Kawin | G20: 28595 | H20: Islam | I20: PT/Akademi | J20: PNS/TNI/ POLRI | K20: WNI | L20: Lingkungan Perumda Selatan No 06 RT 02 RW 02 | M20: Istri | N20: 520101 5509780001
C21: 18 | D21: Firman Harifanda Hartadi | E21: L | F21: Belum kawin | G21: 35526 | H21: Islam | I21: SLTP/MTSN | J21: - | K21: WNI | L21: Lingkungan Perumda Selatan No 06 RT 02 RW 02 | M21: Anak | N21: 520101 0604970002
C22: 19 | D22: M Taufik Febriansah H | E22: L | F22: Belum kawin | G22: 38022 | H22: Islam | I22: - | J22: - | K22: WNI | L22: Lingkungan Perumda Selatan No 06 RT 02 RW 02 | M22: Anak | N22: 520101 0502040001
C23: 20 | D23: Rizkian Alfaro Mauladi | E23: L | F23: Belum kawin | G23: 42005 | H23: Islam | I23: - | J23: - | K23: WNI | L23: Lingkungan Perumda Selatan No 06 RT 02 RW 02 | M23: Anak | N23: 520101 0101150001
B24: 7 | C24: 21 | D24: Ahmad Sukriman Lalu | E24: L | F24: Kawin | G24: 27164 | H24: Islam | I24: PT/Akademi | J24: PNS/TNI/ POLRI | K24: WNI | L24: Lingkungan Perumda Selatan No 07 RT 02 RW 02 | M24: KK | N24: 520101 1505740003
C25: 22 | D25: Desty Natalia Her Noza S.Adm | E25: P | F25: Kawin | G25: 30309 | H25: Islam | I25: PT/Akademi | J25: PNS/TNI/ POLRI | K25: WNI | L25: Lingkungan Perumda Selatan No 07 RT 02 RW 02 | M25: Istri | N25: 520101 6412820003
C26: 23 | D26: Lalu Alidhio Suryawan A | E26: L | F26: Belum kawin | G26: 38401 | H26: Islam | I26: - | J26: - | K26: WNI | L26: Lingkungan Perumda Selatan No 07 RT 02 RW 02 | M26: Anak | N26: 520101 1802050003
B27: 8 | C27: 24 | D27: Waginan Agi Firmansyah | E27: L | F27: Kawin | G27: 30234 | H27: Islam | I27: SLTP/MTSN | J27: Pekerja Lepas | K27: WNI | L27: Lingkungan Perumda Selatan No 08 RT 02 RW 02 | M27: KK | N27: 520101 211102003
C28: 25 | D28: Munirah Sygun Basri | E28: P | F28: Kawin | G28: 29479 | H28: Islam | I28: SD/MI | J28: - | K28: WNI | L28: Lingkungan Perumda Selatan No 08 RT 02 RW 02 | M28: Istri | N28: 520101 0204500002
C29: 26 | D29: Nuri Wulandari | E29: P | F29: Belum kawin | G29: 06-04-007 | H29: Islam | I29: - | J29: - | K29: WNI | L29: Lingkungan Perumda Selatan No 08 RT 02 RW 02 | M29: Anak | N29: 520101 0204070004
C30: 27 | D30: Nasyatul Laily | E30: P | F30: Belum kawin | G30: 40579 | H30: Islam | I30: - | J30: - | K30: WNI | L30: Lingkungan Perumda Selatan No 08 RT 02 RW 02 | M30: Anak | N30: 520101 8603110002
B31: 9 | C31: 28 | D31: Batiah | E31: P | F31: Kawin | G31: 26298 | H31: Islam | I31: SD/MI | J31: Pegawas swasta | K31: WNI | L31: Lingkungan Perumda Selatan No 09 RT 02 RW 02 | M31: KK | N31: 520101 7112710074
C32: 29 | D32: Zaenudin | E32: L | F32: Kawin | G32: 34012 | H32: Islam | I32: SLTP/MTSN | J32: - | K32: WNI | L32: Lingkungan Perumda Selatan No 09 RT 02 RW 02 | M32: Istri | N32: 520101 1202930004
C33: 30 | D33: Pauzul Hakim | E33: L | F33: Kawin | G33: 35787 | H33: Islam | I33: SD/MI | J33: - | K33: WNI | L33: Lingkungan Perumda Selatan No 09 RT 02 RW 02 | M33: Anak | N33: 520101 2312970001
B34: 10 | C34: 31 | D34: Dian Putra | E34: L | F34: Kawin | G34: 30587 | H34: Islam | I34: SLTA/MA | J34: Pekerja lepas | K34: WNI | L34: Lingkungan Perumda Selatan No 10 RT 02 RW 02 | M34: KK | N34: 520101 2809831011
C35: 32 | D35: Idawati | E35: P | F35: Kawin | G35: 33670 | H35: Islam | I35: SLTA/MA | J35: - | K35: WNI | L35: Lingkungan Perumda Selatan No 10 RT 02 RW 02 | M35: Istri | N35: 520101 4703921001
C36: 33 | D36: Gilang Pratama Saputra | E36: L | F36: Belum kawin | G36: 41453 | H36: Islam | I36: - | J36: - | K36: WNI | L36: Lingkungan Perumda Selatan No 12 RT 02 RW 02 | M36: Anak | N36: 520101 2806131001
B37: 11 | C37: 34 | D37: Ahmad Tamli | E37: L | F37: Kawin | G37: 27023 | H37: Islam | I37: PT/Akademi | J37: Pegawai swasta | K37: WNI | L37: Lingkungan Perumda Selatan No 11 RT 02 RW 02 | M37: KK | N37: 520101 2512730001
C38: 35 | D38: Sri Ariyani | E38: P | F38: Kawin | G38: 28980 | H38: Islam | I38: PT/Akademi | J38: PNS/TNI/ POLRI | K38: WNI | L38: Lingkungan Perumda Selatan No 11 RT 02 RW 02 | M38: Istri | N38: 520101 4505750001
C39: 36 | D39: Aril Ramdan A L Farisi | E39: L | F39: Bwlum kawin | G39: 38630 | H39: Islam | I39: - | J39: - | K39: WNI | L39: Lingkungan Perumda Selatan No 11 RT 02 RW 02 | M39: Anak | N39: 520101 0310050001
C40: 37 | D40: Aulia Suci Arini | E40: P | F40: Belum kawin | G40: 38630 | H40: Islam | I40: - | J40: - | K40: WNI | L40: Lingkungan Perumda Selatan No 11 RT 02 RW 02 | M40: Anak | N40: 520101 4319950001
C41: 38 | D41: Muhammad Angga Dwi Putra | E41: L | F41: Belum kawin | G41: 40098 | H41: Islam | I41: - | J41: - | K41: WNI | L41: Lingkungan Perumda Selatan No 11 RT 02 RW 02 | M41: Anak | N41: 520101 121009001
C42: 39 | D42: Alnawati | E42: P | F42: Belum kawin | G42: 29951 | H42: Islam | I42: SDMI | J42: - | K42: WNI | L42: Lingkungan Perumda Selatan No 11 RT 02 RW 02 | M42: Lainnya | N42: 000000 00000000000
B43: 12 | C43: 40 | D43: Saiun | E43: L | F43: Kawin | G43: 27770 | H43: Islam | I43: SLTA/MA | J43: PNS/TNI/ POLRI | K43: WNI | L43: Lingkungan Perumda Selatan No 12 RT 02 RW 02 | M43: KK | N43: 520101 110176002
C44: 41 | D44: Hulinatus Sakdiah | E44: P | F44: Kawin | G44: 28605 | H44: Islam | I44: SLTA/MA | J44: PNS/TNI/ POLRI | K44: WNI | L44: Lingkungan Perumda Selatan No 12 RT 02 RW 02 | M44: Istri | N44: 520101 2504780002
C45: 42 | D45: Sajied Rofid Sadi Pratama | E45: L | F45: Belum kawin | G45: 38969 | H45: Islam | I45: - | J45: - | K45: WNI | L45: Lingkungan Perumda Selatan No 12 RT 02 RW 02 | M45: Anak | N45: 520101 0909060003
C46: 43 | D46: Zhayyan Arzaqi Dwi Sadi | E46: L | F46: Belum kawin | G46: 39954 | H46: Islam | I46: - | J46: - | K46: WNI | L46: Lingkungan Perumda Selatan No 12 RT 02 RW 02 | M46: Anak | N46: 520101 2105091001
B47: 13 | C47: 44 | D47: I Gede Subawa | E47: L | F47: Kawin | G47: 23742 | H47: Hindu | I47: PT/Akademi | J47: PNS/TNI/ POLRI | K47: WNI | L47: Lingkungan Perumda Selatan No 13 RT 02 RW 02 | M47: KK | N47: 520101 3112640149
C48: 45 | D48: Ni Ketut Tantri S.Pd | E48: P | F48: Kawin | G48: 25933 | H48: Hindu | I48: PT/Akademi | J48: PNS/TNI/ POLRI | K48: WNI | L48: Lingkungan Perumda Selatan No 13 RT 02 RW 02 | M48: Istri | N48: 520101 7112700238
C49: 46 | D49: I Made Teguh Mega Handika | E49: L | F49: Belum kawin | G49: 34874 | H49: Hindu | I49: SLTA/MA | J49: Pegawai swasta | K49: WNI | L49: Lingkungan Perumda Selatan No 13 RT 02 RW 02 | M49: Anak | N49: 520101 2706950003
C50: 47 | D50: Ni Komang Eva Yuniasih | E50: P | F50: Belum kawin | G50: 36682 | H50: Hindu | I50: SD/MI | J50: - | K50: WNI | L50: Lingkungan Perumda Selatan No 13 RT 02 RW 02 | M50: Anak | N50: 520101 4506000002
B51: 14 | C51: 48 | D51: Zainuddin | E51: L | F51: Kawin | G51: 28855 | H51: Islam | I51: SLTA/MA | J51: PNS/TNI/ POLRI | K51: WNI | L51: Lingkungan Perumda Selatan No 14 RT 02 RW 02 | M51: KK | N51: 520101 0608790001
C52: 49 | D52: Nurhayati | E52: P | F52: Kawin | G52: 29426 | H52: Islam | I52: SLTP/MTSN | J52: Pedagang | K52: WNI | L52: Lingkungan Perumda Selatan No 14 RT 02 RW 02 | M52: Istri | N52: 520101 6407300001
C53: 50 | D53: Erika Zain Safitri | E53: P | F53: Belum kawin | G53: 37329 | H53: Islam | I53: SD/MI | J53: - | K53: WNI | L53: Lingkungan Perumda Selatan No 14 RT 02 RW 02 | M53: Anak | N53: 520101 5403020001
C54: 51 | D54: M Arief Rahman Hakim SK | E54: L | F54: Belum kawin | G54: 39403 | H54: Islam | I54: - | J54: - | K54: WNI | L54: Lingkungan Perumda Selatan No 14 RT 02 RW 02 | M54: Anak | N54: 520101 1711070001
C55: 52 | D55: Assyifa Nurhaliza Zain | E55: P | F55: Belum kawin | G55: 41353 | H55: Islam | I55: - | J55: - | K55: WNI | L55: Lingkungan Perumda Selatan No 14 RT 02 RW 02 | M55: Anak | N55: 520101 6003130003
B56: 15 | C56: 53 | D56: M Arhan Pangerang | E56: L | F56: Kawin | G56: 24906 | H56: Islam | I56: SLTA/MA | J56: Wiraswasta | K56: WNI | L56: Lingkungan Perumda Selatan No 15 RT 02 RW 02 | M56: KK | N56: 520101 0905690001
C57: 54 | D57: Erna Rosdiana T | E57: P | F57: Kawin | G57: 24854 | H57: Islam | I57: SLTA/MA | J57: Wiraswasta | K57: WNI | L57: Lingkungan Perumda Selatan No 15 RT 02 RW 02 | M57: Istri | N57: 520101 5701680003
C58: 55 | D58: Satrio Bambang Utomo P | E58: L | F58: Belum kawin | G58: 33633 | H58: Islam | I58: SLTA/MA | J58: - | K58: WNI | L58: Lingkungan Perumda Selatan No 15 RT 02 RW 02 | M58: Anak | N58: 520101 3001720003
C59: 56 | D59: Ardi Prasetyo P | E59: L | F59: Belum kawin | G59: 34627 | H59: Islam | I59: SLTA/MA | J59: - | K59: WNI | L59: Lingkungan Perumda Selatan No 15 RT 02 RW 02 | M59: Anak | N59: 520101 2010940002
C60: 57 | D60: Bagus Aditya P | E60: L | F60: Belum kawin | G60: 36397 | H60: Islam | I60: SLTP/MTSN | J60: - | K60: WNI | L60: Lingkungan Perumda Selatan No 15 RT 02 RW 02 | M60: Anak | N60: 520101 2508890002
B61: 16 | C61: 58 | D61: Sabri S.H | E61: L | F61: Kawin | G61: 27759 | H61: Islam | I61: PT/Akademi | J61: PNS/TNI/ POLRI | K61: WNI | L61: Lingkungan Perumda Selatan No 16 RT 02 RW 02 | M61: KK | N61: 520101 3112750009
C62: 59 | D62: Harniyati | E62: P | F62: Kawin | G62: 29506 | H62: Islam | I62: SLTA/MA | J62: - | K62: WNI | L62: Lingkungan Perumda Selatan No 16 RT 02 RW 02 | M62: Istri | N62: 520101 5210830001
C63: 60 | D63: M Thorik Radhitia Apkiadi | E63: L | F63: Belum kawin | G63: 38089 | H63: Islam | I63: - | J63: - | K63: WNI | L63: Lingkungan Perumda Selatan No 16 RT 02 RW 02 | M63: Anak | N63: 520101 1204040001
C64: 61 | D64: Rifqiy Miftahfathur Rahman | E64: L | F64: Belum kawin | G64: 39675 | H64: Islam | I64: - | J64: - | K64: WNI | L64: Lingkungan Perumda Selatan No 16 RT 02 RW 02 | M64: Anak | N64: 520101 1508090001
B65: 17 | C65: 62 | D65: Abdul Hakim | E65: L | F65: Kawin | G65: 27820 | H65: Islam | I65: SLTA/MA | J65: PNS/TNI/ POLRI | K65: WNI | L65: Lingkungan Perumda Selatan No 17 RT 02 RW 02 | M65: KK | N65: 520101 0103750001
C66: 63 | D66: Rosdiana | E66: P | F66: Kawin | G66: 30086 | H66: Islam | I66: SLTA/MA | J66: PNS/TNI/ POLRI | K66: WNI | L66: Lingkungan Perumda Selatan No 17 RT 02 RW 02 | M66: Istri | N66: 520101 5506820002
C67: 64 | D67: Athaya Maualida Hakim | E67: P | F67: Belum kawin | G67: 40591 | H67: Islam | I67: - | J67: - | K67: WNI | L67: Lingkungan Perumda Selatan No 17 RT 02 RW 02 | M67: Anak | N67: 520101 5702110001
C68: 65 | D68: Helmiyati Asri | E68: P | F68: Belum kawin | G68: 34833 | H68: Islam | I68: SLTA/MA | J68: - | K68: WNI | L68: Lingkungan Perumda Selatan No 17 RT 02 RW 02 | M68: Anak | N68: 520101 5405850005
B69: 18 | C69: 66 | D69: Erwin Satriawan | E69: L | F69: Kawin | G69: 29364 | H69: Islam | I69: SLTA/MA | J69: Pegawai swasta | K69: WNI | L69: Lingkungan Perumda Selatan No 18 RT 02 RW 02 | M69: KK | N69: 520101 2305800001
C70: 67 | D70: Siti Hamidah | E70: P | F70: Kawin | G70: 28129 | H70: Islam | I70: SLTA/MA | J70: Pegawai swasta | K70: WNI | L70: Lingkungan Perumda Selatan No 18 RT 02 RW 02 | M70: Istri | N70: 520101 4401770001
C71: 68 | D71: Maulana Satriawan | E71: L | F71: Belum kawin | G71: 38115 | H71: Islam | I71: - | J71: - | K71: WNI | L71: Lingkungan Perumda Selatan No 18 RT 02 RW 02 | M71: Anak | N71: 520101 0805040001
C72: 69 | D72: Luna Aulia Satriawan | E72: P | F72: Belum kawin | G72: 39929 | H72: Islam | I72: - | J72: - | K72: WNI | L72: Lingkungan Perumda Selatan No 18 RT 02 RW 02 | M72: Anak | N72: 520101 2604090001
B73: 19 | C73: 70 | D73: Suparman | E73: L | F73: Kawin | G73: 28109 | H73: Islam | I73: SLTA/MA | J73: PNS/TNI/ POLRI | K73: WNI | L73: Lingkungan Perumda Selatan No 19 RT 02 RW 02 | M73: KK | N73: 527102 1512760002
C74: 71 | D74: Nurul Huda | E74: P | F74: Kawin | G74: 27302 | H74: Islam | I74: SLTA/MA | J74: PNS/TNI/ POLRI | K74: WNI | L74: Lingkungan Perumda Selatan No 19 RT 02 RW 02 | M74: Istri | N74: 527102 7009740002
C75: 72 | D75: Gilang Maulana Ramadhani | E75: L | F75: Belum kawin | G75: 37215 | H75: Islam | I75: SD/MI | J75: - | K75: WNI | L75: Lingkungan Perumda Selatan No 19 RT 02 RW 02 | M75: Anak | N75: 527102 2011010002
C76: 73 | D76: Cahaya Amanda | E76: P | F76: Belum kawin | G76: 40103 | H76: Islam | I76: - | J76: - | K76: WNI | L76: Lingkungan Perumda Selatan No 19 RT 02 RW 02 | M76: Anak | N76: 527102 5210090001
C77: 74 | D77: Doni Hamdani | E77: L | F77: Kawin | G77: 31047 | H77: Islam | I77: SLTA/MA | J77: PNS/TNI/ POLRI | K77: WNI | L77: Lingkungan Perumda Selatan No 20 RT 02 RW 02 | M77: KK | N77: 520101 3112840065
C78: 75 | D78: Baiq Maylia Handayani | E78: P | F78: Kawin | G78: 29731 | H78: Islam | I78: SLTA/MA | J78: - | K78: WNI | L78: Lingkungan Perumda Selatan No 20 RT 02 RW 02 | M78: Istri | N78: 520101 6505810002
C79: 76 | D79: M Roza Alfariz | E79: L | F79: Belum kawin | G79: 39244 | H79: Islam | I79: - | J79: - | K79: WNI | L79: Lingkungan Perumda Selatan No 20 RT 02 RW 02 | M79: Anak | N79: 520101 1106070001
B80: 21 | C80: 77 | D80: Lalu Kamarwan S.Ip | E80: L | F80: Kawin | G80: 27463 | H80: Islam | I80: PT/Akademi | J80: PNS/TNI/ POLRI | K80: WNI | L80: Lingkungan Perumda Selatan No 21 RT 02 RW 02 | M80: KK | N80: 520101 1003750001
C81: 78 | D81: Rohana | E81: P | F81: Kawin | G81: 28855 | H81: Islam | I81: SLTA/MA | J81: PNS/TNI/ POLRI | K81: WNI | L81: Lingkungan Perumda Selatan No 21 RT 02 RW 02 | M81: Istri | N81: 520101 7112780006
C82: 79 | D82: Lalu Muhammad Habiburrahman | E82: L | F82: Belum kawin | G82: 38269 | H82: Islam | I82: - | J82: - | K82: WNI | L82: Lingkungan Perumda Selatan No 21 RT 02 RW 02 | M82: Anak | N82: 520101 0910040003
C83: 80 | D83: Lalu Muhammad Rifyal Fasha | E83: L | F83: Belum kawin | G83: 39447 | H83: Islam | I83: - | J83: - | K83: WNI | L83: Lingkungan Perumda Selatan No 21 RT 02 RW 02 | M83: Anak | N83: 520101 3112070003
C84: 81 | D84: Zayyani Wafi Amania Baiq | E84: P | F84: Belum kawin | G84: 41024 | H84: Islam | I84: - | J84: - | K84: WNI | L84: Lingkungan Perumda Selatan No 21 RT 02 RW 02 | M84: Anak | N84: 520101 6504120005
B85: 22 | C85: 82 | D85: Faizan | E85: L | F85: Kawin | G85: 28964 | H85: Islam | I85: SLTA/MA | J85: PNS/TNI/ POLRI | K85: WNI | L85: Lingkungan Perumda Selatan No 22 RT 02 RW 02 | M85: KK | N85: 520101 1904790001
C86: 83 | D86: Tami Rosita | E86: P | F86: Kawin | G86: 33780 | H86: Islam | I86: SLTA/MA | J86: - | K86: WNI | L86: Lingkungan Perumda Selatan No 22 RT 02 RW 02 | M86: Istri | N86: 520101 6506920001
C87: 84 | D87: Salwa Meidafara | E87: P | F87: Belum kawin | G87: 40321 | H87: Islam | I87: - | J87: - | K87: WNI | L87: Lingkungan Perumda Selatan No 22 RT 02 RW 02 | M87: Anak | N87: 520101 63051101001
C88: 85 | D88: Malka Aufa Ayyasi | E88: L | F88: Belum kawin | G88: 41676 | H88: Islam | I88: - | J88: - | K88: WNI | L88: Lingkungan Perumda Selatan No 24 RT 02 RW 02 | M88: Anak | N88: 520101 0802141002
B89: 23 | C89: 86 | D89: Syapii | E89: L | F89: Kawin | G89: 28490 | H89: Islam | I89: SD/MI | J89: Pekerja lepas | K89: WNI | L89: Lingkungan Perumda Selatan No 23 RT 02 RW 02 | M89: KK | N89: 520101 3112170111
C90: 87 | D90: Samhani | E90: P | F90: Kawin | G90: 29586 | H90: Islam | I90: - | J90: - | K90: WNI | L90: Lingkungan Perumda Selatan No 23 RT 02 RW 02 | M90: Istri | N90: 520101 7112800103
C91: 88 | D91: Muhamad Hulaifi Maksum | E91: L | F91: Belum kawin | G91: 37009 | H91: Islam | I91: - | J91: - | K91: WNI | L91: Lingkungan Perumda Selatan No 23 RT 02 RW 02 | M91: Anak | N91: 520101 2804010001
B92: 24 | C92: 89 | D92: Sudiyanto | E92: L | F92: Kawin | G92: 26691 | H92: Islam | I92: PT/Akademi | J92: PNS/TNI/ POLRI | K92: WNI | L92: Lingkungan Perumda Selatan No 24 RT 02 RW 02 | M92: KK | N92: 520101 2701730001
C93: 90 | D93: Siti Hasyiah Hasmar | E93: P | F93: Kawin | G93: 27765 | H93: Islam | I93: PT/Akademi | J93: PNS/TNI/ POLRI | K93: WNI | L93: Lingkungan Perumda Selatan No 24 RT 02 RW 02 | M93: Istri | N93: 520101 4601760002
C94: 91 | D94: Ananda Teguh Dyansyah | E94: L | F94: Belum kawin | G94: 39517 | H94: Islam | I94: - | J94: - | K94: WNI | L94: Lingkungan Perumda Selatan No 24 RT 02 RW 02 | M94: Anak | N94: 520101 1003080003
C95: 92 | D95: Fatin Khaerunnisa Dyiansyah | E95: P | F95: Belum kawin | G95: 41550 | H95: Islam | I95: - | J95: - | K95: WNI | L95: Lingkungan Perumda Selatan No 24 RT 02 RW 02 | M95: Anak | N95: 520101 4310131001
B96: 25 | C96: 93 | D96: Sarbini | E96: L | F96: Kawin | G96: 28564 | H96: Islam | I96: PT/Akademi | J96: PNS/TNI/ POLRI | K96: WNI | L96: Lingkungan Perumda Selatan No 25 RT 02 RW 02 | M96: KK | N96: 520101 1503760001
C97: 94 | D97: Sudartini | E97: P | F97: Kawin | G97: 28341 | H97: Islam | I97: PT/Akademi | J97: PNS/TNI/ POLRI | K97: WNI | L97: Lingkungan Perumda Selatan No 25 RT 02 RW 02 | M97: Istri | N97: 520101 4408770001
C98: 95 | D98: Kharisma Bintang Abrahim | E98: L | F98: Belum kawin | G98: 37333 | H98: Islam | I98: SD/MI | J98: - | K98: WNI | L98: Lingkungan Perumda Selatan No 25 RT 02 RW 02 | M98: Anak | N98: 520101 1803021001
C99: 96 | D99: Kharisma Bulan Arrahman | E99: P | F99: Belum kawin | G99: 38374 | H99: Islam | I99: - | J99: - | K99: WNI | L99: Lingkungan Perumda Selatan No 25 RT 02 RW 02 | M99: Anak | N99: 520101 6201050001
C100: 97 | D100: Kharisma Mentari Azzahra | E100: P | F100: Belum kawin | G100: 39611 | H100: Islam | I100: - | J100: - | K100: WNI | L100: Lingkungan Perumda Selatan No 26 RT 02 RW 02 | M100: Anak | N100: 520101 5200081001
...

Sheet RT 03
B1: DATA INDUK PENDUDUK PERUMDA SELATAN RT 03 KELURAHAN DASAN GERES TAHUN 2015
B2: No | D2: Nama Lengkap/ | E2: Jenis Kelamin (L/P) | F2: Status Perkawinan | G2: Tanggal Lahir | H2: Agama | I2: Pendidikan Terakhir | J2: Pekerjaan | K2: Kewarganegaraan | L2: Alamat Lengkap | M2: Kedudukan dalam Keluarga | N2: NIK
D3: Panggilan
B4: 1 | C4: 1 | D4: Sahnan S.H | E4: L | F4: Kawin | G4: 21550 | H4: Islam | I4: PT/Akademi | J4: Pedagang | K4: WNI | L4: Lingkungan Perumda Selatan No 01 RT 03 RW 09 | M4: KK | N4: 520101 3112580002
C5: 2 | D5: Suhairani | E5: P | F5: Kawin | G5: 28029 | H5: Islam | I5: SLTA/MA | J5: - | K5: WNI | L5: Lingkungan Perumda Selatan No 01 RT 03 RW 09 | M5: Istri | N5: 520101 6609760001
C6: 3 | D6: Rizal M Yasin | E6: L | F6: Belum kawin | G6: 32510 | H6: Islam | I6: SLTA/MA | J6: Wiraswasta | K6: WNI | L6: Lingkungan Perumda Selatan No 01 RT 03 RW 09 | M6: Anak | N6: 520101 0201890001
C7: 4 | D7: Abdul Rizki Nurmansyah | E7: L | F7: Belum kawin | G7: 35151 | H7: Islam | I7: SLTA/MA | J7: Wiraswasta | K7: WNI | L7: Lingkungan Perumda Selatan No 01 RT 03 RW 09 | M7: Anak | N7: 520101 2703960001
C8: 5 | D8: Muhammad Zulhan Syahroni | E8: L | F8: Belum kawin | G8: 858 | H8: Islam | I8: - | J8: - | K8: WNI | L8: Lingkungan Perumda Selatan No 01 RT 03 RW 09 | M8: Anak | N8: 520101 0705020001
C9: 6 | D9: Muhammad Izzudddin Harari | E9: L | F9: Belum kawin | G9: 38041 | H9: Islam | I9: - | J9: - | K9: WNI | L9: Lingkungan Perumda Selatan No 01 RT 03 RW 09 | M9: Anak | N9: 520101 2402040001
C10: 7 | D10: Muhammad Alkausar Amhayasin | E10: L | F10: Belum kawin | G10: 39993 | H10: Islam | I10: - | J10: - | K10: WNI | L10: Lingkungan Perumda Selatan No 01 RT 03 RW 09 | M10: Anak | N10: 000000 0000000000
B11: 2 | C11: 8 | D11: Lalu Idham Chalid | E11: L | F11: Kawin | G11: 14-10-1880 | H11: Islam | I11: SLTA/MA | J11: - | K11: WNI | L11: Lingkungan Perumda Selatan No 02 RT 03 RW 09 | M11: KK | N11: 520101 1810800001
C12: 9 | D12: Suryaningsih | E12: P | F12: Kawin | G12: 30316 | H12: Islam | I12: SLTP/MTSN | J12: - | K12: WNI | L12: Lingkungan Perumda Selatan No 02 RT 03 RW 09 | M12: Istri | N12: 520101 7112620009
C13: 10 | D13: Baiq Hilniatun Nisa | E13: P | F13: Belum kawin | G13: 36952 | H13: Islam | I13: SD/MI | J13: - | K13: WNI | L13: Lingkungan Perumda Selatan No 02 RT 03 RW 09 | M13: Anak | N13: 520101 4203010001
C14: 11 | D14: Lalu Raysarabrar | E14: L | F14: Belum kawin | G14: 39909 | H14: Islam | I14: - | J14: - | K14: WNI | L14: Lingkungan Perumda Selatan No 02 RT 03 RW 09 | M14: Anak | N14: 520101 0604090001
B15: 3 | C15: 12 | D15: Lalu Nursidi | E15: L | F15: Kawin | G15: 26115 | H15: Islam | I15: SLTA/MA | J15: PNS/TNI/ POLRI | K15: WNI | L15: Lingkungan Perumda Selatan No 03 RT 03 RW 09 | M15: KK | N15: 520101 0107710109
C16: 13 | D16: Rina Juhernawati | E16: P | F16: Kawin | G16: 28363 | H16: Islam | I16: SLTA/MA | J16: - | K16: WNI | L16: Lingkungan Perumda Selatan No 03 RT 03 RW 09 | M16: Istri | N16: 520101 6608770001
C17: 14 | D17: Lalu Muhammad Rafli Nurcholik | E17: L | F17: Belum kawin | G17: 37382 | H17: Islam | I17: - | J17: - | K17: WNI | L17: Lingkungan Perumda Selatan No 03 RT 03 RW 09 | M17: Anak | N17: 520101 0609020001
C18: 15 | D18: Lalu Muhammad Rizky Maulana | E18: L | F18: Belum kawin | G18: 38094 | H18: Islam | I18: - | J18: - | K18: WNI | L18: Lingkungan Perumda Selatan No 03 RT 03 RW 09 | M18: Anak | N18: 520101 1704044001
C19: 16 | D19: Baiq Bilqis Ayudia Humaira Humaira | E19: P | F19: Belum kawin | G19: 41982 | H19: Islam | I19: - | J19: - | K19: WNI | L19: Lingkungan Perumda Selatan No 03 RT 03 RW 09 | M19: Anak | N19: 520101 4912140001
B20: 4 | C20: 17 | D20: Juni Hardi Satriawan | E20: L | F20: Kawin | G20: 30106 | H20: Islam | I20: SLTA/MA | J20: Wiraswasta | K20: WNI | L20: Lingkungan Perumda Selatan No 04 RT 03 RW 09 | M20: KK | N20: 520101 0906820003
C21: 18 | D21: Maesha Susilawati | E21: P | F21: Kawin | G21: 33024 | H21: Islam | I21: SLTP/MTSN | J21: - | K21: WNI | L21: Lingkungan Perumda Selatan No 04 RT 03 RW 09 | M21: Istri | N21: 520101 7105900002
C22: 19 | D22: Muhammad Faesal Ghazali | E22: L | F22: Belum kawin | G22: 42103 | H22: Islam | I22: - | J22: - | K22: WNI | L22: Lingkungan Perumda Selatan No 04 RT 03 RW 09 | M22: Anak | N22: 000000 0000000000
B23: 5 | C23: 20 | D23: Mawardi | E23: L | F23: Kawin | G23: 21550 | H23: Islam | I23: SLTA/MA | J23: - | K23: WNI | L23: Lingkungan Perumda Selatan No 05 RT 03 RW 09 | M23: KK | N23: 520101 3112580069
C24: 21 | D24: Baiq Hapni | E24: P | F24: Kawin | G24: 20454 | H24: Islam | I24: SD/MI | J24: - | K24: WNI | L24: Lingkungan Perumda Selatan No 05 RT 03 RW 09 | M24: Istri | N24: 520101 7112560042
B25: 6 | C25: 22 | D25: Baiq Sahuri | E25: P | F25: Janda | G25: 20820 | H25: Islam | I25: SD/MI | J25: - | K25: WNI | L25: Lingkungan Perumda Selatan No 05 RT 03 RW 09 | M25: KK | N25: 520101 7112560053
C26: 23 | D26: Baiq Umi Kalsum | E26: P | F26: Belum kawin | G26: 28991 | H26: Islam | I26: PT/Akademi | J26: Wiraswasta | K26: WNI | L26: Lingkungan Perumda Selatan No 05 RT 03 RW 09 | M26: Anak | N26: 520101 5605790001
C27: 24 | D27: Baiq Rospita | E27: P | F27: Belum kawin | G27: 32549 | H27: Islam | I27: PT/Akademi | J27: Pegawai swasta | K27: WNI | L27: Lingkungan Perumda Selatan No 05 RT 03 RW 09 | M27: Anak | N27: 520101 5002890009
B28: 7 | C28: 25 | D28: Johsan S.E | E28: L | F28: Kawin | G28: 23625 | H28: Islam | I28: PT/Akademi | J28: PNS/TNI/ POLRI | K28: WNI | L28: Lingkungan Perumda Selatan No 06 RT 03 RW 09 | M28: KK | N28: 520101 0509640001
C29: 26 | D29: Syafiatun | E29: P | F29: Kawin | G29: 25195 | H29: Islam | I29: SLTA/MA | J29: Wiraswasta | K29: WNI | L29: Lingkungan Perumda Selatan No 06 RT 03 RW 09 | M29: Istri | N29: 520101 6312680001
C30: 27 | D30: Alfian Chandra | E30: L | F30: Belum kawin | G30: 33053 | H30: Islam | I30: SLTA/MA | J30: - | K30: WNI | L30: Lingkungan Perumda Selatan No 06 RT 03 RW 09 | M30: Anak | N30: 520101 2906900001
C31: 28 | D31: Buchari Irsan | E31: L | F31: Belum kawin | G31: 33910 | H31: Islam | I31: SLTA/MA | J31: PNS/TNI/ POLRI | K31: WNI | L31: Lingkungan Perumda Selatan No 06 RT 03 RW 09 | M31: Anak | N31: 520101 2811921001
C32: 29 | D32: Riskiyadi Khaerul Abdi | E32: L | F32: Belum kawin | G32: 36365 | H32: Islam | I32: SLTP/MTSN | J32: - | K32: WNI | L32: Lingkungan Perumda Selatan No 06 RT 03 RW 09 | M32: Anak | N32: 520101 2407920001
B33: 8 | C33: 30 | D33: I Ketut Wirya | E33: L | F33: Kawin | G33: 24043 | H33: Hindu | I33: PT/Akademi | J33: PNS/TNI/ POLRI | K33: WNI | L33: Lingkungan Perumda Selatan No 07 RT 03 RW 09 | M33: KK | N33: 520101 2810650001
C34: 31 | D34: Ni Made Suparsini | E34: P | F34: Kawin | G34: 25049 | H34: Hindu | I34: PT/Akademi | J34: PNS/TNI/ POLRI | K34: WNI | L34: Lingkungan Perumda Selatan No 07 RT 03 RW 09 | M34: Istri | N34: 5.2017007e+15
C35: 32 | D35: Ni Made Pradnya Wiriani | E35: P | F35: Belum kawin | G35: 34010 | H35: Hindu | I35: SLTA/MA | J35: - | K35: WNI | L35: Lingkungan Perumda Selatan No 07 RT 03 RW 09 | M35: Anak | N35: 520101 4107930163
C36: 33 | D36: Nyoman Genter Wiriana | E36: L | F36: Belum kawin | G36: 34842 | H36: Hindu | I36: SLTA/MA | J36: - | K36: WNI | L36: Lingkungan Perumda Selatan No 07 RT 03 RW 09 | M36: Anak | N36: 520101 2305950001
C37: 34 | D37: I Wayan Putra Panida | E37: L | F37: Kawin | G37: 25734 | H37: Hindu | I37: SLTA/MA | J37: Pegawai swasta | K37: WNI | L37: Lingkungan Perumda Selatan No 07 RT 03 RW 09 | M37: Anak | N37: 520101 1506701007
B38: 9 | C38: 35 | D38: Panut Eko Priyo No | E38: L | F38: Kawin | G38: 27378 | H38: Islam | I38: PT/Akademi | J38: PNS/TNI/ POLRI | K38: WNI | L38: Lingkungan Perumda Selatan No 08 RT 03 RW 09 | M38: Suami | N38: 520101 1160570001
C39: 36 | D39: Kamariah | E39: P | F39: Kawin | G39: 27394 | H39: Islam | J39: PNS/TNI/ POLRI | K39: WNI | L39: Lingkungan Perumda Selatan No 08 RT 03 RW 09 | M39: Istri | N39: 520101 7112740197
C40: 37 | D40: Alif Febrianto | E40: L | F40: Belum kawin | G40: 35850 | H40: Islam | I40: PT/Akademi | J40: - | K40: WNI | L40: Lingkungan Perumda Selatan No 08 RT 03 RW 09 | M40: Anak | N40: 520101 2402980003
C41: 38 | D41: Lidya Apriliani | E41: P | F41: Belum kawin | G41: 38464 | H41: Islam | I41: SLTP/MTSN | J41: - | K41: WNI | L41: Lingkungan Perumda Selatan No 08 RT 03 RW 09 | M41: Anak | N41: 520101 6204050001
C42: 39 | D42: Sekar Tri Larasati | E42: P | F42: Belum kawin | G42: 42114 | H42: Islam | I42: - | J42: - | K42: WNI | L42: Lingkungan Perumda Selatan No 08 RT 03 RW 09 | M42: Anak | N42: 000000 0000000000
B43: 10 | C43: 40 | D43: Johendi Firman Maakh | E43: L | F43: Belum kawin | G43: 31473 | H43: Kristen | I43: PT/Akademi | J43: PNS/TNI/ POLRI | K43: WNI | L43: Lingkungan Perumda Selatan No 09 RT 03 RW 09 | M43: KK | N43: 520101 0203850003
B44: 11 | C44: 41 | D44: I Putu Gde Arta | E44: L | F44: Kawin | G44: 29645 | H44: Hindu | I44: PT/Akademi | J44: PNS/TNI/ POLRI | K44: WNI | L44: Lingkungan Perumda Selatan No 10 RT 03 RW 09 | M44: KK | N44: 520101 2802810001
C45: 42 | D45: Ni Ketut Alit RH | E45: P | F45: Kawin | G45: 29990 | H45: Hindu | I45: PT/Akademi | J45: PNS/TNI/ POLRI | K45: WNI | L45: Lingkungan Perumda Selatan No 10 RT 03 RW 09 | M45: Istri | N45: 520101 4802820001
C46: 43 | D46: Ni Luh Putu Eka Widya P | E46: P | F46: Belum kawin | G46: 38927 | H46: Hindu | I46: - | J46: PNS/TNI/ POLRI | K46: WNI | L46: Lingkungan Perumda Selatan No 10 RT 03 RW 09 | M46: Anak | N46: 520101 6907060001
B47: 12 | C47: 44 | D47: James Pella | E47: L | F47: Belum kawin | G47: 31507 | H47: Kristen | I47: SLTA/MA | J47: PNS/TNI/ POLRI | K47: WNI | L47: Lingkungan Perumda Selatan No 11 RT 03 RW 09 | M47: KK | N47: 520101 0504860005
B48: 13 | C48: 45 | D48: Andreas | E48: L | F48: Kawin | G48: 28412 | H48: Kristen | I48: SLTA/MA | J48: Wiraswasta | K48: WNI | L48: Lingkungan Perumda Selatan No 12 RT 03 RW 09 | M48: KK | N48: 527102 1410770001
C49: 46 | D49: Gusti Ayu Putu Citra | E49: P | F49: Kawin | G49: 31577 | H49: Kristen | I49: SLTA/MA | J49: - | K49: WNI | L49: Lingkungan Perumda Selatan No 12 RT 03 RW 09 | M49: Istri | N49: 527102 5406860002
C50: 47 | D50: Eka Cornelius Dewu | E50: L | F50: Belum kawin | G50: 39001 | H50: Kristen | I50: - | J50: - | K50: WNI | L50: Lingkungan Perumda Selatan No 12 RT 03 RW 09 | M50: Anak | N50: 527102 1110060004
C51: 48 | D51: Ian Chandra Dewu | E51: L | F51: Belum kawin | G51: 41095 | H51: Kristen | I51: - | J51: - | K51: WNI | L51: Lingkungan Perumda Selatan No 12 RT 03 RW 09 | M51: Anak | N51: 527102 0507120002
B52: 14 | C52: 49 | D52: Sudarmadi Hajar | E52: L | F52: Kawin | G52: 29900 | H52: Islam | I52: SLTA/MA | J52: PNS/TNI/ POLRI | K52: WNI | L52: Lingkungan Perumda Selatan No 13 RT 03 RW 09 | M52: KK | N52: 520101 1011810003
C53: 50 | D53: Maria Margareta Indriyanti | E53: P | F53: Kawin | G53: 32523 | H53: Islam | I53: PT/Akademi | J53: - | K53: WNI | L53: Lingkungan Perumda Selatan No 13 RT 03 RW 09 | M53: Istri | N53: 520101 5601890004
C54: 51 | D54: Fleur Elea Nora M.H | E54: P | F54: Kawin | G54: 40605 | H54: Islam | I54: - | J54: - | K54: WNI | L54: Lingkungan Perumda Selatan No 13 RT 03 RW 09 | M54: Anak | N54: 520101 4303110001
B55: 15 | C55: 52 | D55: I Komang Suma Pancayadnya | E55: L | F55: Kawin | G55: 24554 | H55: Hindu | I55: SLTA/MA | J55: Wiraswasta | K55: WNI | L55: Lingkungan Perumda Selatan No 14 RT 03 RW 09 | M55: KK | N55: 520101 2306670001
C56: 53 | D56: Ni Luh Kunti | E56: P | F56: Kawin | G56: 25143 | H56: Hindu | I56: PT/Akademi | J56: PNS/TNI/ POLRI | K56: WNI | L56: Lingkungan Perumda Selatan No 14 RT 03 RW 09 | M56: Istri | N56: 520101 4109680001
C57: 54 | D57: Ni Putu Kusumayanti | E57: P | F57: Belum kawin | G57: 36157 | H57: Hindu | I57: SLTP/MTSN | J57: - | K57: WNI | L57: Lingkungan Perumda Selatan No 14 RT 03 RW 09 | M57: Anak | N57: 520101 6812980001
C58: 55 | D58: Ni Made Kusumasari | E58: P | F58: Belum kawin | G58: 38144 | H58: Hindu | I58: - | J58: - | K58: WNI | L58: Lingkungan Perumda Selatan No 14 RT 03 RW 09 | M58: Anak | N58: 520101 4608040002
B59: 16 | C59: 56 | D59: Muhammad Mastur | E59: L | F59: Kawin | G59: 30958 | H59: Islam | I59: PT/Akademi | J59: Wiraswasta | K59: WNI | L59: Lingkungan Perumda Selatan No 15 RT 03 RW 09 | M59: KK | N59: 520101 0310840001
C60: 57 | D60: Henny Susanti | E60: P | F60: Kawin | G60: 30537 | H60: Islam | I60: SLTA/MA | J60: Pekerja Lepas | K60: WNI | L60: Lingkungan Perumda Selatan No 15 RT 03 RW 09 | M60: Istri | N60: 520101 4908831001
C61: 58 | D61: Rahayu Kurniawati | E61: P | F61: Belum kawin | G61: 37411 | H61: Islam | I61: SLTP/MTSN | J61: - | K61: WNI | L61: Lingkungan Perumda Selatan No 15 RT 03 RW 09 | M61: Anak | N61: 520101 4406021001
C62: 59 | D62: Nandaputri Lestari | E62: P | F62: Belum kain | G62: 39157 | H62: Islam | I62: - | J62: - | K62: WNI | L62: Lingkungan Perumda Selatan No 15 RT 03 RW 09 | M62: Anak | N62: 520101 5603071001
C63: 60 | D63: Ahmad Shohibul Wafa | E63: L | F63: Belum kawin | G63: 41590 | H63: Islam | I63: - | J63: - | K63: WNI | L63: Lingkungan Perumda Selatan No 15 RT 03 RW 09 | M63: Anak | N63: 520101 1211131002
B64: 17 | C64: 61 | D64: Ahmad Helmi Amd | E64: L | F64: Kawin | G64: 25066 | H64: Islam | I64: PT/Akademi | J64: PNS/TNI/ POLRI | K64: WNI | L64: Lingkungan Perumda Selatan No 16 RT 03 RW 09 | M64: KK | N64: 520101 1608680001
C65: 62 | D65: Amal Hayati S.Pd | E65: P | F65: Kawin | G65: 25568 | H65: Islam | I65: PT/Akademi | J65: Pegawai swasta | K65: WNI | L65: Lingkungan Perumda Selatan No 16 RT 03 RW 09 | M65: Istri | N65: 520101 7112690104
B66: 18 | C66: 63 | D66: I Nyoman Suyasa S.E | E66: L | F66: Kawin | G66: 24025 | H66: Hindu | I66: PT/Akademi | J66: PNS/TNI/ POLRI | K66: WNI | L66: Lingkungan Perumda Selatan No 17 RT 03 RW 09 | M66: KK | N66: 520101 1010650001
C67: 64 | D67: Made Undayani | E67: P | F67: Kawin | G67: 25394 | H67: Hindu | I67: SLTA/MA | J67: - | K67: WNI | L67: Lingkungan Perumda Selatan No 17 RT 03 RW 09 | M67: Istri | N67: 520101 5007690003
C68: 65 | D68: Putu Widia Febrianti | E68: P | F68: Belum kawin | G68: 33275 | H68: Hindu | I68: PT/Akademi | J68: Pegawai swasta | K68: WNI | L68: Lingkungan Perumda Selatan No 17 RT 03 RW 09 | M68: Anak | N68: 520101 4602910001
C69: 66 | D69: Made Yuda Sedana Putra | E69: L | F69: Belum kawin | G69: 34969 | H69: Hindu | I69: SLTA/MA | J69: - | K69: WNI | L69: Lingkungan Perumda Selatan No 17 RT 03 RW 09 | M69: Anak | N69: 520101 2708850002
C70: 67 | D70: Komang Eka Wira Darmayasa | E70: L | F70: Belum kawin | G70: 37480 | H70: Hindu | I70: SLTP/MTSN | J70: - | K70: WNI | L70: Lingkungan Perumda Selatan No 17 RT 03 RW 09 | M70: Anak | N70: 520101 1208020003
B71: 19 | C71: 68 | D71: Zulkipli BA | E71: L | F71: Kawin | G71: 22062 | H71: Islam | I71: PT/Akademi | J71: Wiraswasta | K71: WNI | L71: Lingkungan Perumda Selatan No 18 RT 03 RW 09 | M71: KK | N71: 520101 2605600001
C72: 69 | D72: Siti Chodijah Amd | E72: P | F72: Kawin | G72: 26582 | H72: Islam | I72: PT/Akademi | J72: Pedagang | K72: WNI | L72: Lingkungan Perumda Selatan No 18 RT 03 RW 09 | M72: Istri | N72: 520101 5010700001
C73: 70 | D73: Rangga Ruslansyah | E73: L | F73: Belum kawin | G73: 34260 | H73: Islam | I73: SLTA/MA | J73: - | K73: WNI | L73: Lingkungan Perumda Selatan No 18 RT 03 RW 09 | M73: Anak | N73: 520101 1810930001
C74: 71 | D74: Yesi Patria Julyartha | E74: P | F74: Belum kawin | G74: 35977 | H74: Islam | I74: SLTA/MA | J74: - | K74: WNI | L74: Lingkungan Perumda Selatan No 18 RT 03 RW 09 | M74: Anak | N74: 520101 1107980001
C75: 72 | D75: Adhitya Maulana | E75: L | F75: Belum kawin | G75: 39076 | H75: Islam | I75: - | J75: - | K75: WNI | L75: Lingkungan Perumda Selatan No 18 RT 03 RW 09 | M75: Anak | N75: 520101 2612060001
B76: 20 | C76: 73 | D76: Syamsul Hirpan S.T | E76: L | F76: Kawin | G76: 26561 | H76: Islam | I76: PT/Akademi | J76: PNS/TNI/ POLRI | K76: WNI | L76: Lingkungan Perumda Selatan No 19 RT 03 RW 09 | M76: KK | N76: 520101 1909720002
C77: 74 | D77: Yuana Fidia S.Km | E77: P | F77: Kawin | G77: 28143 | H77: Islam | I77: PT/Akademi | J77: PNS/TNI/ POLRI | K77: WNI | L77: Lingkungan Perumda Selatan No 19 RT 03 RW 09 | M77: Istri | N77: 520101 1801770001
C78: 75 | D78: Keyne Abidah Prangga H | E78: P | F78: Belum kawin | G78: 39340 | H78: Islam | I78: - | J78: - | K78: WNI | L78: Lingkungan Perumda Selatan No 19 RT 03 RW 09 | M78: Anak | N78: 520101 1509070005
C79: 76 | D79: Muhamad Nathan Dialhaq | E79: L | F79: Belum kawin | G79: 40933 | H79: Islam | I79: - | J79: - | K79: WNI | L79: Lingkungan Perumda Selatan No 19 RT 03 RW 09 | M79: Anak | N79: 520101 2501120001
C80: 77 | D80: Siti Rokmah | E80: P | F80: Belum kawin | G80: 25933 | H80: Islam | I80: SLTA/MA | J80: - | K80: WNI | L80: Lingkungan Perumda Selatan No 19 RT 03 RW 09 | M80: Lain-Lain | N80: 520101 7112700282
B81: 21 | C81: 78 | D81: M Tahir Akhmat | E81: L | F81: Kawin | G81: 21915 | H81: Islam | I81: SLTA/MA | J81: PNS/TNI/ POLRI | K81: WNI | L81: Lingkungan Perumda Selatan No 20 RT 03 RW 09 | M81: KK | N81: 520101 3112590002
C82: 79 | D82: Mahuni | E82: P | F82: Kawin | G82: 25933 | H82: Islam | I82: PT/Akademi | J82: PNS/TNI/ POLRI | K82: WNI | L82: Lingkungan Perumda Selatan No 20 RT 03 RW 09 | M82: Istri | N82: 520101 7112700006
C83: 80 | D83: Muhamad Harta Pratama | E83: L | F83: Belum kawin | G83: 13-01-04-2004 | H83: Islam | I83: - | J83: PNS/TNI/ POLRI | K83: WNI | L83: Lingkungan Perumda Selatan No 20 RT 03 RW 09 | M83: Anak | N83: 520101 1301040001
B84: 22 | C84: 81 | D84: Ulil Albab | E84: L | F84: Kawin | G84: 26953 | H84: Islam | I84: SLTA/MA | J84: Pegawai swasta | K84: WNI | L84: Lingkungan Perumda Selatan No 21 RT 03 RW 09 | M84: KK | N84: 520101 1610730002
C85: 82 | D85: Allaily Zulfa Hidayati | E85: P | F85: Kawin | G85: 31189 | H85: Islam | I85: SLTA/MA | J85: Pegawai swasta | K85: WNI | L85: Lingkungan Perumda Selatan No 21 RT 03 RW 09 | M85: Istri | N85: 520101 6205850001
C86: 83 | D86: Muhammad Rafizamani | E86: L | F86: Belum kawin | G86: 38608 | H86: Islam | I86: - | J86: - | K86: WNI | L86: Lingkungan Perumda Selatan No 21 RT 03 RW 09 | M86: Anak | N86: 520101 1309050001
C87: 84 | D87: Nadintya Putri Almagfira | E87: P | F87: Belum kawin | G87: 39974 | H87: Islam | I87: - | J87: - | K87: WNI | L87: Lingkungan Perumda Selatan No 21 RT 03 RW 09 | M87: Anak | N87: 520101 5006090003
B88: 23 | C88: 85 | D88: Tri Pujianto | E88: L | F88: Kawin | G88: 28691 | H88: Islam | I88: SLTA/MA | J88: Wiraswasta | K88: WNI | L88: Lingkungan Perumda Selatan No 22 RT 03 RW 09 | M88: KK | N88: 520101 2007780001
C89: 86 | D89: Heni Susanti S.Pd | E89: P | F89: Kawin | G89: 29487 | H89: Islam | I89: PT/Akademi | J89: PNS/TNI/ POLRI | K89: WNI | L89: Lingkungan Perumda Selatan No 22 RT 03 RW 09 | M89: Istri | N89: 520101 2309800001
C90: 87 | D90: Daffa Ramadhan Pratama | E90: L | F90: Belum kawin | G90: 38630 | H90: Islam | I90: - | J90: - | K90: WNI | L90: Lingkungan Perumda Selatan No 22 RT 03 RW 09 | M90: Anak | N90: 520101 0510050001
C91: 88 | D91: Wahyu Ilham | E91: L | F91: Belum kawin | G91: 34963 | H91: Islam | I91: SLTA/MA | J91: - | K91: WNI | L91: Lingkungan Perumda Selatan No 22 RT 03 RW 09 | M91: Anak | N91: 520101 2109950001
B92: 24 | C92: 89 | D92: Riyana S.Pd | E92: L | F92: Kawin | G92: 24704 | H92: Islam | I92: PT/Akademi | J92: PNS/TNI/ POLRI | K92: WNI | L92: Lingkungan Perumda Selatan No 23 RT 03 RW 09 | M92: KK | N92: 520101 2009670001
C93: 90 | D93: Eni Umiarsih S.Pd | E93: P | F93: Kawin | G93: 27244 | H93: Islam | I93: PT/Akademi | J93: PNS/TNI/ POLRI | K93: WNI | L93: Lingkungan Perumda Selatan No 23 RT 03 RW 09 | M93: Istri | N93: 520101 4308740001
C94: 91 | D94: Adam Nugraha Dhstarandy | E94: L | F94: Belum kawin | G94: 37300 | H94: Islam | I94: SLTP/MTSN | J94: - | K94: WNI | L94: Lingkungan Perumda Selatan No 23 RT 03 RW 09 | M94: Anak | N94: 520101 1302021001
C95: 92 | D95: Salsa Dwi Oktaviani Putri | E95: P | F95: Belum kawin | G95: 38273 | H95: Islam | I95: - | J95: - | K95: WNI | L95: Lingkungan Perumda Selatan No 23 RT 03 RW 09 | M95: Anak | N95: 520101 5310041001
B96: 25 | C96: 93 | D96: I Kadek Kusuma Wijaya | E96: L | F96: Kawin | G96: 31325 | H96: Hindu | I96: SLTA/MA | J96: PNS/TNI/ POLRI | K96: WNI | L96: Lingkungan Perumda Selatan No 24 RT 03 RW 09 | M96: KK | N96: 520101 0610850001
C97: 94 | D97: I Made Riasih | E97: P | F97: Kawin | G97: 31277 | H97: Hindu | I97: PT/Akademi | J97: - | K97: WNI | L97: Lingkungan Perumda Selatan No 24 RT 03 RW 09 | M97: Istri | N97: 520101 5806860001
C98: 95 | D98: Laksmi Satya Wijaya | E98: P | F98: Belum kawin | G98: 40169 | H98: Hindu | I98: - | J98: - | K98: WNI | L98: Lingkungan Perumda Selatan No 24 RT 03 RW 09 | M98: Anak | N98: 520101 6212090003
B99: 26 | C99: 96 | D99: Abdul Rahman | E99: L | F99: Kawin | G99: 24952 | H99: Islam | I99: SLTA/MA | J99: PNS/TNI/ POLRI | K99: WNI | L99: Lingkungan Perumda Selatan No 25 RT 03 RW 09 | M99: KK | N99: 520101 2404680003
C100: 97 | D100: Putu Tutiani | E100: L | F100: Kawin | G100: 26807 | H100: Islam | I100: SLTP/MTSN | J100: - | K100: WNI | L100: Lingkungan Perumda Selatan No 25 RT 03 RW 09 | M100: Istri | N100: 520101 6305730001
...

Sheet RT 04
B1: DATA INDUK PENDUDUK PERUMDA SELATAN RT 04 KELURAHAN DASAN GERES TAHUN 2015
B2: No | D2: Nama Lengkap/ | E2: Jenis Kelamin (L/P) | F2: Status Perkawinan | G2: Tanggal Lahir | H2: Agama | I2: Pendidikan Terakhir | J2: Pekerjaan | K2: Kewarganegaraan | L2: Alamat Lengkap | M2: Kedudukan dalam Keluarga | N2: NIK
D3: Panggilan
B4: 1 | C4: 1 | D4: Ainul Yakin | E4: L | F4: Kawin | G4: 34334 | H4: Islam | I4: SLTA/MA | J4: Wiraswasta | K4: WNI | L4: Lingkungan Perumda SelatanNo 31 RT 04 RW 09 | M4: KK | N4: 520101 3112890011
C5: 2 | D5: Uswatun Hasanah | E5: P | F5: Kawin | G5: 32887 | H5: Islam | I5: SLTA/MA | J5: PNS/TNI/ POLRI | K5: WNI | L5: Lingkungan Perumda SelatanNo 31 RT 04 RW 09 | M5: Istri | N5: 520101 5401830001
C6: 3 | D6: Keisya Khusnul Syahida | E6: P | F6: Belum kawin | G6: 40866 | H6: Islam | I6: SLTA/MA | J6: - | K6: WNI | L6: Lingkungan Perumda SelatanNo 31 RT 04 RW 09 | M6: Anak | N6: 520101 6809150001
B7: 2 | C7: 4 | D7: Dani Faosan S.T | E7: L | F7: Kawin | G7: 35252 | H7: Islam | I7: PT/Akademi | J7: PNS/TNI/ POLRI | K7: WNI | L7: Lingkungan Perumda SelatanNo 27 RT 04 RW 09 | M7: KK | N7: 520101 0807780004
C8: 5 | D8: Murni Puspita Sari S.E | E8: P | F8: Kawin | G8: 28097 | H8: Islam | I8: PT/Akademi | J8: PNS/TNI/ POLRI | K8: WNI | L8: Lingkungan Perumda SelatanNo 27 RT 04 RW 09 | M8: Istri | N8: 520101 4312760003
C9: 6 | D9: Muhamad Farhan Farhan Zulfahmi | E9: L | F9: Belum kawin | G9: 37092 | H9: Islam | I9: SD/MI | J9: - | K9: WNI | L9: Lingkungan Perumda SelatanNo 27 RT 04 RW 09 | M9: Anak | N9: 520101 2007010005
C10: 7 | D10: Adelia Hayundari | E10: P | F10: Belum kawin | G10: 41398 | H10: Islam | I10: - | J10: - | K10: WNI | L10: Lingkungan Perumda SelatanNo 27 RT 04 RW 09 | M10: Anak | N10: 520101 5406960002
B11: 3 | C11: 8 | D11: Boiman S.Pd | E11: L | F11: Kawin | G11: 25517 | H11: Islam | I11: PT/Akademi | J11: PNS/TNI/ POLRI | K11: WNI | L11: Lingkungan Perumda SelatanNo 25 RT 04 RW 09 | M11: KK | N11: 520101 1011690001
C12: 9 | D12: Titi Srimulyanti Mulyandari | E12: P | F12: Kawin | G12: 29535 | H12: Islam | I12: PT/Akademi | J12: PNS/TNI/ POLRI | K12: WNI | L12: Lingkungan Perumda SelatanNo 25 RT 04 RW 09 | M12: Istri | N12: 520101 5011800001
C13: 10 | D13: Imanika Srimulyandari | E13: P | F13: Belum kawin | G13: 37088 | H13: islam | I13: SD/MI | J13: - | K13: WNI | L13: Lingkungan Perumda SelatanNo 25 RT 04 RW 09 | M13: Anak | N13: 520101 5607010001
C14: 11 | D14: Hanifa Dwi Yanti Imadini | E14: P | F14: Belum kawin | G14: 38890 | H14: Islam | I14: - | J14: - | K14: WNI | L14: Lingkungan Perumda SelatanNo 25 RT 04 RW 09 | M14: Anak | N14: 520101 6206060001
B15: 4 | C15: 12 | D15: Mawardi | E15: L | F15: Kawin | G15: 27760 | H15: Islam | I15: SLTP/MTSN | J15: Wiraswasta | K15: WNI | L15: Lingkungan Perumda SelatanNo 21 RT 04 RW 09 | M15: KK | N15: 520113 0101750002
C16: 13 | D16: Permayasari Gusti Ayu | E16: P | F16: Kawin | G16: 29642 | H16: Islam | I16: PT/Akademi | J16: PNS/TNI/ POLRI | K16: WNI | L16: Lingkungan Perumda SelatanNo 21 RT 04 RW 09 | M16: Istri | N16: 520113 6502810002
C17: 14 | D17: Jania Anantha Sahyra | E17: P | F17: Belum kawin | G17: 39475 | H17: Islam | I17: - | J17: - | K17: WNI | L17: Lingkungan Perumda SelatanNo 21 RT 04 RW 09 | M17: Anak | N17: 520113 6801080002
B18: 5 | C18: 15 | D18: Mujitahid | E18: L | F18: Kawin | G18: 33102 | H18: Islam | I18: SLTA/MA | J18: Wiraswasta | K18: WNI | L18: Lingkungan Perumda SelatanNo 20 RT 04 RW 09 | M18: KK | N18: 520101 1708900003
C19: 16 | D19: Mahnep | E19: P | F19: Kawin | G19: 33238 | H19: Islam | I19: SLTA/MA | J19: - | K19: WNI | L19: Lingkungan Perumda SelatanNo 20 RT 04 RW 09 | M19: Istri | N19: 520101 7112900080
C20: 17 | D20: Sabila Rasyad | E20: P | F20: Belum kawin | G20: 40953 | H20: Islam | I20: - | J20: - | K20: WNI | L20: Lingkungan Perumda SelatanNo 20 RT 04 RW 09 | M20: Anak | N20: 000000 0000000000
B21: 6 | C21: 18 | D21: Zulhakim | E21: L | F21: Kawin | G21: 29294 | H21: Islam | I21: SLTA/MA | J21: PNS/ TNI/ POLRI | K21: WNI | L21: Lingkungan Perumda SelatanNo 19 RT 04 RW 09 | M21: KK | N21: 520115 0107800214
C22: 19 | D22: Herawati S.Pd | E22: P | F22: Kawin | G22: 30051 | H22: Islam | I22: SLTA/MA | J22: Wiraswasta | K22: WNI | L22: Lingkungan Perumda Selatan No 19 RT 04 RW 09 | M22: Istri | N22: 520115 5004820001
C23: 20 | D23: Aira Putri Zulfa Hakim | E23: P | F23: Belum kawin | G23: 40073 | H23: Islam | I23: - | J23: - | K23: WNI | L23: Lingkungan Perumda Selatan No 19 RT 04 RW 09 | M23: Anak | N23: 520115 5709090002
B24: 7 | C24: 21 | D24: Joni Hariyanto | E24: L | F24: Kawin | G24: 26434 | H24: Islam | I24: PT/Akademi | J24: PNS/ TNI/ POLRI | K24: WNI | L24: Lingkungan Perumda SelatanNo 18 RT 04 RW 09 | M24: KK | N24: 520107 1606720002
C25: 22 | D25: Baiq Erniwati | E25: P | F25: Kawin | G25: 26626 | H25: Islam | I25: SLTP/MTSN | J25: Wiraswasta | K25: WNI | L25: Lingkungan Perumda SelatanNo 18 RT 04 RW 09 | M25: Istri | N25: 520107 6311720002
C26: 23 | D26: Aditya Yudi Permadi | E26: L | F26: Belum kawin | G26: 35045 | H26: Islam | I26: SLTA/MA | J26: - | K26: WNI | L26: Lingkungan Perumda SelatanNo 18 RT 04 RW 09 | M26: Anak | N26: 520107 1212950002
C27: 24 | D27: Wahyu Dwi Saputra | E27: L | F27: Belum kawin | G27: 37583 | H27: Islam | I27: - | J27: - | K27: WNI | L27: Lingkungan Perumda SelatanNo 18 RT 04 RW 09 | M27: Anak | N27: 520107 0311020002
C28: 25 | D28: M. Fahrrozi | E28: L | F28: Belum kawin | G28: 38993 | H28: Islam | I28: - | J28: - | K28: WNI | L28: Lingkungan Perumda SelatanNo 18 RT 04 RW 09 | M28: Anak | N28: 520107 0311080001
B29: 8 | C29: 26 | D29: Rival Hendriawan Lalu | E29: L | F29: Kawin | G29: 32173 | H29: Islam | I29: SD/MI | J29: Wiraswasta | K29: WNI | L29: Lingkungan Perumda SelatanNo 17 RT 04 RW 09 | M29: KK | N29: 520102 3103860001
C30: 27 | D30: Mustikah | E30: P | F30: Kawin | G30: 35958 | H30: Islam | I30: SD/MI | J30: Wiraswasta | K30: WNI | L30: Lingkungan Perumda SelatanNo 17 RT 04 RW 09 | M30: Istri | N30: 520101 5206880001
B31: 9 | C31: 28 | D31: Engkus Kusnendar S.E | E31: L | F31: Kawin | G31: 31483 | H31: Islam | I31: PT/Akademik | J31: Wiraswasta | K31: WNI | L31: Lingkungan Perumda SelatanNo 16 RT 04 RW 09 | M31: KK | N31: 527105 1203860005
C32: 29 | D32: Ety Sastriani S.E | E32: P | F32: Kawin | G32: 31672 | H32: Islam | I32: PT/Akademi | J32: - | K32: WNI | L32: Lingkungan Perumda SelatanNo 16 RT 04 RW 09 | M32: Istri | N32: 520208 5709860004
C33: 30 | D33: Fiola Anastasya Cantika | E33: P | F33: Belum kawin | G33: 41244 | H33: Islam | I33: - | K33: WNI | L33: Lingkungan Perumda SelatanNo 16 RT 04 RW 09 | M33: Anak | N33: 520208 4112120001
B34: 10 | C34: 31 | D34: Bidrah | E34: P | F34: Janda | G34: 29042 | H34: Islam | I34: SLTP/MTSNN | J34: Wiraswasta | K34: WNI | L34: Lingkungan Perumda SelatanNo 15 RT 04 RW 09 | M34: KK | N34: 520101 4607790001
B35: 11 | C35: 32 | D35: Lalu Sunarman | E35: L | F35: Kawin | G35: 23940 | H35: Islam | I35: SLTA/MA | J35: PNS/ TNI/ POLRI | K35: WNI | L35: Lingkungan Perumda SelatanNo 13 RT 04 RW 09 | M35: KK | N35: 520101 1707650001
C36: 33 | D36: Hilyatil Mardilah | E36: P | F36: Kawin | G36: 24712 | H36: Islam | I36: SLTA/MA | J36: PNS/ TNI/ POLRI | K36: WNI | L36: Lingkungan Perumda SelatanNo 13 RT 04 RW 09 | M36: Istri | N36: 520101 6808670001
C37: 34 | D37: Lalu Ilman Haris | E37: L | F37: Belum kawin | G37: 31958 | H37: Islam | I37: SLTA/MA | J37: Wiraswasta | K37: WNI | L37: Lingkungan Perumda SelatanNo 13 RT 04 RW 09 | M37: KK | N37: 520101 3012870006
C38: 35 | D38: Lalu Helmi Suleman Haris | E38: L | F38: Belum kawin | G38: 0709-1989 | H38: Islam | I38: SLTA/MA | J38: Wiraswasta | K38: WNI | L38: Lingkungan Perumda SelatanNo 13 RT 04 RW 09 | M38: KK | N38: 520101 0709890002
C39: 36 | D39: Lalu Zainul Rahman Haris | E39: L | F39: Belum kawin | G39: 35210 | H39: Islam | I39: SLTA/MA | J39: - | K39: WNI | L39: Lingkungan Perumda SelatanNo 13 RT 04 RW 09 | M39: KK | N39: 520101 2503960001
C40: 37 | D40: Baiq Isma Najwa Farhani H. | E40: P | F40: Belum kawin | G40: 39061 | H40: Islam | I40: - | J40: - | K40: WNI | L40: Lingkungan Perumda SelatanNo 13 RT 04 RW 09 | M40: KK | N40: 520101 5012960003
B41: 12 | C41: 38 | D41: Muhammad Khalid S.E | E41: L | F41: Kawin | G41: 24837 | H41: Islam | I41: SLTA/MA | J41: PNS/ TNI/ POLRI | K41: WNI | L41: Lingkungan Perumda SelatanNo 12 RT 04 RW 09 | M41: KK | N41: 520101 3112670111
C42: 39 | D42: Lamatun Hasanah A.MA | E42: P | F42: Kawin | G42: 27609 | H42: Islam | I42: SLTA/MA | J42: PNS/ TNI/ POLRI | K42: WNI | L42: Lingkungan Perumda SelatanNo 12 RT 04 RW 09 | M42: Istri | N42: 520101 4308750002
C43: 40 | D43: Khalidiya Husna Amalia | E43: P | F43: Belum kawin | G43: 37688 | H43: Islam | I43: - | J43: - | K43: WNI | L43: Lingkungan Perumda SelatanNo 12 RT 04 RW 09 | M43: KK | N43: 520101 4803030003
C44: 41 | D44: Muh Faqih Cahyadi | E44: L | F44: Belum kawin | G44: 38364 | H44: Islam | I44: - | J44: - | K44: WNI | L44: Lingkungan Perumda SelatanNo 12 RT 04 RW 09 | M44: KK | N44: 520101 1201080005
C45: 42 | D45: Muh Fiqih Hariyadi | E45: L | F45: Belum kawin | G45: 38364 | H45: Islam | I45: - | J45: - | K45: WNI | L45: Lingkungan Perumda SelatanNo 12 RT 04 RW 09 | M45: KK | N45: 520101 1201080006
C46: 43 | D46: Ahmad Taufiq Arafa | E46: L | F46: Belum kawin | G46: 40753 | H46: Islam | I46: - | J46: - | K46: WNI | L46: Lingkungan Perumda SelatanNo 12 RT 04 RW 09 | M46: KK | N46: 520101 2907110001
B47: 13 | C47: 44 | D47: I Gusti Ngurah Ketut Artha | E47: L | F47: Kawin | G47: 26211 | H47: Hindu | I47: PT/Akademi | J47: PNS/ TNI/ POLRI | K47: WNI | L47: Lingkungan Perumda SelatanNo 11 RT 04 RW 09 | M47: KK | N47: 520101 0510710005
C48: 45 | D48: Ni Luh Sriani | E48: P | F48: Kawin | G48: 26794 | H48: Hindu | I48: SLTP/MTSN | J48: - | K48: WNI | L48: Lingkungan Perumda SelatanNo 11 RT 04 RW 09 | M48: Istri | N48: 520101 5005730006
C49: 46 | D49: I Gusti Ngurah Wahyu Artha | E49: L | F49: Belum kawin | G49: 34651 | H49: Hindu | I49: SLTA/MA | J49: - | K49: WNI | L49: Lingkungan Perumda SelatanNo 11 RT 04 RW 09 | M49: Anak | N49: 520101 1311940002
C50: 47 | D50: Gusti Ngurah Andre Dwi Payana | E50: L | F50: Belum kawin | G50: 35928 | H50: Hindu | I50: SLTP/MTSN | J50: - | K50: WNI | L50: Lingkungan Perumda SelatanNo 11 RT 04 RW 09 | M50: Anak | N50: 520101 2305980001
C51: 48 | D51: Putri Novi Ariani I Gusti Ayu | E51: P | F51: Belum kawin | G51: 37582 | H51: Hindu | I51: - | J51: - | K51: WNI | L51: Lingkungan Perumda SelatanNo 11 RT 04 RW 09 | M51: Anak | N51: 520101 5211010001
C52: 49 | D52: I Gst Ayu Putri Suci Kha Devi | E52: P | F52: Belum kawin | G52: 36965 | H52: Hindu | I52: - | J52: - | K52: WNI | L52: Lingkungan Perumda SelatanNo 11 RT 04 RW 09 | M52: Anak | N52: 520101 5603110001
B53: 14 | C53: 50 | D53: Muhamad Atim | E53: L | F53: Kawin | G53: 28490 | H53: Islam | I53: PT/Akademi | J53: PNS/ TNI/ POLRI | K53: WNI | L53: Lingkungan Perumda SelatanNo 10 RT 04 RW 09 | M53: KK | N53: 520101 3112770005
C54: 51 | D54: Sriani Oktavia Utami | E54: P | F54: Kawin | G54: 28415 | H54: Islam | I54: SLTA/MA | J54: Wiraswasta | K54: WNI | L54: Lingkungan Perumda SelatanNo 10 RT 04 RW 09 | M54: Istri | N54: 520101 5006770001
C55: 52 | D55: Alif Gibran | E55: L | F55: Belum kawin | G55: 37053 | H55: Islam | I55: SD/MI | J55: - | K55: WNI | L55: Lingkungan Perumda SelatanNo 10 RT 04 RW 09 | M55: Anak | N55: 520101 1106010001
C56: 53 | D56: Nania Rayata | E56: P | F56: Belum kawin | G56: 38682 | H56: Islam | I56: - | J56: - | K56: WNI | L56: Lingkungan Perumda SelatanNo 10 RT 04 RW 09 | M56: Anak | N56: 520101 6611050001
C57: 54 | D57: Intan Ramadhani | E57: P | F57: Belum kawin | G57: 39010 | H57: Islam | I57: - | J57: - | K57: WNI | L57: Lingkungan Perumda SelatanNo 10 RT 04 RW 09 | M57: Anak | N57: 520101 6010060001
C58: 55 | D58: Eveline Zahra Bilqis | E58: P | F58: Belum kawin | G58: 41750 | H58: Islam | I58: - | J58: - | K58: WNI | L58: Lingkungan Perumda SelatanNo 10 RT 04 RW 09 | M58: Anak | N58: 520101 6104140002
B59: 15 | C59: 56 | D59: Imam Firmansyah RM | E59: L | F59: Kawin | G59: 29505 | H59: Islam | J59: PNS/ TNI/ POLRI | K59: WNI | L59: Lingkungan Perumda SelatanNo 09 RT 04 RW 09 | M59: KK | N59: 520101 1110800002
C60: 57 | D60: Septina Indrawati | E60: P | F60: Kawin | G60: 30222 | H60: Islam | I60: SLTA/MA | J60: Wiraswasta | K60: WNI | L60: Lingkungan Perumda SelatanNo 09 RT 04 RW 09 | M60: Istri | N60: 520101 6809920001
C61: 58 | D61: Syafa Ahmad Firmansyah | E61: L | F61: Belum kawin | G61: 39506 | H61: Islam | I61: - | J61: - | K61: WNI | L61: Lingkungan Perumda SelatanNo 09 RT 04 RW 09 | M61: Anak | N61: 520101 2802080001
C62: 59 | D62: Syafiq Ahmad Ahmad Firmansyah | E62: L | F62: Belum kawin | G62: 40888 | H62: Islam | I62: - | J62: - | K62: WNI | L62: Lingkungan Perumda SelatanNo 09 RT 04 RW 09 | M62: Anak | N62: 520101 1112110001
B63: 16 | C63: 60 | D63: Bambang Purwanto | E63: L | F63: Kawin | G63: 24796 | H63: Islam | I63: SLTA/MA | J63: PNS/ TNI/ POLRI | K63: WNI | L63: Lingkungan Perumda SelatanNo 09 RT 04 RW 09 | M63: KK | N63: 520101 2011670001
C64: 61 | D64: Wisnu Cahya Arini | E64: P | F64: Kawin | G64: 23044 | H64: Islam | I64: SLTA/MA | J64: PNS/ TNI/ POLRI | K64: WNI | L64: Lingkungan Perumda SelatanNo 09 RT 04 RW 09 | M64: Istri | N64: 520101 4202630002
C65: 62 | D65: Purwa Saputra | E65: P | F65: Belum kawin | G65: 37410 | H65: Islam | I65: - | J65: - | K65: WNI | L65: Lingkungan Perumda SelatanNo 09 RT 04 RW 09 | M65: Anak | N65: 520101 0306020001
B66: 17 | C66: 63 | D66: I Komang Yudistia Witana | E66: L | F66: Kawin | G66: 29802 | H66: Hindu | I66: SLTA/MA | J66: Pegawai swasta | K66: WNI | L66: Lingkungan Perumda SelatanNo 07 RT 04 RW 09 | M66: KK | N66: 527102 0408820007
C67: 64 | D67: Ni Komang Erni Suzanti | E67: P | F67: Kawin | G67: 30789 | H67: Hindu | I67: SLTA/MA | J67: Pegawai swasta | K67: WNI | L67: Lingkungan Perumda SelatanNo 07 RT 04 RW 09 | M67: Istri | N67: 520172 5704840005
C68: 65 | D68: Ni Putu Erdita Witana Putri | E68: P | F68: Belum kawin | G68: 40428 | H68: Hindu | I68: - | J68: - | K68: WNI | L68: Lingkungan Perumda SelatanNo 07 RT 04 RW 09 | M68: Anak | N68: 527102 4709100001
B69: 18 | C69: 66 | D69: Ketut Merta | E69: L | F69: Kawin | G69: 31281 | H69: Hindu | I69: SLTA/MA | J69: PNS/ TNI/ POLRI | K69: WNI | L69: Lingkungan Perumda SelatanNo 05 RT 04 RW 09 | M69: KK | N69: 527106 2208850001
C70: 67 | D70: Ketut Martini | E70: P | F70: Kawin | G70: 28-041988 | H70: Hindu | I70: SLTA/MA | J70: - | K70: WNI | L70: Lingkungan Perumda SelatanNo 05 RT 04 RW 09 | M70: Istri | N70: 527106 6804880002
C71: 68 | D71: Putu Kevin Andaresta | E71: L | F71: Belum kawin | G71: 39979 | H71: Hindu | I71: - | J71: - | K71: WNI | L71: Lingkungan Perumda SelatanNo 05 RT 04 RW 09 | M71: KK | N71: 000000 0000000000
C72: 69 | D72: Kadek Jeiska Meryantini | E72: P | F72: Belum kawin | G72: 42092 | H72: Hindu | I72: - | J72: - | K72: WNI | L72: Lngkungan BTN Pemda, No 05 RT 04 RW 09 | M72: KK | N72: 000000 0000000000
B73: 19 | C73: 70 | D73: M. Yunus | E73: L | F73: Kawin | G73: 27519 | H73: Islam | I73: SLTA/MA | J73: Pedagang | K73: WNI | L73: Lingkungan Perumda SelatanNo 02 RT 04 RW 09 | M73: KK | N73: 520101 0057510001
C74: 71 | D74: Yenni Zahra | E74: P | F74: Kawin | G74: 28924 | H74: Islam | I74: SLTA/MA | J74: Pedagang | K74: WNI | L74: Lingkungan Perumda SelatanNo 02 RT 04 RW 09 | M74: Istri | N74: 520101 5003791001
C75: 72 | D75: Ricardo Zen | E75: L | F75: Belum kawin | G75: 36387 | H75: Islam | I75: SLTP/ MTSN | J75: - | K75: WNI | L75: Lingkungan Perumda SelatanNo 02 RT 04 RW 09 | M75: Anak | N75: 520101 1508991001
C76: 73 | D76: Reyza Zen | E76: L | F76: Belum kawin | G76: 39407 | H76: Islam | I76: - | J76: - | K76: WNI | L76: Lingkungan Perumda SelatanNo 02 RT 04 RW 09 | M76: Anak | N76: 520101 2111071001
B77: 20 | C77: 74 | D77: Ali Firmansyah | E77: L | F77: Kawin | G77: 31104 | H77: Islam | I77: SLTA/MA | J77: Pegawai swasta | K77: WNI | L77: Lingkungan Perumda SelatanNo 01 RT 04 RW 09 | M77: KK | N77: 520101 2602850001
C78: 75 | D78: Baiq Meli Fidiyanti | E78: P | F78: Kawin | G78: 31542 | H78: Islam | I78: SLTA/MA | J78: Pedagang | K78: WNI | L78: Lingkungan Perumda SelatanNo 01 RT 04 RW 09 | M78: Istri | N78: 520101 5005860004
C79: 76 | D79: N. Geulisna Allysya Putri | E79: P | F79: Belum kawin | G79: 39667 | H79: Islam | I79: - | J79: - | K79: WNI | L79: Lingkungan Perumda SelatanNo 01 RT 04 RW 09 | M79: Anak | N79: 520101 4708080001
C80: 77 | D80: Hyuga Raditya Abbiyyu | E80: L | F80: Belum kawin | G80: 41621 | H80: Islam | I80: - | J80: - | K80: WNI | L80: Lingkungan Perumda SelatanNo 01 RT 04 RW 09 | M80: Anak | N80: 520101 1312130001
B81: 21 | C81: 78 | D81: Ervan Bendy Rudi Hermawan | E81: L | F81: Kawin | G81: 33281 | H81: Islam | I81: SLTA/MA | J81: Pegawai swasta | K81: WNI | L81: Lingkungan Perumda SelatanNo 16 RT 04 RW 09 | M81: KK | N81: 5.2011412e+15
C82: 79 | D82: Neni Walyuni fitriani A.Md | E82: P | F82: Kawin | G82: 32993 | H82: Islam | I82: SLTA/MA | J82: - | K82: WNI | L82: Lingkungan Perumda SelatanNo 16 RT 04 RW 09 | M82: Istri | N82: 520101 7004900001
C83: 80 | D83: Tere Aulia Vany | E83: P | F83: Belum kawin | G83: 41880 | H83: Islam | I83: - | J83: - | K83: WNI | L83: Lingkungan Perumda SelatanNo 16 RT 04 RW 09 | M83: Anak | N83: 520101 5908140001
B84: 22 | C84: 81 | D84: Lalu Burhanudin | E84: L | F84: Kawin | G84: 25568 | H84: Islam | I84: SD/MI | J84: PNS/ TNI/ POLRI | K84: WNI | L84: Lingkungan Perumda SelatanNo 03 RT 04 RW 09 | M84: KK | N84: 235002 3112690241
C85: 82 | D85: Baiq Sri Marniati | E85: P | F85: Kawin | G85: 0701-1972 | H85: Islam | I85: SLTP/MTSN | J85: - | K85: WNI | L85: Lingkungan Perumda SelatanNo 03 RT 04 RW 09 | M85: Istri | N85: 235002 4701720002
C86: 83 | D86: Lalu Dio Mandi Saputra | E86: L | F86: Belum kawin | G86: 38258 | H86: Islam | I86: - | J86: - | K86: WNI | L86: Lingkungan Perumda SelatanNo 03 RT 04 RW 09 | M86: Anak | N86: 235002 2809040003
B87: 23 | C87: 84 | D87: Lalu Fikri Gunawan | E87: L | F87: Kawin | G87: 28844 | H87: Islam | I87: PT/Akademi | J87: Wiraswasta | K87: WNI | L87: Lingkungan Perumda SelatanNo 04 RT 04 RW 09 | M87: KK | N87: 520101 2012780002
C88: 85 | D88: Eny Puspitawati | E88: P | F88: Kawin | G88: 25708 | H88: Islam | I88: PT/Akademi | J88: PNS/ TNI/ POLRI | K88: WNI | L88: Lingkungan Perumda SelatanNo 04 RT 04 RW 09 | M88: Istri | N88: 520101 7006700001
C89: 86 | D89: Lalu Bagas Prakasa | E89: L | F89: Belum kawin | G89: 37953 | H89: Islam | I89: - | J89: - | K89: WNI | L89: Lingkungan Perumda SelatanNo 04 RT 04 RW 09 | M89: Anak | N89: 520101 2811030001
C90: 87 | D90: Baiq Andara Hadiawati | E90: P | F90: Belum kawin | G90: 39280 | H90: Islam | I90: - | J90: - | K90: WNI | L90: Lingkungan Perumda SelatanNo 04 RT 04 RW 09 | M90: Anak | N90: 520101 8707070001
C91: 88 | D91: Lalu Naoval Wiguna | E91: L | F91: Belum kawin | G91: 40114 | H91: Islam | I91: - | J91: - | K91: WNI | L91: Lingkungan Perumda SelatanNo 04 RT 04 RW 09 | M91: Anak | N91: 520101 2610000002
C92: 89 | D92: Oktiary Wahyu Ningrum | E92: P | F92: Belum kawin | G92: 32436 | H92: Islam | I92: - | J92: - | K92: WNI | L92: Lingkungan Perumda SelatanNo 04 RT 04 RW 09 | M92: Lain-lain | N92: 520101 5010880001
B93: 24 | C93: 90 | D93: Edy Andreas Abidano | E93: L | F93: Kawin | G93: 24543 | H93: Islam | I93: SLTA/MA | J93: Wiraswata | K93: WNI | L93: Lingkungan Perumda SelatanNo 05 RT 04 RW 09 | M93: KK | N93: 520173 1203670002
C94: 91 | D94: Debora Dewa Ayu Astini | E94: P | F94: Kawin | G94: 24949 | H94: Islam | I94: SLTA/MA | J94: Pegawai swasta | K94: WNI | L94: Lingkungan Perumda SelatanNo 05 RT 04 RW 09 | M94: Istri | N94: 520173 6104680006
C95: 92 | D95: Septiaginta Abidano | E95: P | F95: Belum kawin | G95: 35810 | H95: Islam | I95: SLTP/MTSN | J95: - | K95: WNI | L95: Lingkungan Perumda SelatanNo 05 RT 04 RW 09 | M95: Anak | N95: 520173 5501980003
C96: 93 | D96: Dwiyan Adiputra Abidano | E96: L | F96: Belum kawin | G96: 36705 | H96: Islam | I96: SLTP/MTSN | J96: - | K96: WNI | L96: Lingkungan Perumda SelatanNo 05 RT 04 RW 09 | M96: Anak | N96: 520173 2806000003
C97: 94 | D97: Triayani Olivia Abidano | E97: P | F97: Belum kawin | G97: 39343 | H97: Islam | I97: - | J97: - | K97: WNI | L97: Lingkungan Perumda SelatanNo 05 RT 04 RW 09 | M97: Anak | N97: 520173 5809070001
B98: 25 | C98: 95 | D98: Agoes Santoso | E98: L | F98: Kawin | G98: 29437 | H98: Islam | I98: PT/Akademik | J98: Pegawai swasta | K98: WNI | L98: Lingkungan Perumda SelatanNo 07 RT 04 RW 09 | M98: KK | N98: 520101 0408800004
C99: 96 | D99: Fenty Sulistyaninsih RR SD/MIP | E99: P | F99: Kawin | G99: 29632 | H99: Islam | I99: SLTP/MA | J99: - | K99: WNI | L99: Lingkungan Perumda SelatanNo 07 RT 04 RW 09 | M99: Istri | N99: 520101 5502810003
C100: 97 | D100: Rifka Ulfa Anisa | E100: P | F100: Belum kawin | G100: 37705 | H100: Islam | I100: - | J100: - | K100: WNI | L100: Lingkungan Perumda SelatanNo 07 RT 04 RW 09 | M100: Anak | N100: 520101 6503030003
...

Sheet RT 05
B1: DATA INDUK PENDUDUK PERUMDA SELATAN RT 05 KELURAHAN DASAN GERES TAHUN 2015
B2: No | D2: Nama Lengkap/ | E2: Jenis Kelamin (L/P) | F2: Status Perkawinan | G2: Tanggal Lahir | H2: Agama | I2: Pendidikan Terakhir | J2: Pekerjaan | K2: Kewarganegaraan | L2: Alamat Lengkap | M2: Kedudukan dalam Keluarga | N2: NIK
D3: Panggilan
B4: 1 | C4: 1 | D4: Supardi R | E4: L | F4: Kawin | G4: 20520 | H4: Islam | I4: SLTA/MA | J4: Pensiunan | K4: WNI | L4: Lingkungan Perumda Selatan No 01 RT 05 RW 09 | M4: KK | N4: 527102 0603340001
C5: 2 | D5: Siti Kariaton | E5: P | F5: Belum kawin | G5: 21550 | H5: Islam | I5: - | J5: Pedagang | K5: WNI | L5: Lingkungan Perumda Selatan No 01 RT 05 RW 09 | M5: Istri | N5: 527102 7112580175
B6: 2 | C6: 3 | D6: Taufikurrahman | E6: L | F6: Kawin | G6: 27826 | H6: Islam | I6: SLTA/MA | J6: Lainnya | K6: WNI | L6: Lingkungan Perumda Selatan No 01 RT 05 RW 09 | M6: KK | N6: 520101 0703760001
C7: 4 | D7: Mardiah | E7: P | F7: Kawin | G7: 29343 | H7: Islam | I7: SLTA/MA | J7: - | K7: WNI | L7: Lingkungan Perumda Selatan No 01 RT 05 RW 09 | M7: Istri | N7: 520101 4205800004
C8: 5 | D8: Irsalaman | E8: L | F8: Belum kawin | G8: 39488 | H8: Islam | I8: - | J8: - | K8: WNI | L8: Lingkungan Perumda Selatan No 02 RT 05 RW 09 | M8: Anak | N8: 520101 1002080001
C9: 6 | D9: Mayesa Ayu Ramadani | E9: P | F9: Belum kawin | G9: 41818 | H9: Islam | I9: - | J9: - | K9: WNI | L9: Lingkungan Perumda Selatan No 01 RT 05 RW 09 | M9: Anak | N9: 520101 6800140002
B10: 3 | C10: 7 | D10: Topan Budiawan | E10: L | F10: Kawin | G10: 32512 | H10: Islam | I10: PT/Akademi | J10: Lainnya | K10: WNI | L10: Lingkungan Perumda Selatan No 02 RT 05 RW 09 | M10: KK | N10: 520101 0107880169
C11: 8 | D11: Dessy Cessara Rizqi | E11: P | F11: Kawin | G11: 32483 | H11: Islam | I11: PT/Akademi | J11: Wiraswasta | K11: WNI | L11: Lingkungan Perumda Selatan No 02 RT 05 RW 09 | M11: Istri | N11: 520101 4612880005
C12: 9 | D12: Adelia Deva Annida | E12: P | F12: Belum kawin | G12: 41596 | H12: Islam | I12: - | J12: - | K12: WNI | L12: Lingkungan Perumda Selatan No 02 RT 05 RW 09 | M12: Anak | N12: 520101 5811311001
B13: 4 | C13: 10 | D13: Muniah | E13: P | F13: Janda | G13: 16071 | H13: Islam | I13: - | J13: - | K13: WNI | L13: Lingkungan Perumda Selatan No 03 RT 05 RW 09 | M13: KK | N13: 520101 7112430014
C14: 11 | D14: Indah | E14: P | F14: Belum kawin | G14: 36711 | H14: Islam | I14: SLTP/MTSN | J14: - | K14: WNI | L14: Lingkungan Perumda Selatan No 03 RT 05 RW 09 | M14: Istri | N14: 520101 4492830002
C15: 12 | D15: Marnah Munir | E15: P | F15: Kawin | G15: 26370 | H15: Islam | I15: PT/Akademi | J15: PNS/TNI/ POLRI | K15: WNI | L15: Lingkungan Perumda Selatan No 03 RT 05 RW 09 | M15: Anak | N15: 520101 8203720002
B16: 5 | C16: 13 | D16: Drs Muhammad Nuh | E16: L | F16: Kawin | G16: 21406 | H16: Islam | I16: PT/Akademi | J16: PNS/TNI/ POLRI | K16: WNI | L16: Lingkungan Perumda Selatan No 04 RT 05 RW 09 | M16: KK | N16: 520108 0908580001
C17: 14 | D17: Baiq Huriah | E17: P | F17: Kawin | G17: 22991 | H17: Islam | I17: PT/Akademi | J17: - | K17: WNI | L17: Lingkungan Perumda Selatan No 04 RT 05 RW 09 | M17: Istri | N17: 520108 7112620078
C18: 15 | D18: Zahratul Fitriani | E18: P | F18: Belum kawin | G18: 33702 | H18: Islam | I18: SLTA/MA | J18: - | K18: WNI | L18: Lingkungan Perumda Selatan No 04 RT 05 RW 09 | M18: Anak | N18: 520108 4804920002
C19: 16 | D19: Fitriyan Hartika | E19: P | F19: Belum kawin | G19: 34476 | H19: Islam | I19: SLTA/MA | J19: - | K19: WNI | L19: Lingkungan Perumda Selatan No 04 RT 05 RW 09 | M19: Anak | N19: 520108 4205949997
B20: 6 | C20: 17 | D20: Kariadi | E20: L | F20: Kawin | G20: 28247 | H20: Islam | I20: SLTA/MA | J20: PNS/TNI/ POLRI | K20: WNI | L20: Lingkungan Perumda Selatan No 05 RT 05 RW 09 | M20: KK | N20: 520102 0205770001
C21: 18 | D21: Laily Sumiati | E21: P | F21: Kawin | G21: 30281 | H21: Islam | I21: PT/Akadmi | J21: Pekerja lepas | K21: WNI | L21: Lingkungan Perumda Selatan No 05 RT 05 RW 09 | M21: Istri | N21: 520102 6611020001
C22: 19 | D22: Adila Aura Kharisma | E22: P | F22: Belum kawin | G22: 41074 | H22: Islam | I22: - | J22: - | K22: WNI | L22: Lingkungan Perumda Selatan No 05 RT 05 RW 09 | M22: Anak | N22: 520102 3405120001
B23: 7 | C23: 20 | D23: Aditya Alfandi Saputra | E23: L | F23: Kawin | G23: 30823 | H23: Islam | I23: SLTA/MA | J23: Wiraswasta | K23: WNI | L23: Lingkungan Perumda Selatan No 06 RT 05 RW 09 | M23: KK | N23: 520101 2105840006
C24: 21 | D24: Lucky Febriana | E24: P | F24: Kawin | G24: 32911 | H24: Islam | I24: SLTA/MA | J24: - | K24: WNI | L24: Lingkungan Perumda Selatan No 06 RT 05 RW 09 | M24: Istri | N24: 520101 4702900001
C25: 22 | D25: Yandre Dwi Saputra | E25: P | F25: Belum kawin | G25: 34575 | H25: Islam | I25: SLTA/MA | J25: - | K25: WNI | L25: Lingkungan Perumda Selatan No 06 RT 05 RW 09 | M25: Anak | N25: 520101 2908940002
B26: 8 | C26: 23 | D26: Irfan Juhari S.T | E26: L | F26: Kawin | G26: 12068 | H26: Islam | I26: PT/Akademi | J26: PNS/TNI/ POLRI | K26: WNI | L26: Lingkungan Perumda Selatan No 07 RT 05 RW 09 | M26: KK | N26: 520101 1401820004
C27: 24 | D27: Aluh Ari Yuliarti S.Pd | E27: P | F27: Kawin | G27: 31959 | H27: Islam | I27: PT/Akademi | J27: Wiraswasta | K27: WNI | L27: Lingkungan Perumda Selatan No 07 RT 05 RW 09 | M27: Istri | N27: 520101 4107670127
C28: 25 | D28: Fathia Aljauza Irfani | E28: P | F28: Belum kawin | G28: 40635 | H28: Islam | I28: - | J28: - | K28: WNI | L28: Lingkungan Perumda Selatan No 07 RT 05 RW 09 | M28: Anak | N28: 520101 4204110005
B29: 9 | C29: 26 | D29: Musalihin | E29: L | F29: Kawin | G29: 24833 | H29: Islam | I29: SLTA/MA | J29: Pedagang | K29: WNI | L29: Lingkungan Perumda Selatan No 08 RT 05 RW 09 | M29: KK | N29: 527102 2712670001
C30: 27 | D30: Rohani | E30: P | F30: Kawin | G30: 22862 | H30: Islam | I30: - | J30: Pedagang | K30: WNI | L30: Lingkungan Perumda Selatan No 08 RT 05 RW 09 | M30: Istri | N30: 527102 4408620001
C31: 28 | D31: Nurulhida | E31: P | F31: Belum kawin | G31: 27394 | H31: Islam | I31: - | J31: Pedagang | K31: WNI | L31: Lingkungan Perumda Selatan No 08 RT 05 RW 09 | M31: Anak | N31: 527102 7112740115
C32: 29 | D32: Linda lestari | E32: P | F32: Belum kawin | G32: 34439 | H32: Islam | I32: SLTP/MTSN | J32: Pedagang | K32: WNI | L32: Lingkungan Perumda Selatan No 08 RT 05 RW 09 | M32: Anak | N32: 527102 5504940002
B33: 10 | C33: 30 | D33: Lalu Abdul Majid | E33: L | F33: Kawin | G33: 25933 | H33: Islam | I33: SLTA/MA | J33: PNS/TNI/ POLRI | K33: WNI | L33: Lingkungan Perumda Selatan No 09 RT 05 RW 09 | M33: KK | N33: 520101 3112100206
C34: 31 | D34: Mulianah | E34: P | F34: Kawin | G34: 26969 | H34: Islam | I34: PT/Akademi | J34: PNS/TNI/ POLRI | K34: WNI | L34: Lingkungan Perumda Selatan No 09 RT 05 RW 09 | M34: Istri | N34: 520101 4111730001
C35: 32 | D35: Lalu Fashabrun Jamil | E35: L | F35: Belum kawin | G35: 40452 | H35: Islam | I35: - | J35: - | K35: WNI | L35: Lingkungan Perumda Selatan No 09 RT 05 RW 09 | M35: Anak | N35: 520101 0111100006
C36: 33 | D36: Lalu Ihya Ulumuddin | E36: L | F36: Belum kawin | G36: 40910 | H36: Islam | I36: - | J36: - | K36: WNI | L36: Lingkungan Perumda Selatan No 09 RT 05 RW 09 | M36: Anak | N36: 520101 0101120002
B37: 11 | C37: 34 | D37: Ayi Sopandi | E37: L | F37: Kawin | G37: 24270 | H37: Islam | I37: PT/Akademi | J37: PNS/TNI/ POLRI | K37: WNI | L37: Lingkungan Perumda Selatan No 10 RT 05 RW 09 | M37: KK | N37: 520101 1209650001
C38: 35 | D38: Ratna Wahyuningsih | E38: P | F38: Kawin | G38: 27233 | H38: Islam | I38: PT/Akademi | J38: PNS/TNI/ POLRI | K38: WNI | L38: Lingkungan Perumda Selatan No 10 RT 05 RW 09 | M38: Istri | N38: 520101 8307740001
C39: 36 | D39: Agisna Maulana Noviandi | E39: P | F39: Belum kawin | G39: 34658 | H39: Islam | I39: SLTA/MA | J39: - | K39: WNI | L39: Lingkungan Perumda Selatan No 10 RT 05 RW 09 | M39: Anak | N39: 520101 2011840001
C40: 37 | D40: Arif Maulana Rahman | E40: L | F40: Belum kawin | G40: 36333 | H40: Islam | I40: SLTP/MTSN | J40: - | K40: WNI | L40: Lingkungan Perumda Selatan No 10 RT 05 RW 09 | M40: Anak | N40: 520101 3290890001
C41: 38 | D41: Ridwan Nugraha | E41: L | F41: Belum kawin | G41: 37265 | H41: Islam | I41: - | J41: - | K41: WNI | L41: Lingkungan Perumda Selatan No 10 RT 05 RW 09 | M41: Anak | N41: 520101 0181810001
C42: 39 | D42: Risda Khairunnisa | E42: P | F42: Belum kawin | G42: 40991 | H42: Islam | I42: - | J42: - | K42: WNI | L42: Lingkungan Perumda Selatan No 10 RT 05 RW 09 | M42: Anak | N42: 520101 8303120005
B43: 12 | C43: 40 | D43: Abdurrahman | E43: L | F43: Kawin | G43: 29327 | H43: Islam | I43: SLTA/MA | J43: Wiraswasta | K43: WNI | L43: Lingkungan Perumda Selatan No 11 RT 05 RW 09 | M43: KK | N43: 520101 1604800002
C44: 41 | D44: Hermi | E44: P | F44: Kawin | G44: 30316 | H44: Islam | I44: SLTA/MA | J44: - | K44: WNI | L44: Lingkungan Perumda Selatan No 11 RT 05 RW 09 | M44: Istri | N44: 520101 7112820005
C45: 42 | D45: Rizki Osama Bin Abdurrahman | E45: L | F45: Belum kawin | G45: 39972 | H45: Islam | I45: - | J45: - | K45: WNI | L45: Lingkungan Perumda Selatan No 11 RT 05 RW 09 | M45: Anak | N45: 520101 0808090001
C46: 43 | D46: Farziah | E46: P | F46: Janda | G46: 21550 | H46: Islam | I46: SLTP/MTSN | J46: Wiraswasta | K46: WNI | L46: Lingkungan Perumda Selatan No 11 RT 05 RW 09 | M46: Anak | N46: 520101 7112580039
B47: 13 | C47: 44 | D47: Puhan Danis Bibjokaso | E47: L | F47: Kawin | G47: 31074 | H47: Islam | I47: PT/Akademi | J47: Wiraswasta | K47: WNI | L47: Lingkungan Perumda Selatan No 12 RT 05 RW 09 | M47: KK | N47: 527102 2701850001
C48: 45 | D48: Peni Kartika Sari | E48: P | F48: Kawin | G48: 34241 | H48: Islam | I48: SLTA/MA | J48: Wiraswasta | K48: WNI | L48: Lingkungan Perumda Selatan No 12 RT 05 RW 09 | M48: Istri | N48: 520108 6909930005
B49: 14 | C49: 46 | D49: S Fathillah | E49: L | F49: Kawin | G49: 31526 | H49: Islam | I49: PT/Akademi | J49: Lainnya | K49: WNI | L49: Lingkungan Perumda Selatan No 13 RT 05 RW 09 | M49: KK | N49: 520313 2404860003
C50: 47 | D50: Syarifa Murazain | E50: P | F50: Kawin | G50: 32258 | H50: Islam | I50: PT/Akademi | J50: PNS/TNI/ POLRI | K50: WNI | L50: Lingkungan Perumda Selatan No 13 RT 05 RW 09 | M50: Istri | N50: 520313 6504880001
C51: 48 | D51: Abdullah Rasyid Alfatihah | E51: L | F51: Belum kawin | G51: 42052 | H51: Islam | I51: - | J51: - | K51: WNI | L51: Lingkungan Perumda Selatan No 13 RT 05 RW 09 | M51: Anak | N51: 520313 1702150002
B52: 15 | C52: 49 | D52: Rastal | E52: L | F52: Kawin | G52: 25026 | H52: Islam | I52: SLTA/MA | J52: PNS/TNI/ POLRI | K52: WNI | L52: Lingkungan Perumda Selatan No 14 RT 05 RW 09 | M52: KK | N52: 520101 0707680002
C53: 50 | D53: Haeratul Uyun | E53: P | F53: Kawin | G53: 25934 | H53: Islam | I53: SLTA/MA | J53: Pedagang | K53: WNI | L53: Lingkungan Perumda Selatan No 14 RT 05 RW 09 | M53: Istri | N53: 520101 4101710003
C54: 51 | D54: Siti Alfiana Rahmatillah | E54: P | F54: Belum kawin | G54: 32629 | H54: Islam | I54: SLTP/MTSN | J54: - | K54: WNI | L54: Lingkungan Perumda Selatan No 14 RT 05 RW 09 | M54: Anak | N54: 520101 4106990000
C55: 52 | D55: Siti Najiva Sakila | E55: P | F55: Belum kawin | G55: 38558 | H55: Islam | I55: - | J55: - | K55: WNI | L55: Lingkungan Perumda Selatan No 14 RT 05 RW 09 | M55: Anak | N55: 520101 5507050001
B56: 16 | C56: 53 | D56: Mardan S.P M.Si | E56: L | F56: Kawin | G56: 25933 | H56: Islam | I56: PT/Akademi | J56: PNS/TNI/ POLRI | K56: WNI | L56: Lingkungan Perumda Selatan No 15 RT 05 RW 09 | M56: KK | N56: 520101 3112700305
C57: 54 | D57: Baiq Sumarni S.Si | E57: P | F57: Kawin | G57: 24472 | H57: Islam | I57: PT/Akademi | J57: PNS/TNI/ POLRI | K57: WNI | L57: Lingkungan Perumda Selatan No 15 RT 05 RW 09 | M57: Istri | N57: 520101 7112680136
C58: 55 | D58: Hayyu Fathil Hasanah | E58: P | F58: Belum kaein | G58: 35171 | H58: Islam | I58: SLTA/MA | J58: - | K58: WNI | L58: Lingkungan Perumda Selatan No 15 RT 05 RW 09 | M58: Anak | N58: 520101 5504960002
C59: 56 | D59: Annisa Gina Islami | E59: P | F59: Belum kawin | G59: 36592 | H59: Islam | I59: SD/MI | J59: - | K59: WNI | L59: Lingkungan Perumda Selatan No 15 RT 05 RW 09 | M59: Anak | N59: 520101 4703000001
B60: 17 | C60: 57 | D60: Kamarwan Hadi S.Pd | E60: L | F60: Kawin | G60: 27994 | H60: Islam | I60: PT/Akademi | J60: Lainnya | K60: WNI | L60: Lingkungan Perumda Selatan No 16 RT 05 RW 09 | M60: KK | N60: 000000 0000000000
C61: 58 | D61: Baiq Nurfidia Yanti | E61: P | F61: Kawin | G61: 28984 | H61: Islam | I61: SLTA/MA | J61: PNS/TNI/ POLRI | K61: WNI | L61: Lingkungan Perumda Selatan No 16 RT 05 RW 09 | M61: Istri | N61: 520101 4705770003
B62: 18 | C62: 59 | D62: Sapoin | E62: L | F62: Kawin | G62: 27759 | H62: Islam | I62: SLTA/MA | J62: PNS/TNI/ POLRI | K62: WNI | L62: Lingkungan Perumda Selatan No 17 RT 05 RW 09 | M62: KK | N62: 520101 3112750002
C63: 60 | D63: Rohili | E63: P | F63: Kawin | G63: 27029 | H63: Islam | I63: SLTP/MTSN | J63: Wiraswasta | K63: WNI | L63: Lingkungan Perumda Selatan No 17 RT 05 RW 09 | M63: Istri | N63: 520101 7112730001
C64: 61 | D64: Yulistiana Saputri | E64: P | F64: Belum kawin | G64: 35636 | H64: Islam | I64: SLTA/MA | J64: - | K64: WNI | L64: Lingkungan Perumda Selatan No 17 RT 05 RW 09 | M64: Anak | N64: 520101 6507870001
C65: 62 | D65: Herlina Duwi Hidayati | E65: P | F65: Belum kawin | G65: 38155 | H65: Islam | I65: - | J65: - | K65: WNI | L65: Lingkungan Perumda Selatan No 17 RT 05 RW 09 | M65: Anak | N65: 520101 5706040001
B66: 19 | C66: 63 | D66: Lalu Muchlis Sayadi | E66: L | F66: Kawin | G66: 30651 | H66: Islam | I66: PT/Akademi | J66: PNS/TNI/ POLRI | K66: WNI | L66: Lingkungan Perumda Selatan No 18 RT 05 RW 09 | M66: KK | N66: 520101 0112830002
C67: 64 | D67: Komaria Lavera | E67: P | F67: Kawin | G67: 33572 | H67: Islam | I67: SLTA/MA | J67: - | K67: WNI | L67: Lingkungan Perumda Selatan No 18 RT 05 RW 09 | M67: Istri | N67: 520101 7011910001
C68: 65 | D68: Baiq Ahyatul Fitri | E68: P | F68: Belum kawin | G68: 40531 | H68: Islam | I68: - | J68: - | K68: WNI | L68: Lingkungan Perumda Selatan No 18 RT 05 RW 09 | M68: Anak | N68: 520101 1591219994
C69: 66 | D69: Lalu Barli Azizi | E69: L | F69: Belum kawin | G69: 41424 | H69: Islam | I69: - | J69: - | K69: WNI | L69: Lingkungan Perumda Selatan No 18 RT 05 RW 09 | M69: Anak | N69: 520101 3005130002
B70: 20 | C70: 67 | D70: Mohamad Jupri | E70: L | F70: Kawin | G70: 28919 | H70: Islam | I70: PT/Akademi | J70: PNS/TNI/ POLRI | K70: WNI | L70: Lingkungan Perumda Selatan No 19 RT 05 RW 09 | M70: KK | N70: 520101 0503790001
C71: 68 | D71: Baiq Olivia Purwana Sari | E71: P | F71: Kawin | G71: 30146 | H71: Islam | I71: PT/Akademi | J71: - | K71: WNI | L71: Lingkungan Perumda Selatan No 19 RT 05 RW 09 | M71: Istri | N71: 520101 5407820002
C72: 69 | D72: Sophia Aulia Zeila Rifa | E72: P | F72: Belum kawin | G72: 38511 | H72: Islam | I72: - | J72: - | K72: WNI | L72: Lingkungan Perumda Selatan No 19 RT 05 RW 09 | M72: Anak | N72: 520101 4806050004
B73: 21 | C73: 70 | D73: Raufif Daeng Mamala S.H | E73: L | F73: Kawin | G73: 29656 | H73: Islam | I73: PT/Akademi | J73: PNS/TNI/ POLRI | K73: WNI | L73: Lingkungan Perumda Selatan No 20 RT 05 RW 09 | M73: KK | N73: 520101 1103810005
C74: 71 | D74: Siti Hadija Bahrudin | E74: P | F74: Kawin | G74: 30006 | H74: Islam | I74: PT/Akademi | J74: Lainnya | K74: WNI | L74: Lingkungan Perumda Selatan No 20 RT 05 RW 09 | M74: Istri Anak | N74: 520101 5103820002
C75: 72 | D75: Firliyanti Putri Daeng M | E75: P | F75: Belum kawin | G75: 39538 | H75: Islam | I75: - | J75: - | K75: WNI | L75: Lingkungan Perumda Selatan No 20 RT 05 RW 09 | M75: Anak | N75: 520101 7103080001
C76: 73 | D76: Salamawati Putri Daeng M | E76: P | F76: Belum kawin | G76: 39538 | H76: Islam | I76: - | K76: WNI | L76: Lingkungan Perumda Selatan No 20 RT 05 RW 09 | M76: Anak | N76: 520101 7103080001
B77: 22 | C77: 74 | D77: Fakhruddin S.Pd | E77: L | F77: Kawin | G77: 10206 | H77: Islam | I77: PT/Akademi | J77: PNS/TNI/ POLRI | K77: WNI | L77: Lingkungan Perumda Selatan No 21 RT 05 RW 09 | M77: KK | N77: 520101 1012770003
C78: 75 | D78: Lili Ernawati Amd Keb | E78: P | F78: Kawin | G78: 19-19-1986 | H78: Islam | I78: PT/Akademi | J78: Lainnya | K78: WNI | L78: Lingkungan Perumda Selatan No 21 RT 05 RW 09 | M78: Istri | N78: 520101 5909860004
C79: 76 | D79: Afkar Fawwaz | E79: L | F79: Belum kawin | G79: 40087 | H79: Islam | I79: - | J79: - | K79: WNI | L79: Lingkungan Perumda Selatan No 21 RT 05 RW 09 | M79: Anak | N79: 520101 0110090005
C80: 77 | D80: Ahmad Faiz | E80: L | F80: Belum kawin | G80: 40087 | H80: Islam | I80: - | J80: - | K80: WNI | L80: Lingkungan Perumda Selatan No 21 RT 05 RW 09 | M80: Anak | N80: 520101 0110080004
B81: 23 | C81: 78 | D81: Sahril Harim S. Sos | E81: L | F81: Kawin | G81: 30155 | H81: Islam | I81: PT/Akademi | J81: Pegawai Swasta | K81: WNI | L81: Lingkungan Perumda Selatan No 22 RT 05 RW 09 | M81: KK | N81: 520112 2307820001
C82: 79 | D82: Yuli Andriana S.Pd | E82: P | F82: Kawin | G82: 30697 | H82: Islam | I82: PT/Akademi | J82: PNS/TNI/ POLRI | K82: WNI | L82: Lingkungan Perumda Selatan No 22 RT 05 RW 09 | M82: Istri | N82: 520112 5601840002
C83: 80 | D83: Ahmad Alwan Roziq | E83: L | F83: Belum kawin | G83: 39289 | H83: Islam | I83: - | K83: WNI | L83: Lingkungan Perumda Selatan No 22 RT 05 RW 09 | M83: Anak | N83: 520112 7607070003
C84: 81 | D84: Ahmad Aqil Apriawan | E84: L | F84: Belum kawin | G84: 41016 | H84: Islam | I84: - | K84: WNI | L84: Lingkungan Perumda Selatan No 22 RT 05 RW 09 | M84: Anak | N84: 520112 7704120002
B85: 24 | C85: 82 | D85: Idham Syam | E85: L | F85: Kawin | G85: 25568 | H85: Islam | I85: SLTA/MA | J85: Wiraswasta | K85: WNI | L85: Lingkungan Perumda Selatan No 23 RT 05 RW 09 | M85: KK | N85: 5206013 112691011
C86: 83 | D86: Endang | E86: P | F86: Kawin | G86: 26560 | H86: Islam | I86: SLTA/MA | J86: - | K86: WNI | L86: Lingkungan Perumda Selatan No 23 RT 05 RW 09 | M86: Istri | N86: 5206015 809721002
C87: 84 | D87: Iqbal | E87: L | F87: Belum kawin | G87: 34073 | H87: Islam | I87: SLTA/MA | J87: PNS/TNI/ POLRI | K87: WNI | L87: Lingkungan Perumda Selatan No 23 RT 05 RW 09 | M87: Anak | N87: 520601 1404330001
B88: 25 | C88: 85 | D88: I Made Mas Sumerta | E88: L | F88: Kawin | G88: 32467 | H88: Islam | I88: SLTA/MA | J88: Pekerja lepas | K88: WNI | L88: Lingkungan Perumda Selatan No 24 RT 05 RW 09 | M88: KK | N88: 527106 2011880003
C89: 86 | D89: I Made Seriani S.Pd | E89: P | F89: Kawin | G89: 31963 | H89: Islam | I89: PT/Akademi | J89: Pekerja lepas | K89: WNI | L89: Lingkungan Perumda Selatan No 24 RT 05 RW 09 | M89: Istri | N89: 527106 4507870006
B90: 26 | C90: 87 | D90: Ernawati | E90: P | F90: Janda | G90: 24097 | H90: Islam | I90: SLTA/MA | J90: Wiraswasta | K90: WNI | L90: Lingkungan Perumda Selatan No 25 RT 05 RW 09 | M90: KK | N90: 520101 6112650001
C91: 88 | D91: Fadri Junaidi | E91: L | F91: Belum kawin | G91: 31001 | H91: Islam | I91: SLTA/MA | J91: - | K91: WNI | L91: Lingkungan Perumda Selatan No 25 RT 05 RW 09 | M91: Anak | N91: 520101 1511840001
C92: 89 | D92: Baiq Fitri Apriani | E92: P | F92: Belum kawin | G92: 30054 | H92: Islam | I92: SLTA/MA | J92: Lainnya | K92: WNI | L92: Lingkungan Perumda Selatan No 25 RT 05 RW 09 | M92: Anak | N92: 520101 5804820001
C93: 90 | D93: Munawir Syazalli Amy | E93: L | F93: Belum kawin | G93: 30412 | H93: Islam | I93: SLTA/MA | J93: Lainnya | K93: WNI | L93: Lingkungan Perumda Selatan No 25 RT 05 RW 09 | M93: Lainnya | N93: 520101 0604830001
B94: 27 | C94: 91 | D94: Supri Hartadi | E94: L | F94: Kawin | G94: 27326 | H94: Islam | I94: SLTA/MA | J94: PNS/TNI/ POLRI | K94: WNI | L94: Lingkungan Perumda Selatan No 26 RT 05 RW 09 | M94: KK | N94: 520101 2410741002
C95: 92 | D95: Suyani | E95: P | F95: Kawin | G95: 30173 | H95: Islam | I95: SLTA/MA | J95: Lainnya | K95: WNI | L95: Lingkungan Perumda Selatan No 26 RT 05 RW 09 | M95: Istri | N95: 520101 5008821001
C96: 93 | D96: Risfani Salsabila | E96: P | F96: Belum kawin | G96: 38248 | H96: Islam | I96: - | J96: - | K96: WNI | L96: Lingkungan Perumda Selatan No 26 RT 05 RW 09 | M96: Anak | N96: 520101 5809041001
C97: 94 | D97: Lidya Gaesani | E97: P | F97: Belum kawin | G97: 39939 | H97: Islam | I97: - | J97: - | K97: WNI | L97: Lingkungan Perumda Selatan No 26 RT 05 RW 09 | M97: Anak | N97: 520101 4605091002
B98: 28 | C98: 95 | D98: Munawir Syazalli Amd | E98: L | F98: Kawin | G98: 30412 | H98: Islam | I98: PT/Akademi | J98: PNS/TNI/ POLRI | K98: WNI | L98: Lingkungan Perumda Selatan No 27 RT 05 RW 09 | M98: KK | N98: 520101 0604830003
C99: 96 | D99: Indah Supri Hety S.Pd | E99: P | F99: Kawin | G99: 30752 | H99: Islam | I99: PT/Akademi | J99: PNS/TNI/ POLRI | K99: WNI | L99: Lingkungan Perumda Selatan No 27 RT 05 RW 09 | M99: Istri | N99: 520101 5103840004
C100: 97 | D100: Naufa Syafina Syazalli | E100: L | F100: Belum kawin | G100: 40055 | H100: Islam | I100: - | J100: - | K100: WNI | L100: Lingkungan Perumda Selatan No 27 RT 05 RW 09 | M100: Anak | N100: 520101 6107090001
...

Sheet Sheet1
A1: 52 | C1: 204
A2: 62 | C2: 249
A3: 73 | C3: 273
A4: 84 | C4: 325
A5: 67 | C5: 258
A6: =SUM(A1:A5) -> 338 | C6: =SUM(C1:C5) -> 1309

Sheet Sheet2
A1: 324 | E1: 928
A2: 335 | E2: 985
A3: 341 | E3: 1032
A4: 279 | E4: 1023
A5: 213 | E5: 742
A6: 210 | E6: 763
A7: 199 | E7: 685
A8: 77 | E8: 213
A9: 338 | E9: 1309
A10: =SUM(A1:A9) -> 2316 | E10: =SUM(E1:E9) -> 7680
