Workbook

Sheet Rekap
B2: REKAP DATA PENDUDUK
B3: LINGKUNGAN CEMARA TIMUR
B4: RT | C4: Jumlah Penduduk | E4: Total | F4: Jumlah KK | H4: Total | I4: Jumlah Duda / Janda | K4: Total | L4: Jumlah Lansia ( =>60 ) | N4: Total
C5: L | D5: P | F5: L | G5: P | I5: L | J5: P | L5: L | M5: P
B6: RT 4 | C6: =COUNTIF('RT 04'!$H$8:$H$250,"L") -> 120 | D6: =COUNTIF('RT 04'!$H$8:$H$250,"P") -> 123 | E6: =SUM(C6:D6) -> 243 | F6: =COUNTIFS('RT 04'!$F$8:$F$250,"KK",'RT 04'!$H$8:$H$250,"L") -> 64 | G6: =COUNTIFS('RT 04'!$F$8:$F$250,"KK",'RT 04'!$H$8:$H$250,"P") -> 7 | H6: =SUM(F6:G6) -> 71 | I6: =COUNTIFS('RT 04'!$I$8:$I$250,"Cerai Mati",'RT 04'!$H$8:$H$250,"L")+COUNTIFS('RT 04'!$I$8:$I$250,"Cerai Hidup",'RT 04'!$H$8:$H$250,"L")+COUNTIFS('RT 04'!$I$8:$I$250,"Duda",'RT 04'!$H$8:$H$250,"L") -> 1 | J6: =COUNTIFS('RT 04'!$I$8:$I$250,"Cerai Mati",'RT 04'!$H$8:$H$250,"P")+COUNTIFS('RT 04'!$I$8:$I$250,"Cerai Hidup",'RT 04'!$H$8:$H$250,"P")+COUNTIFS('RT 04'!$I$8:$I$250,"Janda",'RT 04'!$H$8:$H$250,"P") -> 6 | K6: =SUM(I6:J6) -> 7 | L6: 9 | M6: 4 | N6: =SUM(L6:M6) -> 13
B7: RT 5 | C7: =COUNTIF('RT05'!$H$8:$H$190,"L") -> 96 | D7: =COUNTIF('RT05'!$H$8:$H$190,"P") -> 87 | E7: =SUM(C7:D7) -> 183 | F7: =COUNTIFS('RT05'!$F$8:$F$190,"KK",'RT05'!$H$8:$H$190,"L") -> 46 | G7: =COUNTIFS('RT05'!$F$8:$F$190,"KK",'RT05'!$H$8:$H$190,"P") -> 8 | H7: =SUM(F7:G7) -> 54 | I7: =COUNTIFS('RT05'!$I$8:$I$190,"Cerai Mati",'RT05'!$H$8:$H$190,"L")+COUNTIFS('RT05'!$I$8:$I$190,"Cerai Hidup",'RT05'!$H$8:$H$190,"L")+COUNTIFS('RT05'!$I$8:$I$190,"Duda",'RT05'!$H$8:$H$190,"L") -> 1 | J7: =COUNTIFS('RT05'!$I$8:$I$190,"Cerai Mati",'RT05'!$H$8:$H$190,"L")+COUNTIFS('RT05'!$I$8:$I$190,"Cerai Hidup",'RT05'!$H$8:$H$190,"P")+COUNTIFS('RT05'!$I$8:$I$190,"Janda",'RT05'!$H$8:$H$190,"P") -> 5 | K7: =SUM(I7:J7) -> 6 | L7: 6 | M7: 7 | N7: =SUM(L7:M7) -> 13
B8: JUMLAH TOTAL | C8: =SUM(C6:C7) -> 216 | D8: =SUM(D6:D7) -> 210 | E8: =SUM(E6:E7) -> 426 | F8: =SUM(F6:F7) -> 110 | G8: =SUM(G6:G7) -> 15 | H8: =SUM(H6:H7) -> 125 | I8: =SUM(I6:I7) -> 2 | J8: =SUM(J6:J7) -> 11 | ... N8: =SUM(N6:N7) -> 26
C12: Mengetahui
C13: Lurah Dasan Geres | K13: Kepala Lingkungan
C17: Hulaifi, S.H. | K17: Sulaifi
C18: NIP. 19841231 201101 1 023

Sheet RT 04
B1: DATA INDUK PENDUDUK KELURAHAN DASAN GERES
B2: TAHUN 2019
B3: LINGKUNGAN CEMARA TIMUR
B4: RT 04
B5: No | C5: Nomor KK | D5: Jumlah Jiwa | E5: Nama Lengkap/ Panggilan | F5: Kedudukan dalam Keluarga | G5: NIK | H5: Jenis Kelamin (L/P) | I5: Status Perkawinan | J5: Lahir | M5: Usia | N5: Agama | O5: Etnis | P5: Pendidikan Terakhir | Q5: Jurusan | R5: Pekerjaan
J6: Tempat | K6: Tanggal | L6: Tahun
B8: 1 | C8: 520101 0503085587 | D8: 1 | E8: Dalisah | F8: KK | G8: 520101 0107670698 | H8: L | I8: Kawin | J8: Cemare | K8: 24654 | L8: 1967 | M8: =2019-L8 -> 52 | N8: Islam | O8: Sasak | P8: TAMAT SD/SEDERAJAT | R8: Buruh Harian Lepas
D9: 2 | E9: Rusnah | F9: Istri | G9: 520101 4107700249 | H9: P | I9: Kawin | J9: Aik Ampat | K9: 25750 | L9: 1970 | M9: =2019-L9 -> 49 | N9: Islam | O9: Sasak | P9: TAMAT SD/SEDERAJAT | R9: Buruh Harian Lepas
D10: 3 | E10: Mujiah | F10: Anak | G10: 520101 4107980254 | H10: P | I10: Belum kawin | J10: Cemare | K10: 36044 | L10: 1998 | M10: =2019-L10 -> 21 | N10: Islam | O10: Sasak | P10: TAMAT SD/SEDERAJAT | R10: Buruh Harian Lepas
D11: 4 | E11: Priawan | F11: Anak | G11: 520101 0107050287 | H11: L | I11: Belum kawin | J11: Cemare | K11: 38096 | L11: 2004 | M11: =2019-L11 -> 15 | N11: Islam | O11: Sasak | P11: BELUM TAMAT SD/SEDERAJAT | R11: PELAJAR/MAHASISWA
D12: 5 | E12: Sahira | F12: Anak | G12: 520101 4508150001 | H12: P | I12: Belum kawin | J12: Cemare | K12: 42214 | L12: 2015 | M12: =2019-L12 -> 4 | N12: Islam | O12: Sasak | P12: TIDAK/BELUM SEKOLAH | R12: BELUM/TIDAK BEKERJA
B13: 2 | D13: 6 | E13: Asmat | F13: KK | G13: 520101 3112740019 | H13: L | I13: Kawin | K13: 27394 | L13: =YEAR(K13) -> 1974 | M13: =2019-L13 -> 45 | N13: Islam | P13: - | R13: Pekerja lepas
D14: 7 | E14: Nurhasanah | F14: Istri | G14: 520101 7112780009 | H14: P | I14: Kawin | K14: 28125 | L14: =YEAR(K14) -> 1976 | M14: =2019-L14 -> 43 | N14: Islam | P14: - | R14: Pekerja lepas
D15: 8 | E15: Nurul Hidayah | F15: Anak | G15: 520101 5011980001 | H15: P | I15: Kawin | K15: 36109 | L15: =YEAR(K15) -> 1998 | M15: =2019-L15 -> 21 | N15: Islam | P15: SLTP/MTSN | R15: Pekerja lepas
D16: 9 | E16: Ahmad Faozan | F16: Anak | G16: 520101 0503020001 | H16: L | I16: Belum kawin | K16: 37320 | L16: =YEAR(K16) -> 2002 | M16: =2019-L16 -> 17 | N16: Islam | P16: - | R16: -
B17: 3 | D17: 10 | E17: Sanusi | F17: KK | G17: 520101 2007810001 | H17: L | I17: Kawin | K17: 29787 | L17: =YEAR(K17) -> 1981 | M17: =2019-L17 -> 38 | N17: Islam | P17: SD/MI | R17: Pedagang
D18: 11 | E18: Hartini | F18: Istri | G18: 520101 5005830001 | H18: P | I18: Kawin | K18: 30446 | L18: =YEAR(K18) -> 1983 | M18: =2019-L18 -> 36 | N18: Islam | P18: SD/MI | R18: Pedagang
D19: 12 | E19: Najwa Falah Yuniawati | F19: Anak | G19: 520101 4105040005 | H19: P | I19: Belum kawin | K19: 38108 | L19: =YEAR(K19) -> 2004 | M19: =2019-L19 -> 15 | N19: Islam | P19: - | R19: -
D20: 13 | E20: Isna Malika Ardiana | F20: Anak | G20: 520101 8204090001 | H20: P | I20: Belum kawin | K20: 39925 | L20: =YEAR(K20) -> 2009 | M20: =2019-L20 -> 10 | N20: Islam | P20: - | R20: -
B21: 4 | D21: 14 | E21: Rusdin | F21: KK | G21: 520101 3112320083 | H21: L | I21: Kawin | K21: 30316 | L21: =YEAR(K21) -> 1982 | M21: =2019-L21 -> 37 | N21: Islam | P21: SD/MI | R21: Pekerja lepas
D22: 15 | E22: Yati Oktarita | F22: Istri | G22: 520101 7113900042 | H22: P | I22: Kawin | K22: 33238 | L22: =YEAR(K22) -> 1990 | M22: =2019-L22 -> 29 | N22: Islam | P22: SD/MI | R22: Pekerja lepas
D23: 16 | E23: Wipki Sofia Desita | F23: Anak | G23: 520101 6712070001 | H23: P | I23: Belum kawin | K23: 39443 | L23: =YEAR(K23) -> 2007 | M23: =2019-L23 -> 12 | N23: Islam | P23: - | R23: -
B24: 5 | C24: 520101 0909110026 | D24: 17 | E24: Sahrun | F24: KK | G24: 520101 1011670001 | H24: L | I24: Kawin | J24: Cemare | K24: 24786 | L24: 1967 | M24: =2019-L24 -> 52 | N24: Islam | O24: Sasak | P24: TAMAT SD/SEDERAJAT | R24: WIRASWATA
D25: 18 | E25: Minansah | F25: Istri | G25: 520101 5408680001 | H25: P | I25: Kawin | J25: Cemare | K25: 25003 | L25: 1968 | M25: =2019-L25 -> 51 | N25: Islam | O25: Sasak | P25: TAMAT SD/SEDERAJAT | R25: Buruh Harian Lepas
D26: 19 | E26: M.Aziz Faozan | F26: Anak | G26: 520101 1505990004 | H26: L | I26: Belum kawin | J26: Cemare | K26: 35930 | L26: 1998 | M26: =2019-L26 -> 21 | N26: Islam | O26: Sasak | P26: SLTP/SEDERAJAT | R26: BELUM/TIDAK BEKERJA
B27: 6 | C27: 520101 0503085393 | D27: 20 | E27: Sabarudin Abi | F27: KK | G27: 520101 1210790004 | H27: L | I27: Kawin | J27: Cemare | K27: 29140 | L27: 1979 | M27: =2019-L27 -> 40 | N27: Islam | O27: Sasak | P27: SLTP/SEDERAJAT | R27: WIRASWATA
D28: 21 | E28: Nurhikmah | F28: Istri | G28: 520101 4312800001 | H28: P | I28: Kawin | J28: Lintak Buwur | K28: 29558 | L28: 1980 | M28: =2019-L28 -> 39 | N28: Islam | O28: Sasak | P28: TAMAT SD/SEDERAJAT | R28: PETANI/PEKEBUN
D29: 22 | E29: Abi Masyaril Ulum | F29: Anak | G29: 520101 1102050002 | H29: L | I29: Belum kawin | J29: Cemare | K29: 38832 | L29: 2006 | M29: =2019-L29 -> 13 | N29: Islam | O29: Sasak | P29: BELUM TAMAT SD/SEDERAJAT | R29: PELAJAR/MAHASISWA
D30: 23 | E30: Putri Khayla Fathina | F30: Anak | G30: 520101 6210170001 | H30: P | I30: Belum kawin | J30: Dasan Geres | K30: 43061 | L30: 2017 | M30: =2019-L30 -> 2 | N30: Islam | O30: Sasak | P30: TIDAK/BELUM SEKOLAH | R30: BELUM/TIDAK BEKERJA
B31: 7 | C31: 520101 1509120013 | D31: 24 | E31: Abdullah | F31: KK | G31: 520101 1003751001 | H31: L | I31: Kawin | J31: Bermi | K31: 27463 | L31: 1975 | M31: =2019-L31 -> 44 | N31: Islam | O31: Sasak | P31: TAMAT SD/SEDERAJAT | R31: WIRASWATA
D32: 25 | E32: Rohana | F32: Istri | G32: 520101 6211770001 | H32: P | I32: Kawin | J32: Cemare | K32: 28451 | L32: 1977 | M32: =2019-L32 -> 42 | N32: Islam | O32: Sasak | P32: TAMAT SD/SEDERAJAT | R32: Pedagang
D33: 26 | E33: Maharani Juniati | F33: Anak | G33: 520101 5606031001 | H33: P | I33: Belum kawin | J33: Cemare | K33: 37788 | L33: 2003 | M33: =2019-L33 -> 16 | N33: Islam | O33: Sasak | P33: BELUM TAMAT SD/SEDERAJAT | R33: PELAJAR/MAHASISWA
D34: 27 | E34: Muhammad Nur Maulana | F34: Anak | G34: 520101 1612131001 | H34: L | I34: Belum kawin | J34: Cemare | K34: 41624 | L34: 2013 | M34: =2019-L34 -> 6 | N34: Islam | O34: Sasak | P34: TIDAK/BELUM SEKOLAH | R34: BELUM/TIDAK BEKERJA
B35: 8 | C35: 520101 1009140007 | D35: 28 | E35: Muhibin | F35: KK | G35: 520101 0103890001 | H35: L | I35: Kawin | J35: Cemare | K35: 32873 | L35: 1989 | M35: =2019-L35 -> 30 | N35: Islam | O35: Sasak | P35: SLTA/SEDERAJAT | R35: WIRASWATA
D36: 29 | E36: Muslimin | F36: Istri | G36: 520101 4107930147 | H36: P | I36: Kawin | J36: Aik Ampat | K36: 34151 | L36: 1993 | M36: =2019-L36 -> 26 | N36: Islam | O36: Sasak | P36: SLTA/SEDERAJAT | R36: Mengurus Rumah Tangga
D37: 30 | E37: Muhammad Ishak Alfatih | F37: Anak | G37: 520101 2509140002 | H37: L | I37: Belum kawin | J37: Dasan Geres | K37: 41907 | L37: 2014 | M37: =2019-L37 -> 5 | N37: Islam | O37: Sasak | P37: TIDAK/BELUM SEKOLAH | R37: BELUM/TIDAK BEKERJA
B38: 9 | D38: 31 | E38: Sanip | F38: KK | G38: 520101 7012600007 | H38: P | I38: Janda | K38: 22280 | L38: 1960 | M38: =2019-L38 -> 59 | N38: Islam | O38: Sasak | P38: -
B39: 10 | C39: 520101 0503086022 | D39: 32 | E39: Herman | F39: KK | G39: 520101 2101790001 | H39: L | I39: Kawin | J39: Cemare | K39: 28876 | L39: 1979 | M39: =2019-L39 -> 40 | N39: Islam | O39: Sasak | P39: SLTP/SEDERAJAT | R39: BURUH HARIAN LEPAS
D40: 33 | E40: Eka Rahmawati | F40: Istri | G40: 520101 7012840002 | H40: P | I40: Kawin | J40: Kadatuk | K40: 31046 | L40: 1984 | M40: =2019-L40 -> 35 | N40: Islam | O40: Sasak | P40: SLTP/SEDERAJAT | R40: BURUH HARIAN LEPAS
D41: 34 | E41: Alma Sabila | F41: Anak | G41: 520101 6601070003 | H41: P | I41: Belum kawin | J41: Cemare | K41: 39108 | L41: 2007 | M41: =2019-L41 -> 12 | N41: Islam | O41: Sasak | P41: BELUM TAMAT SD/SEDERAJAT | R41: PELAJAR/MAHASISWA
D42: 35 | E42: M Ifgan Sabil | F42: Anak | G42: 520101 0605140003 | H42: L | I42: Belum kawin | J42: Cemare | K42: 41765 | L42: 2014 | M42: =2019-L42 -> 5 | N42: Islam | O42: Sasak | P42: TIDAK/BELUM SEKOLAH | R42: BELUM/TIDAK BEKERJA
B43: 11 | C43: 520101 0503085580 | D43: 36 | E43: Sakmah | F43: KK | G43: 520101 4101700002 | H43: P | I43: Cerai Mati | J43: Bile Kedit | K43: 21916 | L43: 1960 | M43: =2019-L43 -> 59 | N43: Islam | O43: Sasak | P43: TIDAK/BELUM SEKOLAH | R43: BURUH TANI/PERKEBUNAN
D44: 37 | E44: Mahmud | F44: Anak | G44: 520101 3112830016 | H44: L | I44: Belum kawin | J44: Cemare | K44: 30681 | L44: 1983 | M44: =2019-L44 -> 36 | N44: Islam | O44: Sasak | P44: TAMAT SD/SEDERAJAT | R44: WIRASWASTA
D45: 38 | E45: Suparlan | F45: Anak | G45: 520101 0407910004 | H45: L | I45: Belum kawin | J45: Cemare | K45: 33423 | L45: 1991 | M45: =2019-L45 -> 28 | N45: Islam | O45: Sasak | P45: TAMAT SD/SEDERAJAT | R45: WIRASWASTA
D46: 39 | E46: Patmawati | F46: Anak | G46: 520101 4107940166 | H46: P | I46: Belum kawin | J46: Cemare | K46: 34683 | L46: 1994 | M46: =2019-L46 -> 25 | N46: Islam | O46: Sasak | P46: BELUM TAMAT SD/SEDERAJAT | R46: BURUH HARIAN LEPAS
D47: 40 | E47: Ayuni | F47: Anak | G47: 520101 5007970002 | H47: P | I47: Belum kawin | J47: Cemare | K47: 35621 | L47: 1997 | M47: =2019-L47 -> 22 | N47: Islam | O47: Sasak | P47: TAMAT SD/SEDERAJAT | R47: PELAJAR/MAHASISWA
B48: 12 | C48: 520101 0503085750 | D48: 41 | E48: Sadli | F48: KK | G48: 520101 0607750001 | H48: L | I48: Kawin | J48: Cemare | K48: 27581 | L48: 1975 | M48: =2019-L48 -> 44 | N48: Islam | O48: Sasak | P48: TAMAT SD/SEDERAJAT | R48: BURUH HARIAN LEPAS
D49: 42 | E49: Sodok | F49: Istri | G49: 520101 5512820002 | H49: P | I49: Kawin | J49: Cemare | K49: 30300 | L49: 1982 | M49: =2019-L49 -> 37 | N49: Islam | O49: Sasak | P49: TAMAT SD/SEDERAJAT | R49: BURUH HARIAN LEPAS
D50: 43 | E50: Faenudin | F50: Anak | G50: 520101 1208020004 | H50: L | I50: Belum kawin | J50: Cemare | K50: 37480 | L50: 2002 | M50: =2019-L50 -> 17 | N50: Islam | O50: Sasak | P50: SLTP/SEDERAJAT | R50: PELAJAR/MAHASISWA
D51: 44 | E51: Harmaen | F51: Anak | G51: 520101 0310090001 | H51: L | I51: Belum kawin | J51: Cemare | K51: 40089 | L51: 2009 | M51: =2019-L51 -> 10 | N51: Islam | O51: Sasak | P51: BELUM TAMAT SD/SEDERAJAT | R51: PELAJAR/MAHASISWA
B52: 13 | C52: 520101 2706130003 | D52: 45 | E52: Sailah | F52: KK | G52: 520101 3112800246 | H52: L | I52: Kawin | J52: Cemare | K52: 29586 | L52: 1980 | M52: =2019-L52 -> 39 | N52: Islam | O52: Sasak | P52: TIDAK/BELUM SEKOLAH | R52: BURUH HARIAN LEPAS
D53: 46 | E53: Juminah | F53: Istri | G53: 520101 7112630108 | H53: P | I53: Kawin | J53: Tempos | K53: 30681 | L53: 1983 | M53: =2019-L53 -> 36 | N53: Islam | O53: Sasak | P53: TIDAK/BELUM SEKOLAH | R53: BURUH HARIAN LEPAS
D54: 47 | E54: Suhaimi | F54: Anak | G54: 520101 2009050001 | H54: L | I54: Belum kawin | J54: Cemare | K54: 34962 | L54: 1995 | M54: =2019-L54 -> 24 | N54: Islam | O54: Sasak | P54: SLTP/SEDERAJAT | R54: BURUH HARIAN LEPAS
D55: 48 | E55: Wahid | F55: Anak | G55: 520101 0504050003 | H55: L | I55: Belum kawin | J55: Cemare | K55: 38447 | L55: 2005 | M55: =2019-L55 -> 14 | N55: Islam | O55: Sasak | P55: BELUM TAMAT SD/SEDERAJAT | R55: PELAJAR/MAHASISWA
B56: 14 | C56: 520101 2003120020 | D56: 49 | E56: Jumarsah | F56: KK | G56: 520101 3112740141 | H56: L | I56: Kawin | J56: Cemare | K56: 27394 | L56: 1974 | M56: =2019-L56 -> 45 | N56: Islam | O56: Sasak | P56: TAMAT SD/SEDERAJAT | R56: Petani/Pekebun
D57: 50 | E57: Rahman | F57: Istri | G57: 520101 7112760147 | H57: P | I57: Kawin | J57: Cemare | K57: 28125 | L57: 1976 | M57: =2019-L57 -> 43 | N57: Islam | O57: Sasak | P57: TAMAT SD/SEDERAJAT | R57: BURUH TANI/PERKEBUNAN
D58: 51 | E58: Nadia Kusmaya | F58: Anak | G58: 520101 5002040002 | H58: P | I58: Belum kawin | J58: Cemare | K58: 38027 | L58: 2004 | M58: =2019-L58 -> 15 | N58: Islam | O58: Sasak | P58: BELUM TAMAT SD/SEDERAJAT | R58: BELUM/TIDAK BEKERJA
B59: 15 | C59: 520101 0806130007 | D59: 52 | E59: Jamil | F59: KK | G59: 520101 0107750572 | H59: L | I59: Kawin | J59: Cemare | K59: 27576 | L59: 1975 | M59: =2019-L59 -> 44 | N59: Islam | O59: Sasak | P59: TAMAT SD/SEDERAJAT | R59: WIRASWASTA
D60: 53 | E60: Mardiana | F60: Istri | G60: 520101 4203780001 | H60: P | I60: Kawin | J60: Cemare | K60: 28551 | L60: 1978 | M60: =2019-L60 -> 41 | N60: Islam | O60: Sasak | P60: TAMAT SD/SEDERAJAT | R60: MENGURUS RUMAH TANGGA
D61: 54 | E61: Marifah | F61: Anak | G61: 520101 4712040006 | H61: P | I61: Belum kawin | J61: Cemare | K61: 38328 | L61: 2004 | M61: =2019-L61 -> 15 | N61: Islam | O61: Sasak | P61: BELUM TAMAT SD/SEDERAJAT | R61: PELAJAR/MAHASISWA
D62: 55 | E62: Marsah | F62: Anak | G62: 520101 5403130001 | H62: P | I62: Belum kawin | J62: Cemare | K62: 40251 | L62: 2010 | M62: =2019-L62 -> 9 | N62: Islam | O62: Sasak | P62: TIDAK/BELUM SEKOLAH | R62: BELUM/TIDAK BEKERJA
D63: 56 | E63: Sriamah | F63: Anak | G63: 520101 4801120004 | H63: P | I63: Belum kawin | J63: Cemare | K63: 40916 | L63: 2012 | M63: =2019-L63 -> 7 | N63: Islam | O63: Sasak | P63: TIDAK/BELUM SEKOLAH | R63: BELUM/TIDAK BEKERJA
B64: 16 | C64: 520101 2308130008 | D64: 57 | E64: Irah | F64: KK | G64: 520101 3112710118 | H64: L | I64: Kawin | J64: Cemare | K64: 26298 | L64: 1971 | M64: =2019-L64 -> 48 | N64: Islam | O64: Sasak | P64: TAMAT SD/SEDERAJAT | R64: Petani/Pekebun
D65: 58 | E65: Mahnep | F65: Istri | G65: 520101 5110760005 | H65: P | I65: Kawin | J65: Cemare | K65: 28044 | L65: 1976 | M65: =2019-L65 -> 43 | N65: Islam | O65: Sasak | P65: TAMAT SD/SEDERAJAT | R65: Petani/Pekebun
D66: 59 | E66: Hanapi | F66: Anak | G66: 520101 1001940002 | H66: L | I66: Belum kawin | J66: Cemare | K66: 34344 | L66: 1994 | M66: =2019-L66 -> 25 | N66: Islam | O66: Sasak | P66: TAMAT SD/SEDERAJAT | R66: BURUH HARIAN LEPAS
B67: 17 | C67: 520101 1406130007 | D67: 60 | E67: Arifin | F67: KK | G67: 520101 1011800008 | H67: L | I67: Kawin | J67: Cemare | K67: 29535 | L67: 1980 | M67: =2019-L67 -> 39 | N67: Islam | O67: Sasak | P67: TAMAT SD/SEDERAJAT | R67: BURUH HARIAN LEPAS
D68: 61 | E68: Makyah | F68: Istri | G68: 520101 7112820184 | H68: P | I68: Kawin | J68: Cemare | K68: 30316 | L68: 1982 | M68: =2019-L68 -> 37 | N68: Islam | O68: Sasak | P68: TAMAT SD/SEDERAJAT | R68: BURUH HARIAN LEPAS
D69: 62 | E69: Febriyani | F69: Anak | G69: 520101 5302030008 | H69: P | I69: Belum kawin | J69: Cemare | K69: 37665 | L69: 2003 | M69: =2019-L69 -> 16 | N69: Islam | O69: Sasak | P69: SLTP/SEDERAJAT | R69: PELAJAR/MAHASISWA
D70: 63 | E70: Haekal Syarif | F70: Anak | G70: 520101 1211090003 | H70: L | I70: Belum kawin | J70: Cemare | K70: 40129 | L70: 2009 | M70: =2019-L70 -> 10 | N70: Islam | O70: Sasak | P70: BELUM TAMAT SD/SEDERAJAT | R70: PELAJAR/MAHASISWA
B71: 18 | C71: 520101 2131012 | D71: 64 | E71: Musliman | F71: KK | G71: 520101 0107920156 | H71: L | I71: Kawin | J71: Cemare | K71: 33055 | L71: 1990 | M71: =2019-L71 -> 29 | N71: Islam | O71: Sasak | P71: SLTA/SEDERAJAT | R71: Karyawan Swasta
D72: 65 | E72: Siti Maemunah | F72: Istri | G72: 520101 5602900003 | H72: P | I72: Kawin | J72: Bile Kedit | K72: 32980 | L72: 1990 | M72: =2019-L72 -> 29 | N72: Islam | O72: Sasak | P72: SLTA/SEDERAJAT | R72: WIRASWASTA
D73: 66 | E73: Mahammad Zilmannil Qodim | F73: Anak | G73: 520101 0109131003 | H73: L | I73: Belum kawin | J73: Gerung | K73: 41518 | L73: 2013 | M73: =2019-L73 -> 6 | N73: Islam | O73: Sasak | P73: TIDAK/BELUM SEKOLAH | R73: BELUM/TIDAK BEKERJA
B74: 19 | C74: 520101 0310120090 | D74: 67 | E74: Mahyudin | F74: KK | G74: 520101 3112830157 | H74: L | I74: Kawin | J74: Cemare | K74: 30834 | L74: 1984 | M74: =2019-L74 -> 35 | N74: Islam | O74: Sasak | P74: TAMAT SD/SEDERAJAT | R74: WIRASWASTA
D75: 68 | E75: Zul fianah | F75: Istri | G75: 520101 5010880004 | H75: P | I75: Kawin | J75: Dasan Geres Pande | K75: 32431 | L75: 1988 | M75: =2019-L75 -> 31 | N75: Islam | O75: Sasak | P75: TAMAT SD/SEDERAJAT | R75: MENGURUS RUMAH TANGGA
D76: 69 | E76: Faulana Puada | F76: Anak | G76: 520101 2708090001 | H76: L | I76: Belum kawin | J76: Cemare | K76: 40052 | L76: 2009 | M76: =2019-L76 -> 10 | N76: Islam | O76: Sasak | P76: TIDAK/BELUM SEKOLAH | R76: BELUM/TIDAK BEKERJA
D77: 70 | E77: Aya Halwa Qaisara | F77: Anak | G77: 520101 5001160002 | H77: P | I77: Belum kawin | J77: Dasan Geres | K77: 42379 | L77: 2016 | M77: =2019-L77 -> 3 | N77: Islam | O77: Sasak | P77: TIDAK/BELUM SEKOLAH | R77: BELUM/TIDAK BEKERJA
B78: 20 | C78: 520101 0503085543 | D78: 71 | E78: Deri | F78: KK | G78: 520101 0107680079 | H78: L | I78: Kawin | J78: Cemare | K78: 25020 | L78: 1968 | M78: =2019-L78 -> 51 | N78: Islam | O78: Sasak | P78: TAMAT SD/SEDERAJAT | R78: BURUH HARIAN LEPAS
B79: 21 | C79: 520101 0503085461 | D79: 72 | E79: Zaenudin | F79: KK | G79: 520101 0610680001 | H79: L | I79: Kawin | J79: Cemare | K79: 25117 | L79: 1968 | M79: =2019-L79 -> 51 | N79: Islam | O79: Sasak | P79: TAMAT SD/SEDERAJAT | R79: BURUH HARIAN LEPAS
D80: 73 | E80: Merep | F80: Istri | G80: 520101 4308790002 | H80: P | I80: Kawin | J80: Cemare | K80: 29070 | L80: 1979 | M80: =2019-L80 -> 40 | N80: Islam | O80: Sasak | P80: TAMAT SD/SEDERAJAT | R80: BURUH HARIAN LEPAS
D81: 74 | E81: Muh Arifin | F81: Anak | G81: 520101 0211010002 | H81: L | I81: Belum kawin | J81: Cemare | K81: 37217 | L81: 2001 | M81: =2019-L81 -> 18 | N81: Islam | O81: Sasak | P81: SLTP/SEDERAJAT | R81: PELAJAR/MAHASISWA
B82: 22 | C82: 520101 0503085594 | D82: 75 | E82: Yusuf | F82: KK | G82: 520101 1211510001 | H82: L | I82: Kawin | J82: Cemare | K82: 18629 | L82: 1951 | M82: =2019-L82 -> 68 | N82: Islam | O82: Sasak | P82: TAMAT SD/SEDERAJAT | R82: WIRASWASTA
D83: 76 | E83: Aminah | F83: Istri | G83: 520101 5004750001 | H83: P | I83: Kawin | J83: Puyung | K83: 27494 | L83: 1975 | M83: =2019-L83 -> 44 | N83: Islam | O83: Sasak | P83: TAMAT SD/SEDERAJAT | R83: MENGURUS RUMAH TANGGA
D84: 77 | E84: Lukma Nul Hakim | F84: Anak | G84: 520101 1511960001 | H84: L | I84: Belum kawin | J84: Cemare | K84: 35384 | L84: 1996 | M84: =2019-L84 -> 23 | N84: Islam | O84: Sasak | P84: SLTA/SEDERAJAT | R84: PELAJAR/MAHASISWA
D85: 78 | E85: Indra Kusnandar | F85: Anak | G85: 520101 2303030001 | H85: L | I85: Belum kawin | J85: Cemare | K85: 37703 | L85: 2003 | M85: =2019-L85 -> 16 | N85: Islam | O85: Sasak | P85: SLTP/SEDERAJAT | R85: PELAJAR/MAHASISWA
B86: 23 | C86: 520101 0503085729 | D86: 79 | E86: Fasah | F86: KK | G86: 520101 1607570002 | H86: L | I86: Kawin | J86: Cemare | K86: 21017 | L86: 1957 | M86: =2019-L86 -> 62 | N86: Islam | O86: Sasak | P86: TAMAT SD/SEDERAJAT | R86: BURUH TANI/PERKEBUNAN
D87: 80 | E87: Ma'ah | F87: Istri | G87: 520101 7112701013 | H87: P | I87: Kawin | J87: Menang Timur | K87: 25933 | L87: 1970 | M87: =2019-L87 -> 49 | N87: Islam | O87: Sasak | P87: TAMAT SD/SEDERAJAT | R87: MENGURUS RUMAH TANGGA
D88: 81 | E88: Marwati | F88: Anak | G88: 520101 4903981001 | H88: P | I88: Belum kawin | J88: Cemare | K88: 35863 | L88: 1998 | M88: =2019-L88 -> 21 | N88: Islam | O88: Sasak | P88: SLTP/SEDERAJAT | R88: PELAJAR/MAHASISWA
D89: 82 | E89: Kholinda Yanti | F89: Anak | G89: 520101 7007071001 | H89: P | I89: Belum kawin | J89: Cemare | K89: 39293 | L89: 2007 | M89: =2019-L89 -> 12 | N89: Islam | O89: Sasak | P89: BELUM TAMAT SD/SEDERAJAT | R89: PELAJAR/MAHASISWA
B90: 24 | C90: 520101 2803120001 | D90: 83 | E90: Saini | F90: KK | G90: 520101 3112770135 | H90: L | I90: Kawin | J90: Cemare | K90: 28490 | L90: 1977 | M90: =2019-L90 -> 42 | N90: Islam | O90: Sasak | P90: TAMAT SD/SEDERAJAT | R90: BURUH HARIAN LEPAS
D91: 84 | E91: Pasah | F91: Istri | G91: 520101 5107820001 | H91: P | I91: Kawin | J91: Cemare | K91: 30143 | L91: 1982 | M91: =2019-L91 -> 37 | N91: Islam | O91: Sasak | P91: TAMAT SD/SEDERAJAT | R91: BURUH TANI/PERKEBUNAN
D92: 85 | E92: Warni Mukti | F92: Anak | G92: 520101 4707050002 | H92: P | I92: Belum kawin | J92: Cemare | K92: 38540 | L92: 2005 | M92: =2019-L92 -> 14 | N92: Islam | O92: Sasak | P92: TIDAK/BELUM SEKOLAH | R92: BELUM/TIDAK BEKERJA
B93: 25 | D93: 86 | E93: Saidan | F93: KK | G93: 520101 1011630002 | H93: L | I93: Kawin | K93: 25152 | L93: =YEAR(K93) -> 1968 | M93: =2019-L93 -> 51 | N93: Islam | P93: - | R93: Pekerja lepas
D94: 87 | E94: Rakman | F94: Istri | G94: 520101 6510650002 | H94: P | I94: Kawin | K94: 24040 | L94: =YEAR(K94) -> 1965 | M94: =2019-L94 -> 54 | N94: Islam | P94: - | R94: Pekerja lepas
D95: 88 | E95: Rahman | F95: Anak | G95: 520101 3012940003 | H95: L | I95: Kawin | K95: 34698 | L95: =YEAR(K95) -> 1994 | M95: =2019-L95 -> 25 | N95: Islam | P95: SD/MI | R95: Pekerja lepas
D96: 89 | E96: Nurdin | F96: Anak | G96: 520101 3012980002 | H96: L | I96: Belum kawin | K96: 36159 | L96: =YEAR(K96) -> 1998 | M96: =2019-L96 -> 21 | N96: Islam | P96: SD/MI | R96: -
B97: 26 | D97: 90 | E97: Kamiludin | F97: KK | G97: 520101 3112790033 | H97: L | I97: Duda | K97: 29220 | L97: =YEAR(K97) -> 1979 | M97: =2019-L97 -> 40 | N97: Islam | P97: - | R97: Pekerja lepas
D98: 91 | E98: Amelina | F98: Anak | G98: 520101 4808050004 | H98: P | I98: Belum kawin | K98: 37841 | L98: =YEAR(K98) -> 2003 | M98: =2019-L98 -> 16 | N98: Islam | P98: - | R98: -
B99: 27 | C99: 520101 0503085424 | D99: 92 | E99: Mustamin | F99: KK | G99: 520101 0610680003 | H99: L | I99: Kawin | J99: Cemare | K99: 27759 | L99: 1975 | M99: =2019-L99 -> 44 | N99: Islam | O99: Sasak | P99: TAMAT SD/SEDERAJAT | R99: BURUH HARIAN LEPAS
D100: 93 | E100: Hikmah | F100: Istri | G100: 520101 6211690001 | H100: P | I100: Kawin | J100: Cemare | K100: 29181 | L100: 1979 | M100: =2019-L100 -> 40 | N100: Islam | O100: Sasak | P100: TAMAT SD/SEDERAJAT | R100: BURUH HARIAN LEPAS
D101: 94 | E101: Mustahik | F101: Anak | G101: 520101 2809961001 | H101: L | I101: Kawin | J101: Cemare | K101: 35336 | L101: 1996 | M101: =2019-L101 -> 23 | N101: Islam | O101: Sasak | P101: SLTP/SEDERAJAT | R101: PELAJAR/MAHASISWA
...

Sheet RT05
B1: DATA INDUK PENDUDUK KELURAHAN DASAN GERES
B2: TAHUN 2019
B3: LINGKUNGAN CEMARA TIMUR
B4: RT 05
B5: No | C5: Nomor KK | D5: Jumlah Jiwa | E5: Nama Lengkap/ Panggilan | F5: Kedudukan dalam Keluarga | G5: NIK | H5: Jenis Kelamin (L/P) | I5: Status Perkawinan | J5: Lahir | M5: Usia | N5: Agama | O5: Etnis | P5: Pendidikan Terakhir | Q5: Jurusan | R5: Pekerjaan
J6: Tempat | K6: Tanggal | L6: Tahun
B8: 1 | C8: 520101 1506120022 | D8: 1 | E8: Selamet | F8: KK | G8: 520101 3112820171 | H8: L | I8: Kawin | J8: Cemare | K8: 30316 | L8: 1982 | M8: =2019-L8 -> 37 | N8: Islam | O8: Sasak | P8: TAMAT SD/SEDERAJAT | R8: WIRASWASTA
D9: 2 | E9: Hikmah | F9: Istri | G9: 520101 7112830127 | H9: P | I9: Kawin | J9: Cemare | K9: 30681 | L9: 1983 | M9: =2019-L9 -> 36 | N9: Islam | O9: Sasak | P9: TAMAT SD/SEDERAJAT | R9: MENGURUS RUMAH TANGGA
D10: 3 | E10: Silfi Hidayat | F10: Anak | G10: 520101 4902010004 | H10: P | I10: Belum kawin | J10: Cemare | K10: 36931 | L10: 2001 | M10: =2019-L10 -> 18 | N10: Islam | O10: Sasak | P10: BELUM TAMAT SD/SEDERAJAT | R10: PELAJAR/MAHASISWA
D11: 4 | E11: Maya Ziyadah | F11: Anak | G11: 520101 6805080001 | H11: P | I11: Belum kawin | J11: Cemare | K11: 39596 | L11: 2008 | M11: =2019-L11 -> 11 | N11: Islam | O11: Sasak | P11: TIDAK/BELUM SEKOLAH | R11: BELUM/TIDAK BEKERJA
D12: 5 | E12: Andika Fratama | F12: Anak | G12: 520101 1602141002 | H12: L | I12: Belum kawin | J12: Cemare | K12: 41686 | L12: 2014 | M12: =2019-L12 -> 5 | N12: Islam | O12: Sasak | P12: TIDAK/BELUM SEKOLAH | R12: BELUM/TIDAK BEKERJA
B13: 2 | D13: 6 | E13: Mahusun | F13: KK | G13: 520101 3112730053 | H13: L | I13: Kawin | K13: 27029 | L13: =YEAR(K13) -> 1973 | M13: =2019-L13 -> 46 | N13: Islam | P13: - | R13: Pekerja lepas
D14: 7 | E14: Dedi Johari | F14: Anak | G14: 520101 1304030001 | H14: L | I14: Belum kawin | K14: 37724 | L14: =YEAR(K14) -> 2003 | M14: =2019-L14 -> 16 | N14: Islam | P14: - | R14: -
D15: 8 | E15: Muhadis Fahri | F15: Anak | G15: 520101 3011080001 | H15: L | I15: Belum kawin | K15: 39782 | L15: =YEAR(K15) -> 2008 | M15: =2019-L15 -> 11 | N15: Islam | P15: - | R15: -
B16: 3 | C16: 520101 2402150017 | D16: 9 | E16: Risah | F16: KK | G16: 520101 1211600001 | H16: L | I16: Kawin | J16: Cemare | K16: 22232 | L16: 1960 | M16: =2019-L16 -> 59 | N16: Islam | O16: Sasak | P16: TIDAK/BELUM SEKOLAH | R16: BURUH HARIAN LEPAS
D17: 10 | E17: Remah | F17: Istri | G17: 520101 4502980001 | H17: P | I17: Kawin | J17: Cemare | K17: 24107 | L17: 1965 | M17: =2019-L17 -> 54 | N17: Islam | O17: Sasak | P17: TIDAK/BELUM SEKOLAH | R17: BURUH HARIAN LEPAS
D18: 11 | E18: Ahmad Hidayat | F18: Anak | G18: 520101 0502980001 | H18: L | I18: Belum kawin | J18: Cemare | K18: 35831 | L18: 1998 | M18: =2019-L18 -> 21 | N18: Islam | O18: Sasak | P18: SLTP/SEDERAJAT | R18: PELAJAR/MAHASISWA
B19: 4 | D19: 12 | E19: Riduk | F19: KK | G19: 520101 3117500118 | H19: L | I19: Kawin | K19: 27759 | L19: =YEAR(K19) -> 1975 | M19: =2019-L19 -> 44 | N19: Islam | P19: SD/MI | R19: Pekerja lepas
D20: 13 | E20: Masiah | F20: Istri | G20: 520101 4612760002 | H20: P | I20: Kawin | K20: 35769 | L20: =YEAR(K20) -> 1997 | M20: =2019-L20 -> 22 | N20: Islam | P20: - | R20: Pekerja lepas
D21: 14 | E21: Mila Isnayani | F21: Anak | G21: 520101 6504080001 | H21: P | I21: Belum kawin | K21: 39563 | L21: =YEAR(K21) -> 2008 | M21: =2019-L21 -> 11 | N21: Islam | P21: - | R21: -
B22: 5 | C22: 520101 0503150007 | D22: 15 | E22: Marzuki | F22: KK | G22: 520101 0102800001 | H22: L | I22: Kawin | J22: Cemare | K22: 30681 | L22: 1983 | M22: =2019-L22 -> 36 | N22: Islam | O22: Sasak | P22: SLTP/SEDERAJAT | R22: WIRASWASTA
D23: 16 | E23: Mukminah | F23: Istri | G23: 520101 7112930038 | H23: P | I23: Kawin | J23: Cemare | K23: 34334 | L23: 1993 | M23: =2019-L23 -> 26 | N23: Islam | O23: Sasak | P23: TAMAT SD/SEDERAJAT | R23: MENGURUS RUMAH TANGGA
D24: 17 | E24: Danu Wartadi | F24: Anak | G24: 520101 2601130001 | H24: L | I24: Belum kawin | J24: Cemare | K24: 40105 | L24: 2009 | M24: =2019-L24 -> 10 | N24: Islam | O24: Sasak | P24: TIDAK/BELUM SEKOLAH | R24: BELUM/TIDAK BEKERJA
D25: 18 | E25: Bagas Pratama | F25: Anak | G25: 520101 1708150002 | H25: L | I25: Belum kawin | J25: Gerung | K25: 42233 | L25: 2015 | M25: =2019-L25 -> 4 | N25: Islam | O25: Sasak | P25: TIDAK/BELUM SEKOLAH | R25: BELUM/TIDAK BEKERJA
D26: 19 | E26: Bagus Prayuda | F26: Anak | G26: 520101 1708150001 | H26: L | I26: Belum kawin | J26: Gerung | K26: 42233 | L26: 2015 | M26: =2019-L26 -> 4 | N26: Islam | O26: Sasak | P26: TIDAK/BELUM SEKOLAH | R26: BELUM/TIDAK BEKERJA
B27: 6 | C27: 520101 10503085625 | D27: 20 | E27: Mahdi | F27: KK | G27: 520101 2001840001 | H27: L | I27: Kawin | J27: Cemare | K27: 30701 | L27: 1984 | M27: =2019-L27 -> 35 | N27: Islam | O27: Sasak | P27: TAMAT SD/SEDERAJAT | R27: Tukang Kayu
D28: 21 | E28: Sinerah | F28: Istri | G28: 520101 7112870003 | H28: P | I28: Kawin | J28: Bile Kedit | K28: 32142 | L28: 1987 | M28: =2019-L28 -> 32 | N28: Islam | O28: Sasak | P28: TAMAT SD/SEDERAJAT | R28: MENGURUS RUMAH TANGGA
D29: 22 | E29: Wahyudi Kurniawan | F29: Anak | G29: 520101 2908050001 | H29: L | I29: Belum kawin | J29: Cemare | K29: 38513 | L29: 2005 | M29: =2019-L29 -> 14 | N29: Islam | O29: Sasak | P29: BELUM TAMAT SD/SEDERAJAT | R29: PELAJAR/MAHASISWA
D30: 23 | E30: Rudi Gunawan | F30: Anak | G30: 520101 6006070001 | H30: L | I30: Belum kawin | J30: Cemare | K30: 40231 | L30: 2010 | M30: =2019-L30 -> 9 | N30: Islam | O30: Sasak | P30: BELUM TAMAT SD/SEDERAJAT | R30: PELAJAR/MAHASISWA
D31: 24 | E31: Mahendra Yudajulianto | F31: Anak | G31: 520101 2509180002 | H31: L | I31: Belum kawin | J31: Cemare | K31: 43368 | L31: 2018 | M31: =2019-L31 -> 1 | N31: Islam | O31: Sasak | P31: TIDAK/BELUM SEKOLAH | R31: BELUM/TIDAK BEKERJA
B32: 7 | C32: 520101 0403110038 | D32: 25 | E32: Safi'i | F32: KK | G32: 520101 3007800001 | H32: L | I32: Kawin | J32: Cemare | K32: 29432 | L32: 1980 | M32: =2019-L32 -> 39 | N32: Islam | O32: Sasak | P32: TAMAT SD/SEDERAJAT | R32: PETANI/PEKEBUN
D33: 26 | E33: Munisah | F33: Istri | G33: 520101 7112811010 | H33: P | I33: Kawin | J33: Cemare | K33: 29951 | L33: 1981 | M33: =2019-L33 -> 38 | N33: Islam | O33: Sasak | P33: TAMAT SD/SEDERAJAT | R33: MENGURUS RUMAH TANGGA
D34: 27 | E34: Agusni | F34: Anak | G34: 520101 1008991001 | H34: L | I34: Belum kawin | J34: Cemare | K34: 36382 | L34: 1999 | M34: =2019-L34 -> 20 | N34: Islam | O34: Sasak | P34: SLTA/SEDERAJAT | R34: PELAJAR/MAHASISWA
D35: 28 | E35: Saipul Muhamad Rizki | F35: Anak | G35: 520101 2002081001 | H35: L | I35: Belum kawin | J35: Cemare | K35: 39498 | L35: 2008 | M35: =2019-L35 -> 11 | N35: Islam | O35: Sasak | P35: BELUM TAMAT SD/SEDERAJAT | R35: PELAJAR/MAHASISWA
B36: 8 | C36: 520101 0503085409 | D36: 29 | E36: Rahmin | F36: KK | G36: 520101 0408700001 | H36: L | I36: Kawin | J36: Cemare | K36: 24107 | L36: 1965 | M36: =2019-L36 -> 54 | N36: Islam | O36: Sasak | P36: TIDAK/BELUM SEKOLAH | R36: PETANI/PEKEBUN
D37: 30 | E37: Haeriah | F37: Istri | G37: 520101 4804710001 | H37: P | I37: Kawin | J37: Cemare | K37: 26031 | L37: 1971 | M37: =2019-L37 -> 48 | N37: Islam | O37: Sasak | P37: TIDAK/BELUM SEKOLAH | R37: Pedagang
D38: 31 | E38: Jamaludin | F38: Anak | G38: 520101 1910890001 | H38: L | I38: Belum kawin | J38: Cemare | K38: 32794 | L38: 1989 | M38: =2019-L38 -> 30 | N38: Islam | O38: Sasak | P38: SLTP/SEDERAJAT | R38: WIRASWASTA
B39: 9 | D39: 32 | E39: Marzuki | F39: KK | G39: 520101 3112840082 | H39: L | I39: Kawin | K39: 31047 | L39: =YEAR(K39) -> 1984 | M39: =2019-L39 -> 35 | N39: Islam | P39: SD/MI | R39: Pekerja lepas
D40: 33 | E40: Siti Murni | F40: Istri | G40: 520101 5208850002 | H40: P | I40: Kawin | K40: 31272 | L40: =YEAR(K40) -> 1985 | M40: =2019-L40 -> 34 | N40: Islam | P40: SD/MI | R40: Pekerja lepas
D41: 34 | E41: Nayla Miftahussaadah | F41: Anak | G41: 520101 4107090002 | H41: p | I41: Belum kawin | K41: 39995 | L41: =YEAR(K41) -> 2009 | M41: =2019-L41 -> 10 | N41: Islam | P41: - | R41: -
B42: 10 | D42: 35 | E42: Jamaah | F42: KK | G42: 520101 2510850004 | H42: L | I42: Kawin | K42: 31345 | L42: =YEAR(K42) -> 1985 | M42: =2019-L42 -> 34 | N42: Islam | P42: SLTA/MA | R42: WIRASWASTA
D43: 36 | E43: Eva Royaningsih | F43: Istri | G43: 520101 5510910005 | H43: P | I43: Kawin | K43: 33526 | L43: =YEAR(K43) -> 1991 | M43: =2019-L43 -> 28 | N43: Islam | P43: SLTA/MA | R43: Pekerja lepas
D44: 37 | E44: Evan Yusril Perdana | F44: Anak | G44: 520101 1003120005 | H44: L | I44: Belum kawin | K44: 40978 | L44: =YEAR(K44) -> 2012 | M44: =2019-L44 -> 7 | N44: Islam | P44: - | R44: -
B45: 11 | C45: 520101 0211070002 | D45: 38 | E45: Raimah | F45: KK | G45: 520101 2103700001 | H45: L | I45: Kawin | J45: Cemare | K45: 25648 | L45: 1970 | M45: =2019-L45 -> 49 | N45: Islam | O45: Sasak | P45: - | R45: BURUH TANI/PERKEBUNAN
D46: 39 | E46: Satemah | F46: Istri | G46: 520101 7112750009 | H46: P | I46: Kawin | J46: Cemare | K46: 27425 | L46: 1975 | M46: =2019-L46 -> 44 | N46: Islam | O46: Sasak | P46: - | R46: BURUH TANI/PERKEBUNAN
B47: 12 | C47: 520101 0712090057 | D47: 40 | E47: Mustajab | F47: KK | G47: 520101 3110850001 | H47: L | I47: Kawin | J47: Cemare | K47: 31351 | L47: 1985 | M47: =2019-L47 -> 34 | N47: Islam | O47: Sasak | P47: SLTP/SEDERAJAT | R47: Tukang Batu
D48: 41 | E48: Husniah | F48: Istri | G48: 520101 5211890003 | H48: P | I48: Kawin | J48: AIK AMPAT | K48: 32824 | L48: 1989 | M48: =2019-L48 -> 30 | N48: Islam | O48: Sasak | P48: SLTA/SEDERAJAT | R48: MENGURUS RUMAH TANGGA
D49: 42 | E49: Cinda Karina | F49: Anak | G49: 520101 6511090002 | H49: P | I49: Belum kawin | J49: Gerung | K49: 40142 | L49: 2009 | M49: =2019-L49 -> 10 | N49: Islam | O49: Sasak | P49: TIDAK/BELUM SEKOLAH | R49: BELUM/TIDAK BEKERJA
D50: 43 | E50: Raedatul Istiqomah | F50: Anak | G50: 520101 7110150001 | H50: P | I50: Belum kawin | J50: Gerung | K50: 42308 | L50: 2015 | M50: =2019-L50 -> 4 | N50: Islam | O50: Sasak | P50: TIDAK/BELUM SEKOLAH | R50: BELUM/TIDAK BEKERJA
B51: 13 | D51: 44 | E51: Samsudin | F51: KK | G51: 520101 2006750001 | H51: L | I51: Kawin | K51: 27565 | L51: =YEAR(K51) -> 1975 | M51: =2019-L51 -> 44 | N51: Islam | P51: - | R51: Pekerja lepas
D52: 45 | E52: Mardiana | F52: Istri | G52: 520803 5002900000 | H52: P | I52: Kawin | K52: 32914 | L52: =YEAR(K52) -> 1990 | M52: =2019-L52 -> 29 | N52: Islam | P52: SD/MI | R52: Pekerja lepas
B53: 14 | C53: 520101 1601170005 | D53: 46 | E53: Inaq Timah | F53: KK | G53: 520101 7112550025 | H53: P | I53: Cerai Mati | J53: Cemare | K53: 20454 | L53: 1955 | M53: =2019-L53 -> 64 | N53: Islam | O53: Sasak | P53: TIDAK/BELUM SEKOLAH | R53: BURUH HARIAN LEPAS
B54: 15 | C54: 520101 10509120013 | D54: 47 | E54: Abdullah | F54: KK | G54: 520101 1003751001 | H54: L | I54: Kawin | J54: BERMI | K54: 27463 | L54: 1975 | M54: =2019-L54 -> 44 | N54: Islam | O54: Sasak | P54: TAMAT SD/SEDERAJAT | R54: WIRASWASTA
D55: 48 | E55: Rohana | F55: Istri | G55: 520101 6211770001 | H55: P | I55: Kawin | J55: Cemare | K55: 28451 | L55: 1977 | M55: =2019-L55 -> 42 | N55: Islam | O55: Sasak | P55: TAMAT SD/SEDERAJAT | R55: PEDAGANG
D56: 49 | E56: Abdul Kadir Jaelani | F56: Anak | G56: 520101 2302961001 | H56: L | I56: Belum kawin | J56: Cemare | K56: 35118 | L56: 1996 | M56: =2019-L56 -> 23 | N56: Islam | O56: Sasak | P56: SLTP/SEDERAJAT | R56: PELAJAR/MAHASISWA
D57: 50 | E57: Maharani Juniati | F57: Anak | G57: 520101 5606031001 | H57: P | I57: Belum kawin | J57: Cemare | K57: 37788 | L57: 2003 | M57: =2019-L57 -> 16 | N57: Islam | O57: Sasak | P57: BELUM TAMAT SD/SEDERAJAT | R57: PELAJAR/MAHASISWA
D58: 51 | E58: Muhammad Nur Maulana | F58: Anak | G58: 520101 1612131001 | H58: L | I58: Belum kawin | J58: Cemare | K58: 41624 | L58: 2013 | M58: =2019-L58 -> 6 | N58: Islam | O58: Sasak | P58: TIDAK/BELUM SEKOLAH | R58: BELUM/TIDAK BEKERJA
B59: 16 | C59: 520101 2501100006 | D59: 52 | E59: Sahmin | F59: KK | G59: 520101 3112800188 | H59: L | I59: Kawin | J59: AIK AMPAT | K59: 29586 | L59: 1980 | M59: =2019-L59 -> 39 | N59: Islam | O59: Sasak | P59: SLTP/SEDERAJAT | R59: BURUH HARIAN LEPAS
D60: 53 | E60: Kaniah | F60: Istri | G60: 520101 7112850058 | H60: P | I60: Kawin | J60: AIK AMPAT | K60: 31412 | L60: 1985 | M60: =2019-L60 -> 34 | N60: Islam | O60: Sasak | P60: TAMAT SD/SEDERAJAT | R60: MENGURUS RUMAH TANGGA
D61: 54 | E61: Muhammad Tamiah | F61: Anak | G61: 520101 0409040002 | H61: L | I61: Belum kawin | J61: AIK AMPAT | K61: 38234 | L61: 2004 | M61: =2019-L61 -> 15 | N61: Islam | O61: Sasak | P61: BELUM TAMAT SD/SEDERAJAT | R61: PELAJAR/MAHASISWA
D62: 55 | E62: Selemah | F62: Orang Tua | G62: 520101 7112460027 | H62: P | I62: Cerai Mati | J62: AIK AMPAT | K62: 17167 | L62: 1946 | M62: =2019-L62 -> 73 | N62: Islam | O62: Sasak | P62: TAMAT SD/SEDERAJAT | R62: MENGURUS RUMAH TANGGA
B63: 17 | C63: 520101 2709120015 | D63: 56 | E63: Usman | F63: KK | G63: 520101 0302910001 | H63: L | I63: Kawin | J63: AIK AMPAT | K63: 33272 | L63: 1991 | M63: =2019-L63 -> 28 | N63: Islam | O63: Sasak | P63: TAMAT SD/SEDERAJAT | R63: BURUH TANI/PERKEBUNAN
D64: 57 | E64: Rohani | F64: Istri | G64: 520101 4704900001 | H64: P | I64: Kawin | J64: TAUN | K64: 32970 | L64: 1990 | M64: =2019-L64 -> 29 | N64: Islam | O64: Sasak | P64: TAMAT SD/SEDERAJAT | R64: BURUH TANI/PERKEBUNAN
B65: 18 | C65: 520101 0503085719 | D65: 58 | E65: Sahlan | F65: KK | G65: 520101 0107780335 | H65: L | I65: Kawin | J65: Cemare | K65: 28672 | L65: 1978 | M65: =2019-L65 -> 41 | N65: Islam | O65: Sasak | P65: TIDAK/BELUM SEKOLAH | R65: BURUH HARIAN LEPAS
D66: 59 | E66: Mahuni | F66: Istri | G66: 520101 4107800545 | H66: P | I66: Kawin | J66: Cemare | K66: 29403 | L66: 1980 | M66: =2019-L66 -> 39 | N66: Islam | O66: Sasak | P66: TIDAK/BELUM SEKOLAH | R66: BURUH HARIAN LEPAS
D67: 60 | E67: Yunita Febriani | F67: Anak | G67: 520101 6602020001 | H67: P | I67: Belum Kawin | J67: Cemare | K67: 37313 | L67: 2002 | M67: =2019-L67 -> 17 | N67: Islam | O67: Sasak | P67: BELUM TAMAT SD/SEDERAJAT | R67: PELAJAR/MAHASISWA
D68: 61 | E68: Yuspi Januardina | F68: Anak | G68: 520101 5401100002 | H68: P | I68: Belum kawin | J68: Cemare | K68: 40192 | L68: 2010 | M68: =2019-L68 -> 9 | N68: Islam | O68: Sasak | P68: TIDAK/BELUM SEKOLAH | R68: BELUM/TIDAK BEKERJA
D69: 62 | E69: Paizul Azmi | F69: Anak | G69: 520101 1405140001 | H69: L | I69: Belum Kawin | J69: Gerung | K69: 41773 | L69: 2014 | M69: =2019-L69 -> 5 | N69: Islam | O69: Sasak | P69: TIDAK/BELUM SEKOLAH | R69: BELUM/TIDAK BEKERJA
B70: 19 | C70: 520101 0503085687 | D70: 63 | E70: Sanisah | F70: KK | G70: 520101 4107650340 | H70: P | I70: Cerai Mati | J70: Cemare | K70: 23924 | L70: 1965 | M70: =2019-L70 -> 54 | N70: Islam | O70: Sasak | P70: TIDAK/BELUM SEKOLAH | R70: BURUH HARIAN LEPAS
D71: 64 | E71: Rakmah | F71: Anak | G71: 520101 4107850250 | H71: P | I71: Cerai Hidup | J71: Cemare | K71: 30133 | L71: 1982 | M71: =2019-L71 -> 37 | N71: Islam | O71: Sasak | P71: TIDAK/BELUM SEKOLAH | R71: BURUH HARIAN LEPAS
D72: 65 | E72: Ramadan Raditya | F72: cucu | G72: 520101 0809090005 | H72: L | I72: Belum kawin | J72: Cemare | K72: 40064 | L72: 2009 | M72: =2019-L72 -> 10 | N72: Islam | O72: Sasak | P72: BELUM TAMAT SD/SEDERAJAT | R72: PELAJAR/MAHASISWA
B73: 20 | C73: 520101 2409131008 | D73: 66 | E73: Sahnan | F73: KK | G73: 520101 0801850001 | H73: L | I73: Kawin | J73: Cemare | K73: 31514 | L73: 1986 | M73: =2019-L73 -> 33 | N73: Islam | O73: Sasak | P73: SLTA/SEDERAJAT | R73: KARYAWAN HONORER
D74: 67 | E74: Uswatun Hasanah | F74: Istri | G74: 520115 5701880004 | H74: P | I74: Kawin | J74: Perendekan | K74: 32705 | L74: 1989 | M74: =2019-L74 -> 30 | N74: Islam | O74: Sasak | P74: SLTA/SEDERAJAT | R74: MENGURUS RUMAH TANGGA
D75: 68 | E75: Ginti Adtya Pratama | F75: Anak | G75: 520101 2705131002 | H75: L | I75: Belum kawin | J75: Cemare | K75: 41421 | L75: 2013 | M75: =2019-L75 -> 6 | N75: Islam | O75: Sasak | P75: TIDAK/BELUM SEKOLAH | R75: BELUM/TIDAK BEKERJA
B76: 21 | C76: 520101 0503085850 | D76: 69 | E76: Adnan | F76: KK | G76: 520101 1801710001 | H76: L | I76: Kawin | J76: Cemare | K76: 25951 | L76: 1971 | M76: =2019-L76 -> 48 | N76: Islam | O76: Sasak | P76: TIDAK/BELUM SEKOLAH | R76: BURUH HARIAN LEPAS
D77: 70 | E77: Zuriyah | F77: Istri | G77: 520101 6802720001 | H77: P | I77: Kawin | J77: Cemare | K77: 26357 | L77: 1972 | M77: =2019-L77 -> 47 | N77: Islam | O77: Sasak | P77: TAMAT SD/SEDERAJAT | R77: BURUH HARIAN LEPAS
D78: 71 | E78: Muhamad Sakaki | F78: Anak | G78: 520101 0106910005 | H78: L | I78: Belum kawin | J78: Cemare | K78: 33390 | L78: 1991 | M78: =2019-L78 -> 28 | N78: Islam | O78: Sasak | P78: TAMAT SD/SEDERAJAT | R78: BURUH HARIAN LEPAS
D79: 72 | E79: Hasimmulloh | F79: Anak | G79: 520101 0409900001 | H79: L | I79: Belum kawin | J79: Cemare | K79: 34229 | L79: 1993 | M79: =2019-L79 -> 26 | N79: Islam | O79: Sasak | P79: TAMAT SD/SEDERAJAT | R79: BURUH HARIAN LEPAS
D80: 73 | E80: Zuhriatun Amalia | F80: Anak | G80: 520101 5601050001 | H80: P | I80: Belum kawin | J80: Cemare | K80: 38368 | L80: 2005 | M80: =2019-L80 -> 14 | N80: Islam | O80: Sasak | P80: TAMAT SD/SEDERAJAT | R80: BELUM/TIDAK BEKERJA
D81: 74 | E81: Maftuh Ihsan | F81: Anak | G81: 520101 1601050001 | H81: L | I81: Belum kawin | J81: Cemare | K81: 38368 | L81: 2005 | M81: =2019-L81 -> 14 | N81: Islam | O81: Sasak | P81: TAMAT SD/SEDERAJAT | R81: BELUM/TIDAK BEKERJA
B82: 22 | C82: 520101 0303150010 | D82: 75 | E82: Siti Aisah | F82: KK | G82: 520101 4909690002 | H82: P | I82: Cerai Hidup | J82: Cemare | K82: 21802 | L82: 1959 | M82: =2019-L82 -> 60 | N82: Islam | O82: Sasak | P82: TIDAK/BELUM SEKOLAH | R82: Pedagang
D83: 76 | E83: Addullah | F83: Anak | G83: 520101 0407910001 | H83: L | I83: Belum kawin | J83: Cemare | K83: 33423 | L83: 1991 | M83: =2019-L83 -> 28 | N83: Islam | O83: Sasak | P83: TAMAT SD/SEDERAJAT | R83: BURUH HARIAN LEPAS
B84: 23 | C84: 520101 0503085374 | D84: 77 | E84: Mahyudin | F84: KK | G84: 520101 3112750221 | H84: L | I84: Kawin | J84: Cemare | K84: 27759 | L84: 1975 | M84: =2019-L84 -> 44 | N84: Islam | O84: Sasak | P84: TAMAT SD/SEDERAJAT | R84: BURUH HARIAN LEPAS
D85: 78 | E85: Mujibah | F85: Istri | G85: 520101 5703710001 | H85: P | I85: Kawin | J85: Aik Ampat | K85: 26009 | L85: 1971 | M85: =2019-L85 -> 48 | N85: Islam | O85: Sasak | P85: TAMAT SD/SEDERAJAT | R85: BURUH HARIAN LEPAS
D86: 79 | E86: Uswatun Hasanah | F86: Anak | G86: 520101 6307990002 | H86: P | I86: Belum kawin | J86: Cemare | K86: 36364 | L86: 1999 | M86: =2019-L86 -> 20 | N86: Islam | O86: Sasak | P86: SLTA/SEDERAJAT | R86: BELUM/TIDAK BEKERJA
D87: 80 | E87: Gufron Ray yandi | F87: Anak | G87: 520101 0610070001 | H87: L | I87: Belum kawin | J87: Cemare | K87: 39363 | L87: 2007 | M87: =2019-L87 -> 12 | N87: Islam | O87: Sasak | P87: BELUM TAMAT SD/SEDERAJAT | R87: PELAJAR/MAHASISWA
B88: 24 | C88: 520101 2801141013 | D88: 81 | E88: Rahman | F88: KK | G88: 520101 1506890002 | H88: L | I88: Kawin | J88: Cemare | K88: 32510 | L88: 1989 | M88: =2019-L88 -> 30 | N88: Islam | O88: Sasak | P88: SLTP/SEDERAJAT | R88: Wiraswasta
D89: 82 | E89: Zohratun Huna | F89: Istri | G89: 520102 7112930082 | H89: P | I89: Kawin | J89: Kediri | K89: 34334 | L89: 1993 | M89: =2019-L89 -> 26 | N89: Islam | O89: Sasak | P89: SLTP/SEDERAJAT | R89: MENGURUS RUMAH TANGGA
D90: 83 | E90: Siti Amrina Yusra | F90: Anak | G90: 520101 5401141001 | H90: P | I90: Belum kawin | J90: Gerung | K90: 41653 | L90: 2014 | M90: =2019-L90 -> 5 | N90: Islam | O90: Sasak | P90: TIDAK/BELUM SEKOLAH | R90: BELUM/TIDAK BEKERJA
B91: 25 | C91: 520101 0503085883 | D91: 84 | E91: Mulisah | F91: KK | G91: 520101 2008570001 | H91: L | I91: Kawin | J91: Cemare | K91: 21052 | L91: 1957 | M91: =2019-L91 -> 62 | N91: Islam | O91: Sasak | P91: TIDAK/BELUM SEKOLAH | R91: BURUH HARIAN LEPAS
D92: 85 | E92: Munisah | F92: Istri | G92: 520101 7006580001 | H92: P | I92: Kawin | J92: Cemare | K92: 21366 | L92: 1958 | M92: =2019-L92 -> 61 | N92: Islam | O92: Sasak | P92: TIDAK/BELUM SEKOLAH | R92: Pedagang
D93: 86 | E93: Kamariah | F93: Anak | G93: 520101 5902830001 | H93: P | I93: Belum kawin | J93: Cemare | K93: 30366 | L93: 1983 | M93: =2019-L93 -> 36 | N93: Islam | O93: Sasak | P93: SLTP/SEDERAJAT | R93: Pedagang
D94: 87 | E94: Murjiah | F94: Anak | G94: 520101 4606910001 | H94: P | I94: Belum kawin | J94: Cemare | K94: 33395 | L94: 1991 | M94: =2019-L94 -> 28 | N94: Islam | O94: Sasak | P94: TAMAT SD/SEDERAJAT | R94: BELUM/TIDAK BEKERJA
D95: 88 | E95: Mariah | F95: Anak | G95: 520101 6908910001 | H95: P | I95: Belum kawin | J95: Cemare | K95: 33479 | L95: 1991 | M95: =2019-L95 -> 28 | N95: Islam | O95: Sasak | P95: TAMAT SD/SEDERAJAT | R95: MENGURUS RUMAH TANGGA
B96: 26 | C96: 520101 0503085633 | D96: 89 | E96: Mardiana | F96: KK | G96: 520101 5108670001 | H96: P | I96: Cerai Hidup | J96: Cemare | K96: 24695 | L96: 1967 | M96: =2019-L96 -> 52 | N96: Islam | O96: Sasak | P96: TIDAK/BELUM SEKOLAH | R96: Pembantu Rumah Tangga
B97: 27 | C97: 520101 1506890002 | D97: 90 | E97: Rahman | F97: KK | G97: 520101 1506890002 | H97: L | I97: Kawin | J97: Cemare | K97: 32510 | L97: 1989 | M97: =2019-L97 -> 30 | N97: Islam | O97: Sasak | P97: SLTP/SEDERAJAT | R97: Wiraswasta
D98: 91 | E98: Zohratun Huna | F98: Istri | G98: 520102 7112930082 | H98: P | I98: Kawin | J98: Kediri | K98: 34334 | L98: 1993 | M98: =2019-L98 -> 26 | N98: Islam | O98: Sasak | P98: SLTP/SEDERAJAT | R98: MENGURUS RUMAH TANGGA
D99: 92 | E99: Siti Amrina Yusra | F99: Anak | G99: 520101 5401141001 | H99: P | I99: Belum kawin | J99: Gerung | K99: 41653 | L99: 2014 | M99: =2019-L99 -> 5 | N99: Islam | O99: Sasak | P99: TIDAK/BELUM SEKOLAH | R99: BELUM/TIDAK BEKERJA
B100: 38 | C100: 520101 0503085734 | D100: 93 | E100: Suhaini | F100: KK | G100: 520101 0111550001 | H100: L | I100: Kawin | J100: Cemare | K100: 21855 | L100: 1959 | M100: =2019-L100 -> 60 | N100: Islam | O100: Sasak | P100: TAMAT SD/SEDERAJAT | R100: PETANI/PEKEBUN
D101: 94 | E101: Hamidah | F101: Istri | G101: 520101 7007690001 | H101: P | I101: Kawin | J101: Peturunan Puntik | K101: 25414 | L101: 1969 | M101: =2019-L101 -> 50 | N101: Islam | O101: Sasak | P101: TAMAT SD/SEDERAJAT | R101: PETANI/PEKEBUN
...

Sheet Sheet2
A1: 97 | C1: 263
A2: 87 | C2: 274
A3: 70 | C3: 232
A4: 63 | C4: 193
A5: 24 | C5: 70
A6: =SUM(A1:A5) -> 341 | C6: =SUM(C1:C5) -> 1032

Sheet Meninggal
A3: No | B3: Nomor KK | C3: Jumlah | D3: Nama Lengkap/panggilan | E3: Kedudukan dalam Keluarga | F3: NIK | G3: Jenis Kelamin (L/P) | H3: Status Perkawinan | I3: Lahir | L3: Usia | M3: Agama | O3: Pendidikan Terakhir | Q3: Pekerjaan | R3: Cacat | T3: Ada / Tidak
C4: Jiwa | I4: Tempat | J4: Tanggal | K4: Tahun | R4: Mental | S4: Fisik | T4: KK | U4: KTP/KIA | V4: Buku Nikah | W4: Akte Kelahiran
B6: 520101 0503085998 | D6: Nurilah | E6: KK | F6: 520101 1004640001 | G6: L | H6: Kawin | I6: Cemare | J6: 23477 | K6: 1964 | L6: =2019-K6 -> 55 | M6: Islam | O6: BELUM TAMAT SD/ SEDERAJAT | Q6: BURUH TANI/PERKEBUNAN
B7: 520101 0503085543 | D7: Nafisah | E7: Istri | F7: 520101 7112700199 | G7: P | H7: Kawin | I7: Cemare | J7: 25933 | K7: 1970 | L7: =2019-K7 -> 49 | M7: Islam | O7: TAMAT SD/SEDERAJAT | Q7: BURUH HARIAN LEPAS
B8: 65 | C8: 520101 0503085341 | E8: Rifa'i | F8: KK | G8: 520101 0509620001 | H8: L | I8: Kawin | J8: Cemare | K8: 22894 | L8: 1962 | M8: =2019-L8 -> 57 | N8: Islam | O8: Sasak | P8: TIDAK/BELUM SEKOLAH | R8: Tukang Kayu
C9: 520101 0503085889 | E9: Drs. Ahmad | F9: KK | G9: 520101 1412620001 | H9: L | I9: Kawin | J9: Aik Ampat | K9: 18628 | L9: 1950 | M9: =2019-L9 -> 69 | N9: Islam | O9: Sasak | P9: DIPLOMA IV/STRATA I | R9: PENSIUNAN
A10: RT 4 | B10: 42 | D10: 149 | E10: Masitah | F10: KK | G10: 520101 4107630033 | H10: P | I10: Janda | K10: 23193 | M10: =2019-L10 -> 2019 | N10: Islam | P10: - | R10: Pekerja lepas
D11: 520101 11502120051 | E11: RAKYAH | F11: KK | G11: 520101 3112680141 | H11: L | I11: Kawin | J11: Cemare | K11: 21550 | L11: 1958 | M11: Islam | N11: Sasak | O11: TAMAT SD/SEDERAJAT | Q11: wiraswasta
D12: 72 | E12: Nafisah | F12: Istri | G12: 520101 7112700199 | H12: P | I12: Kawin | J12: Cemare | K12: 25933 | L12: 1970 | M12: =2019-L12 -> 49 | N12: Islam | O12: Sasak | P12: TAMAT SD/SEDERAJAT | R12: BURUH HARIAN LEPAS
B13: 33 | C13: 520101 0503085889 | D13: 113 | E13: Drs. Ahmad | F13: KK | G13: 520101 1412620001 | H13: L | I13: Kawin | J13: Aik Ampat | K13: 18628 | L13: 1950 | M13: =2019-L13 -> 69 | N13: Islam | O13: Sasak | P13: DIPLOMA IV/STRATA I | R13: PENSIUNAN

Sheet Pindah Keluar
A3: No | B3: Nomor KK | C3: Jumlah | D3: Nama Lengkap/panggilan | E3: Kedudukan dalam Keluarga | F3: NIK | G3: Jenis Kelamin (L/P) | H3: Status Perkawinan | I3: Lahir | L3: Usia | M3: Agama | O3: Pendidikan Terakhir | Q3: Pekerjaan | R3: Cacat | T3: Ada / Tidak
C4: Jiwa | I4: Tempat | J4: Tanggal | K4: Tahun | R4: Mental | S4: Fisik | T4: KK | U4: KTP/KIA | V4: Buku Nikah | W4: Akte Kelahiran
D6: Pahriah | E6: Anak | F6: 520101 7112920016 | G6: P | H6: Belum kawin | I6: AIK AMPAT | J6: 33969 | L6: =2019-K6 -> 2019 | M6: Islam | O6: SLTA/MA | Q6: Pekerja lepas
C7: 77 | D7: Irpan Jaelani | E7: Anak | F7: 520101 0802960002 | G7: L | H7: Belum kawin | J7: 35103 | L7: =2019-K7 -> 2019 | M7: Islam | O7: SLTA/MA | Q7: -
C8: 50 | D8: Fathul Azziz | E8: Anak | F8: 520101 0205920002 | G8: L | H8: Belum kawin | J8: 33726 | L8: =2019-K8 -> 2019 | M8: Islam | O8: SLTP/MTSN | Q8: Pekerja lepas
C9: 168 | D9: Fatimah | E9: Anak | F9: 520101 5011930001 | G9: P | H9: Belum kawin | J9: 34283 | L9: =2019-K9 -> 2019 | M9: Islam | O9: SD/MI | Q9: Pekerja lepas
C10: 81 | D10: Ayuni | E10: Anak | F10: 520101 5007950001 | G10: L | H10: Belum kawin | J10: 34890 | L10: =2019-K10 -> 2019 | M10: Islam | O10: SLTA/MA | Q10: -
D11: Sri Atun | E11: Anak | F11: 520101 4205920001 | G11: P | H11: Belum kawin | I11: Cemare | J11: 31777 | K11: 1986 | L11: =2019-K11 -> 33 | M11: Islam | N11: Sasak | O11: TAMAT SD/SEDERAJAT | Q11: WIRASWASTA
A12: RT 5 | B12: 520101 2301180010 | C12: 24 | D12: Abdul Kadir Jaelani | E12: KK | F12: 520101 2302961001 | G12: L | H12: Kawin | I12: KT. Cemara | J12: 35118 | K12: 1996 | L12: =2019-K12 -> 23 | M12: Islam | N12: Sasak | O12: SLTP/SEDERAJAT | Q12: WIRASWASTA
D13: Rena | E13: Istri | F13: 520103 5704010001 | G13: P | H13: Kawin | I13: Karang Taliwang | J13: 36998 | K13: 2001 | L13: =2019-K13 -> 18 | M13: Islam | N13: Sasak | O13: TAMAT SD/SEDERAJAT | Q13: MENGURUS RUMAH TANGGA
A14: RT 4 | B14: 520101 1110170002 | D14: Sardi | E14: KK | F14: 520101 2512920001 | G14: L | H14: Kawin | I14: Cemare | J14: 33800 | K14: 1992 | L14: =2019-K14 -> 27 | M14: Islam | N14: Sasak | O14: SLTP/SEDERAJAT | Q14: WIRASWASTA
D15: Haryati | E15: Istri | F15: 520101 4408890002 | G15: P | H15: Kawin | I15: Cemare | J15: 34185 | K15: 1993 | L15: =2019-K15 -> 26 | M15: Islam | N15: Sasak | O15: SLTP/SEDERAJAT | Q15: MENGURUS RUMAH TANGGA
C16: 160 | D16: Sahnan | E16: Anak | F16: 520101 1204880001 | G16: L | H16: Belum kawin | J16: 32245 | L16: =2019-K16 -> 2019 | M16: Islam | O16: SLTP/MTSN | Q16: Pekerja lepas
C17: 162 | D17: Salamn | E17: Anak | F17: 520101 1011910001 | G17: L | H17: Belum kawin | J17: 33552 | L17: =2019-K17 -> 2019 | M17: Islam | O17: SLTP/MTSN | Q17: -
A18: RT 5 | D18: 41 | E18: Misaah | F18: Anak | G18: 520101 5008900101 | H18: P | I18: Belum kawin | K18: 33095 | M18: =2019-L18 -> 2019 | N18: Islam | P18: SLTA/MA | R18: Pekerja lepas
D19: 42 | E19: Mudemah | F19: Anak | G19: 520101 5708910001 | H19: P | I19: Belum kawin | K19: 33467 | M19: =2019-L19 -> 2019 | N19: Islam | P19: SLTP/MTSN | R19: Pekerja lepas
D20: 43 | E20: Rohimah | F20: Anak | G20: 520101 6602930001 | H20: P | I20: Belum kawin | K20: 34026 | M20: =2019-L20 -> 2019 | N20: Islam | P20: SD/MI | R20: -
A21: RT 5 | D21: 7 | E21: Zohriah | F21: Istri | G21: 520101 4107330384 | H21: P | I21: Kawin | K21: 26846 | M21: =2019-L21 -> 2019 | N21: Islam | P21: - | R21: Pekerja lepas
A22: RT 4 | D22: 122 | E22: Rakmah | F22: Anak | G22: 520101 4107850250 | H22: P | I22: Janda | K22: 30133 | M22: =2019-L22 -> 2019 | N22: Islam | P22: - | R22: Pekerja lepas
A23: RT 4 | D23: 154 | E23: Ayuni | F23: Anak | G23: 520101 5006870001 | H23: P | I23: Belum kawin | K23: 31938 | M23: =2019-L23 -> 2019 | N23: Islam | P23: SLTA/MA | R23: -
E24: Suhaini | F24: Anak | G24: 520101 2501910003 | H24: L | I24: Belum kawin | J24: CEMARA | K24: 33263 | L24: 1991 | M24: =2019-L24 -> 28 | N24: Islam | O24: Sasak | P24: SLTP/SEDERAJAT | R24: WIRASWATA
E25: Nursin | F25: Anak | G25: 520101 11001830003 | H25: L | I25: Belum kawin | J25: CEMARA | K25: 33979 | L25: 1993 | M25: =2019-L25 -> 26 | N25: Islam | O25: Sasak | P25: SLTP/SEDERAJAT | R25: WIRASWATA
A26: RT 5 | D26: 115 | E26: Najah Nawati Apriana | F26: Anak | G26: 520101 6809900001 | H26: P | I26: Belum Kawin | J26: Tanjung Gunung | K26: 33346 | L26: 1991 | M26: =2019-L26 -> 28 | N26: Islam | O26: Sasak | P26: DIPLOMA IV/STRATA I | R26: BELUM/TIDAK BEKERJA
A27: RT 5 | E27: Masiah | F27: Anak | G27: 520101 4907900001 | H27: P | I27: Cerai Hidup | J27: CEMARA | K27: 33063 | L27: 1990 | M27: =2019-L27 -> 29 | N27: Islam | O27: Sasak | P27: SLTP/SEDERAJAT | R27: BURUH HARIAN LEPAS
