Workbook
Name _520101_1611170006: 'RT 02'!$C$301
Name _GoBack: 'RT 01'!$G$8

Sheet Rekap
B2: REKAP DATA PENDUDUK
B3: LINGKUNGAN CEMARA
B4: RT | C4: Jumlah Penduduk | E4: Total | F4: Jumlah KK | H4: Total | I4: Jumlah Duda / Janda | K4: Total | L4: Jumlah Lansia ( =>60 ) | N4: Total
C5: L | D5: P | F5: L | G5: P | I5: L | J5: P | L5: L | M5: P
B6: RT 1 | C6: =COUNTIF('RT 01'!$H$8:$H$329,"L") -> 152 | D6: =COUNTIF('RT 01'!$H$8:$H$329,"P") -> 170 | E6: =SUM(C6:D6) -> 322 | F6: =COUNTIFS('RT 01'!$F$8:$F$329,"KK",'RT 01'!$H$8:$H$329,"L") -> 86 | G6: =COUNTIFS('RT 01'!$F$8:$F$329,"KK",'RT 01'!$H$8:$H$329,"P") -> 32 | H6: =SUM(F6:G6) -> 118 | I6: =COUNTIFS('RT 01'!$I$8:$I$329,"Cerai Mati",'RT 01'!$H$8:$H$329,"L")+COUNTIFS('RT 01'!$I$8:$I$329,"Cerai Hidup",'RT 01'!$H$8:$H$329,"L")+COUNTIFS('RT 01'!$I$8:$I$329,"Duda",'RT 01'!$H$8:$H$329,"L") -> 4 | J6: =COUNTIFS('RT 01'!$I$8:$I$329,"Cerai Mati",'RT 01'!$H$8:$H$329,"P")+COUNTIFS('RT 01'!$I$8:$I$329,"Cerai Hidup",'RT 01'!$H$8:$H$329,"P")+COUNTIFS('RT 01'!$I$8:$I$329,"Janda",'RT 01'!$H$8:$H$329,"P") -> 31 | K6: =SUM(I6:J6) -> 35 | L6: 19 | M6: 29 | N6: =SUM(L6:M6) -> 48
B7: RT 2 | C7: =COUNTIF('RT 02'!$H$8:$H$324,"L") -> 165 | D7: =COUNTIF('RT 02'!$H$8:$H$324,"P") -> 152 | E7: =SUM(C7:D7) -> 317 | F7: =COUNTIFS('RT 02'!$F$8:$F$324,"KK",'RT 02'!$H$8:$H$324,"L") -> 82 | G7: =COUNTIFS('RT 02'!$F$8:$F$324,"KK",'RT 02'!$H$8:$H$324,"P") -> 15 | H7: =SUM(F7:G7) -> 97 | I7: =COUNTIFS('RT 02'!$I$8:$I$324,"Cerai Mati",'RT 02'!$H$8:$H$324,"L")+COUNTIFS('RT 02'!$I$8:$I$324,"Cerai Hidup",'RT 02'!$H$8:$H$324,"L")+COUNTIFS('RT 02'!$I$8:$I$324,"Duda",'RT 02'!$H$8:$H$324,"L") -> 8 | J7: =COUNTIFS('RT 02'!$I$8:$I$324,"Cerai Mati",'RT 02'!$H$8:$H$324,"P")+COUNTIFS('RT 02'!$I$8:$I$324,"Cerai Hidup",'RT 02'!$H$8:$H$324,"P")+COUNTIFS('RT 02'!$I$8:$I$324,"Janda",'RT 02'!$H$8:$H$324,"P") -> 16 | K7: =SUM(I7:J7) -> 24 | L7: 15 | M7: 13 | N7: =SUM(L7:M7) -> 28
B8: RT 3 | C8: =COUNTIF('RT 03'!$H$8:$H$223,"L") -> 100 | D8: =COUNTIF('RT 03'!$H$8:$H$223,"P") -> 116 | E8: =SUM(C8:D8) -> 216 | F8: =COUNTIFS('RT 03'!$F$8:$F$223,"KK",'RT 03'!$H$8:$H$223,"L") -> 53 | G8: =COUNTIFS('RT 03'!$F$8:$F$223,"KK",'RT 03'!$H$8:$H$223,"P") -> 19 | H8: =SUM(F8:G8) -> 72 | I8: =COUNTIFS('RT 03'!$I$8:$I$223,"Cerai Mati",'RT 03'!$H$8:$H$223,"L")+COUNTIFS('RT 03'!$I$8:$I$223,"Cerai Hidup",'RT 03'!$H$8:$H$223,"L")+COUNTIFS('RT 03'!$I$8:$I$223,"Duda",'RT 03'!$H$8:$H$223,"L") -> 3 | J8: =COUNTIFS('RT 03'!$I$8:$I$223,"Cerai Mati",'RT 03'!$H$8:$H$223,"P")+COUNTIFS('RT 03'!$I$8:$I$223,"Cerai Hidup",'RT 03'!$H$8:$H$223,"P")+COUNTIFS('RT 03'!$I$8:$I$223,"Janda",'RT 03'!$H$8:$H$223,"P") -> 19 | K8: =SUM(I8:J8) -> 22 | L8: 11 | M8: 9 | N8: =SUM(L8:M8) -> 20
B9: JUMLAH TOTAL | C9: =SUM(C6:C8) -> 417 | D9: =SUM(D6:D8) -> 438 | E9: =SUM(E6:E8) -> 855 | F9: =SUM(F6:F8) -> 221 | G9: =SUM(G6:G8) -> 66 | H9: =SUM(H6:H8) -> 287 | I9: =SUM(I6:I8) -> 15 | J9: =SUM(J6:J8) -> 66 | ... N9: =SUM(N6:N8) -> 96
C13: Mengetahui
C14: Lurah Dasan Geres | K14: Kepala Lingkungan
C18: Hulaifi, S.H. | K18: Sahiman
C19: NIP. 19841231 201101 1 023

Sheet RT 01
B1: DATA INDUK PENDUDUK KELURAHAN DASAN GERES
B2: TAHUN 2019
B3: LINGKUNGAN CEMARA
B4: RT 01
B5: No | C5: Nomor KK | D5: Jumlah Jiwa | E5: Nama Lengkap/ Panggilan | F5: Kedudukan dalam Keluarga | G5: NIK | H5: Jenis Kelamin (L/P) | I5: Status Perkawinan | J5: Lahir | M5: Usia | N5: Agama | O5: Etnis | P5: Pendidikan Terakhir | Q5: Jurusan | R5: Pekerjaan
J6: Tempat | K6: Tanggal | L6: Tahun
B8: 1 | C8: 520101 0503081465 | D8: 1 | E8: Imran Hadi | F8: KK | G8: 520101 0107820069 | H8: L | I8: Kawin | J8: Aik Ampat | K8: 27760 | L8: 1976 | M8: =2019-L8 -> 43 | N8: Islam | O8: Sasak | P8: Tidak/Belum Sekolah | R8: Buruh Harian Lepas
D9: 2 | E9: Rukyah | F9: Istri | G9: 520101 4107840052 | H9: P | I9: Kawin | J9: Cemare Karang Tengak | K9: 30864 | L9: 1984 | M9: =2019-L9 -> 35 | N9: Islam | O9: Sasak | P9: Tidak/Belum Sekolah | R9: Buruh Harian Lepas
D10: 3 | E10: Muhammad Ruhadian | F10: Anak | G10: 520101 1004090002 | H10: L | I10: Belum kawin | J10: Aik Ampat | K10: 39913 | L10: 2009 | M10: =2019-L10 -> 10 | N10: Islam | O10: Sasak | P10: Belum Tamat SD/Sederajat | R10: Pelajar/Mahasiswa
D11: 4 | E11: Adinda Septiani | F11: Anak | G11: 520101 6109180001 | H11: P | I11: Belum kawin | J11: Gerung | K11: 43364 | L11: 2018 | M11: =2019-L11 -> 1 | N11: Islam | O11: Sasak | P11: Tidak/Belum Sekolah | R11: Belum/Tidak Bekerja
B12: 2 | C12: 520101 0609131005 | D12: 5 | E12: Jalaludin | F12: KK | G12: 520101 0107870119 | H12: L | I12: Kawin | J12: Cemare Karang Tengak | K12: 31959 | L12: 1987 | M12: =2019-L12 -> 32 | N12: Islam | O12: Sasak | P12: SLTP/Sederajat | R12: Buruh Harian Lepas
D13: 6 | E13: Runiah | F13: Istri | G13: 520101 6504850001 | H13: P | I13: Kawin | J13: Aik Ampat | K13: 33103 | L13: 1990 | M13: =2019-L13 -> 29 | N13: Islam | O13: Sasak | P13: Tamat SD/Sederajat | R13: Buruh Harian Lepas
D14: 7 | E14: Wulan | F14: Anak | G14: 520101 5101100004 | H14: P | I14: Belum kawin | J14: Aik Ampat | K14: 40189 | L14: 2010 | M14: =2019-L14 -> 9 | N14: Islam | O14: Sasak | P14: Belum Tamat SD/Sederajat | R14: Pelajar/Mahasiswa
D15: 8 | E15: Azka Aulia | F15: Anak | G15: 520101 5012180001 | H15: P | I15: Belum kawin | J15: Aik Ampat | K15: 43444 | L15: 2018 | M15: =2019-L15 -> 1 | N15: Islam | O15: Sasak | P15: Tidak/Belum Sekolah | R15: Belum/Tidak Bekerja
B16: 3 | C16: 520101 2502141016 | D16: 9 | E16: Misa’ah | F16: KK | G16: 520101 5011781001 | H16: P | I16: Cerai Mati | J16: Aik Ampat | K16: 28804 | L16: 1978 | M16: =2019-L16 -> 41 | N16: Islam | O16: Sasak | P16: Tamat SD/Sederajat | R16: Buruh Harian Lepas
D17: 10 | E17: Eka Hilmiati | F17: Anak | G17: 520101 4802011001 | H17: P | I17: Belum kawin | J17: Bawak Gunung | K17: 36930 | L17: 2001 | M17: =2019-L17 -> 18 | N17: Islam | O17: Sasak | P17: Tamat SD/Sederajat | R17: Belum/Tidak Bekerja
B18: 4 | C18: 520101 2803120031 | D18: 11 | E18: Salim | F18: KK | G18: 520101 2707760002 | H18: L | I18: Kawin | J18: Aik Ampat | K18: 27968 | L18: 1976 | M18: =2019-L18 -> 43 | N18: Islam | O18: Sasak | P18: Tamat SD/Sederajat | R18: Buruh Harian Lepas
D19: 12 | E19: Sabariah | F19: Istri | G19: 520101 7112700184 | H19: P | I19: Kawin | J19: Aik Ampat | K19: 25933 | L19: 1970 | M19: =2019-L19 -> 49 | N19: Islam | O19: Sasak | P19: Tamat SD/Sederajat | R19: Buruh Harian Lepas
D20: 13 | E20: Risa Diana | F20: Anak | G20: 520101 4204030003 | H20: P | I20: Belum kawin | J20: Aik Ampat | K20: 37733 | L20: 2003 | M20: =2019-L20 -> 16 | N20: Islam | O20: Sasak | P20: Belum Tamat SD/Sederajat | R20: Pelajar/Mahasiswa
B21: 5 | D21: 14 | E21: Suparman | F21: KK | G21: 520101 2009920001 | H21: L | I21: Kawin | K21: 33867 | L21: =YEAR(K21) -> 1992 | M21: =2019-L21 -> 27 | N21: Islam | P21: SLTA/MA | R21: Pekerja lepas
D22: 15 | E22: Laila Kudriatun Agusyani | F22: Istri | G22: 520101 4109930002 | H22: P | I22: Kawin | K22: 34213 | L22: =YEAR(K22) -> 1993 | M22: =2019-L22 -> 26 | N22: Islam | P22: SLTA/MA | R22: Lainnya
D23: 16 | E23: Jihan Talitaulfa | F23: Anak | G23: 520101 6307140004 | H23: P | I23: Belum kawin | K23: 41843 | L23: =YEAR(K23) -> 2014 | M23: =2019-L23 -> 5 | N23: Islam | P23: - | R23: -
B24: 6 | C24: 520101 0503081862 | D24: 17 | E24: Sahabudin | F24: KK | G24: 520101 0107360166 | H24: L | I24: Kawin | J24: Kapek | K24: 13697 | L24: 1937 | M24: =2019-L24 -> 82 | N24: Islam | O24: Sasak | P24: Tamat SD/Sederajat | R24: Buruh Harian Lepas
D25: 18 | E25: Mustiah | F25: Istri | G25: 520101 4107570440 | H25: P | I25: Kawin | J25: Cemare Karang Tengak | K25: 21185 | L25: 1957 | M25: =2019-L25 -> 62 | N25: Islam | O25: Sasak | P25: Tidak/Belum Sekolah | R25: Buruh Harian Lepas
D26: 19 | E26: Fatakhurrahman | F26: Anak | G26: 520101 0107970343 | H26: L | I26: Belum kawin | J26: Cemare Karang Tengak | K26: 35612 | L26: 1997 | M26: =2019-L26 -> 22 | N26: Islam | O26: Sasak | P26: Belum Tamat SD/Sederajat | R26: Pelajar/Mahasiswa
B27: 7 | C27: 520101 2504110007 | D27: 20 | E27: Ramli | F27: KK | G27: 520101 3112730005 | H27: L | I27: Kawin | J27: Aik Ampat | K27: 27029 | L27: 1973 | M27: =2019-L27 -> 46 | N27: Islam | O27: Sasak | P27: Tamat SD/Sederajat | R27: Petani/Pekebun
D28: 21 | E28: Mahuni | F28: Istri | G28: 520101 7112750124 | H28: P | I28: Kawin | J28: Luwuk | K28: 27759 | L28: 1975 | M28: =2019-L28 -> 44 | N28: Islam | O28: Sasak | P28: Tamat SD/Sederajat | R28: Petani/Pekebun
D29: 22 | E29: Purniati | F29: Anak | G29: 520101 4707920003 | H29: P | I29: Belum kawin | J29: Aik Ampat | K29: 34157 | L29: 1993 | M29: =2019-L29 -> 26 | N29: Islam | O29: Sasak | P29: SLTP/Sederajat | R29: Belum/Tidak Bekerja
D30: 23 | E30: Ahmad Madani | F30: Anak | G30: 520101 0107120003 | H30: L | I30: Belum kawin | J30: Gerung | K30: 41091 | L30: 2012 | M30: =2019-L30 -> 7 | N30: Islam | O30: Sasak | P30: Tidak/Belum Sekolah | R30: Belum/Tidak Bekerja
B31: 8 | C31: 520101 1007140005 | D31: 24 | E31: Supardi | F31: KK | G31: 520101 0107890427 | H31: L | I31: Kawin | J31: Aik Ampat | K31: 32690 | L31: 1989 | M31: =2019-L31 -> 30 | N31: Islam | O31: Sasak | P31: SLTP/Sederajat | R31: Wiraswasta
D32: 25 | E32: Siti Soleha | F32: Istri | G32: 520101 6303960002 | H32: P | I32: Kawin | J32: Aik Ampat | K32: 35147 | L32: 1996 | M32: =2019-L32 -> 23 | N32: Islam | O32: Sasak | P32: SLTP/Sederajat | R32: Mengurus Rumah Tangga
D33: 26 | E33: Muhamad Isrol | F33: Anak | G33: 520101 2305140003 | H33: P | I33: Belum kawin | J33: Dasan Geres | K33: 41782 | L33: 2014 | M33: =2019-L33 -> 5 | N33: Islam | O33: Sasak | P33: Tidak/Belum Sekolah | R33: Belum/Tidak Bekerja
B34: 9 | C34: 520101 0503081771 | D34: 27 | E34: Jamil | F34: KK | G34: 520101 0107600040 | H34: L | I34: Kawin | J34: Cemare Karang Tengak | K34: 21002 | L34: 1957 | M34: =2019-L34 -> 62 | N34: Islam | O34: Sasak | P34: Tamat SD/Sederajat | R34: Buruh Harian Lepas
D35: 28 | E35: Senirah | F35: Istri | G35: 520101 4107590154 | H35: P | I35: Kawin | J35: Cemare Karang Tengak | K35: 21732 | L35: 1959 | M35: =2019-L35 -> 60 | N35: Islam | O35: Sasak | P35: Tamat SD/Sederajat | R35: Buruh Harian Lepas
B36: 10 | C36: 520101 0510120011 | D36: 29 | E36: Dahrum | F36: KK | G36: 520101 3112520002 | H36: L | I36: Cerai Hidup | J36: Aik Ampat | K36: 19359 | L36: 1952 | M36: =2019-L36 -> 67 | N36: Islam | O36: Sasak | P36: Tamat SD/Sederajat | R36: Buruh Harian Lepas
D37: 30 | E37: Burhanudin | F37: Anak | G37: 520101 3112950025 | H37: L | I37: Belum Kawin | J37: Aik Ampat | K37: 35064 | L37: 1995 | M37: =2019-L37 -> 24 | N37: Islam | O37: Sasak | P37: Tamat SD/Sederajat | R37: Belum/Tidak Bekerja
B38: 11 | C38: 520101 0503081784 | D38: 31 | E38: Sinarep | F38: KK | G38: 520101 0101741001 | H38: L | I38: Kawin | J38: Aik Ampat | K38: 27030 | L38: 1974 | M38: =2019-L38 -> 45 | N38: Islam | O38: Sasak | P38: Tidak/Belum Sekolah | R38: Petani/Pekebun
D39: 32 | E39: Sahenep | F39: Istri | G39: 520101 7112751001 | H39: P | I39: Kawin | J39: Aik Ampat | K39: 27759 | L39: 1975 | M39: =2019-L39 -> 44 | N39: Islam | O39: Sasak | P39: Tidak/Belum Sekolah | R39: Petani/Pekebun
B40: 12 | C40: 520101 1004150006 | D40: 33 | E40: Kasmiati | F40: KK | G40: 520101 5110850003 | H40: P | I40: Cerai Mati | J40: Cemare | K40: 31331 | L40: 1985 | M40: =2019-L40 -> 34 | N40: Islam | O40: Sasak | P40: Tamat SD/Sederajat | R40: Buruh Harian Lepas
D41: 34 | E41: Selfia Ramdani | F41: Anak | G41: 520101 4101080008 | H41: P | I41: Belum Kawin | J41: Cemare | K41: 39448 | L41: 2008 | M41: =2019-L41 -> 11 | N41: Islam | O41: Sasak | P41: Tidak/Belum Sekolah | R41: Belum/Tidak Bekerja
D42: 35 | E42: Amira | F42: Anak | G42: 520101 6309150003 | H42: P | I42: Belum Kawin | J42: Aik Ampat | K42: 42270 | L42: 2015 | M42: =2019-L42 -> 4 | N42: Islam | O42: Sasak | P42: Tidak/Belum Sekolah | R42: Belum/Tidak Bekerja
B43: 13 | C43: 520101 0507120007 | D43: 36 | E43: Salman | F43: KK | G43: 520101 3112870156 | H43: L | I43: Kawin | J43: Aik Ampat | K43: 20454 | L43: 1955 | M43: =2019-L43 -> 64 | N43: Islam | O43: Sasak | P43: Tamat SD/Sederajat | R43: Pekerja lepas
D44: 37 | E44: Suriati | F44: Istri | G44: 520101 4107850370 | H44: P | I44: Kawin | J44: Beleke | K44: 21915 | L44: 1959 | M44: =2019-L44 -> 60 | N44: Islam | O44: Sasak | P44: Tamat SD/Sederajat | R44: Pekerja lepas
D45: 38 | E45: M. Rizki | F45: Anak | G45: 520101 0601160001 | H45: L | I45: Belum kawin | J45: Aik Ampat | K45: 42375 | L45: 2016 | M45: =2019-L45 -> 3 | N45: Islam | O45: Sasak | P45: Tidak/Belum Sekolah
D46: 39 | E46: Rizkia Maulina | F46: Anak | G46: 520101 4601160001 | H46: P | I46: Belum kawin | J46: Aik Ampat | K46: 42375 | L46: 2016 | M46: =2019-L46 -> 3 | N46: Islam | O46: Sasak | P46: Tidak/Belum Sekolah
B47: 14 | D47: 40 | E47: Mahmud | F47: KK | G47: 520101 3112330164 | H47: L | I47: Kawin | K47: 30681 | L47: =YEAR(K47) -> 1983 | M47: =2019-L47 -> 36 | N47: Islam | P47: PT/Akademi | R47: Wiraswata
D48: 41 | E48: Marni Hidayat | F48: Istri | G48: 520101 5506880001 | H48: P | I48: Kawin | K48: 32309 | L48: =YEAR(K48) -> 1988 | M48: =2019-L48 -> 31 | N48: Islam | P48: SLTA/MA | R48: Pedagang
D49: 42 | E49: Muzainul Irfan | F49: Anak | G49: 520101 1509120001 | H49: L | I49: Belum kawin | K49: 41167 | L49: =YEAR(K49) -> 2012 | M49: =2019-L49 -> 7 | N49: Islam | P49: - | R49: -
B50: 15 | C50: 520101 0503081024 | D50: 43 | E50: Sinrah | F50: KK | G50: 520101 4107520250 | H50: P | I50: Cerai Hidup | J50: Cemare Karang Tengak | K50: 19176 | L50: 1952 | M50: =2019-L50 -> 67 | N50: Islam | O50: Sasak | P50: Tidak/Belum Sekolah | R50: Buruh Tani/Perkebunan
D51: 44 | E51: Salmin | F51: Anak | G51: 520101 7112631008 | H51: P | I51: Cerai Hidup | J51: Aik Ampat | K51: 23376 | L51: 1963 | M51: =2019-L51 -> 56 | N51: Islam | P51: Tidak/Belum Sekolah | R51: Buruh Harian Lepas
D52: 45 | E52: Muhadesun | F52: Cucu | G52: 520101 0506011001 | H52: L | I52: Belum kawin | J52: Bawak Gunung | K52: 37054 | L52: 2001 | M52: =2019-L52 -> 18 | N52: Islam | P52: SLTP/Sederajat | R52: Pelajar/Mahasiswa
B53: 16 | C53: 520101 2811110007 | D53: 46 | E53: Solikin | F53: KK | G53: 520101 1003820001 | H53: L | I53: Kawin | J53: Aik Ampat | K53: 30020 | L53: 1982 | M53: =2019-L53 -> 37 | N53: Islam | O53: Sasak | P53: Tamat SD/Sederajat | R53: Petani/Pekebun
D54: 47 | E54: Sartini | F54: Istri | G54: 520101 6009850001 | H54: P | I54: Kawin | J54: Aik Ampat | K54: 31310 | L54: 1985 | M54: =2019-L54 -> 34 | N54: Islam | O54: Sasak | P54: SLTP/Sederajat | R54: Belum/Tidak Bekerja
D55: 48 | E55: Muhamad Adnan | F55: Anak | G55: 520101 1303090001 | H55: L | I55: Belum kawin | J55: Aik Ampat | K55: 39885 | L55: 2009 | M55: =2019-L55 -> 10 | N55: Islam | O55: Sasak | P55: Tidak/Belum Sekolah | R55: Belum/Tidak Bekerja
B56: 17 | C56: 520101 0503082093 | D56: 49 | E56: Dimah | F56: KK | G56: 520101 4107670618 | H56: P | I56: Cerai Hidup | J56: Aik Ampat | K56: 24837 | L56: 1967 | M56: =2019-L56 -> 52 | N56: Islam | O56: Sasak | P56: Tidak/Belum Sekolah | R56: Buruh Harian Lepas
B57: 18 | D57: 50 | E57: Ahmad | F57: KK | G57: 520101 3112640054 | H57: L | I57: Kawin | K57: 23742 | L57: =YEAR(K57) -> 1964 | M57: =2019-L57 -> 55 | N57: Islam | P57: - | R57: Pekerja lepas
D58: 51 | E58: Raddah | F58: Istri | G58: 520101 5001700010 | H58: P | I58: Kawin | K58: 25578 | L58: =YEAR(K58) -> 1970 | M58: =2019-L58 -> 49 | N58: Islam | P58: - | R58: Pekerja lepas
B59: 19 | C59: 520101 2109120019 | D59: 52 | E59: Muhidin | F59: KK | G59: 520101 3112420025 | H59: L | I59: Kawin | J59: Aik Ampat | K59: 15706 | L59: 1942 | M59: =2019-L59 -> 77 | N59: Islam | O59: Sasak | P59: Tamat SD/Sederajat | R59: Buruh Harian Lepas
D60: 53 | E60: Sahnim | F60: Istri | G60: 520101 7112770193 | H60: P | I60: Kawin | J60: Aik Ampat | K60: 28490 | L60: 1977 | M60: =2019-L60 -> 42 | N60: Islam | O60: Sasak | P60: Tamat SD/Sederajat | R60: Buruh Harian Lepas
D61: 54 | E61: Sriyani | F61: Anak | G61: 520101 7112850267 | H61: P | I61: Belum kawin | J61: Aik Ampat | K61: 31412 | L61: 1985 | M61: =2019-L61 -> 34 | N61: Islam | O61: Sasak | P61: Tamat SD/Sederajat | R61: Buruh Harian Lepas
D62: 55 | E62: Patiah | F62: Anak | G62: 520101 5609010002 | H62: P | I62: Belum kawin | J62: Aik Ampat | K62: 37150 | L62: 2001 | M62: =2019-L62 -> 18 | N62: Islam | O62: Sasak | P62: Belum Tamat SD/Sederajat | R62: Pelajar/Mahasiswa
B63: 20 | C63: 520101 0503081020 | D63: 56 | E63: Rahman | F63: KK | G63: 520101 0107760206 | H63: L | I63: Kawin | J63: Cemare Karang Tengak | K63: 27942 | L63: 1976 | M63: =2019-L63 -> 43 | N63: Islam | O63: Sasak | P63: Tidak/Belum Sekolah | R63: Buruh Harian Lepas
D64: 57 | E64: Hadijah | F64: Istri | G64: 520101 4910720001 | H64: P | I64: Kawin | J64: Cemare Karang Tengak | K64: 26581 | L64: 1972 | M64: =2019-L64 -> 47 | N64: Islam | O64: Sasak | P64: Tidak/Belum Sekolah | R64: Buruh Harian Lepas
D65: 58 | E65: M. Todi | F65: Anak | G65: 520101 1011100001 | H65: L | I65: Belum kawin | J65: Aik Ampat | K65: 40492 | L65: 2010 | M65: =2019-L65 -> 9 | N65: Islam | O65: Sasak | P65: Tidak/Belum Sekolah | R65: Belum/Tidak Bekerja
B66: 21 | C66: 520101 0503081212 | D66: 59 | E66: Muslimah | F66: KK | G66: 520101 4107520244 | H66: P | I66: Cerai Mati | J66: Cemare Karang Tengak | K66: 19176 | L66: 1952 | M66: =2019-L66 -> 67 | N66: Islam | O66: Sasak | P66: Tidak/Belum Sekolah | R66: Belum/Tidak Bekerja
B67: 22 | C67: 520101 2809120066 | D67: 60 | E67: Haji Al Amin | F67: KK | G67: 520101 3112600284 | H67: L | I67: Kawin | J67: Aik Ampat | K67: 18628 | L67: 1950 | M67: =2019-L67 -> 69 | N67: Islam | O67: Sasak | P67: Tamat SD/Sederajat | R67: Industri
D68: 61 | E68: Saimah | F68: Istri | G68: 520101 6009660001 | H68: P | I68: Kawin | J68: Aik Ampat | K68: 24370 | L68: 1966 | M68: =2019-L68 -> 53 | N68: Islam | O68: Sasak | P68: Tamat SD/Sederajat | R68: Petani/Pekebun
B69: 23 | C69: 520101 1302150036 | D69: 62 | E69: Namin | F69: KK | G69: 520101 7112620015 | H69: P | I69: Cerai Mati | J69: Aik Ampat | K69: 23011 | L69: 1962 | M69: =2019-L69 -> 57 | N69: Islam | O69: Sasak | P69: Tidak/Belum Sekolah | R69: Mengurus Rumah Tangga
B70: 24 | C70: 520101 1408131001 | D70: 63 | E70: Achyar Rosidi | F70: KK | G70: 520101 3012851005 | H70: L | I70: Kawin | J70: Aik Ampat | K70: 30132 | L70: 1982 | M70: =2019-L70 -> 37 | N70: Islam | O70: Sasak | P70: Tidak/Belum Sekolah | R70: Buruh Harian Lepas
D71: 64 | E71: Maenah | F71: Istri | G71: 520101 7112890037 | H71: P | I71: Kawin | J71: Aik Ampat | K71: 32873 | L71: 1989 | M71: =2019-L71 -> 30 | N71: Islam | O71: Sasak | P71: Tidak/Belum Sekolah | R71: Mengurus Rumah Tangga
D72: 65 | E72: Riani | F72: Anak | G72: 520101 5001081003 | H72: P | I72: Belum kawin | J72: Aik Ampat | K72: 38727 | L72: 2006 | M72: =2019-L72 -> 13 | N72: Islam | O72: Sasak | P72: Belum Tamat SD/Sederajat | R72: Pelajar/Mahasiswa
D73: 66 | E73: Muhammad Azizul Yusuf | F73: Anak | G73: 520101 1101160001 | H73: L | I73: Belum kawin | J73: Aik Ampat | K73: 42380 | L73: 2016 | M73: =2019-L73 -> 3 | N73: Islam | O73: Sasak | P73: Tidak/Belum Sekolah | R73: Belum/Tidak Bekerja
B74: 25 | C74: 520101 0503081209 | D74: 67 | E74: Samin | F74: KK | G74: 520101 4107370145 | H74: P | I74: Cerai Mati | J74: Cemare Karang Tengak | K74: 13697 | L74: 1937 | M74: =2019-L74 -> 82 | N74: Islam | O74: Sasak | P74: Tidak/Belum Sekolah | R74: Belum/Tidak Bekerja
B75: 26 | C75: 520101 1210120006 | D75: 68 | E75: Anan | F75: KK | G75: 520101 1603860003 | H75: L | I75: Kawin | J75: Aik Ampat | K75: 31487 | L75: 1986 | M75: =2019-L75 -> 33 | N75: Islam | P75: SLTP/Sederajat | R75: Wiraswata
D76: 69 | E76: Suariati | F76: Istri | G76: 520101 4107870552 | H76: P | I76: Kawin | J76: Aik Ampat Karang Tengak | K76: 32238 | L76: 1988 | M76: =2019-L76 -> 31 | N76: Islamis | P76: SLTP/Sederajat | R76: Mengurus Rumah Tangga
D77: 70 | E77: Zahira Hayatul Nisa | F77: Anak | G77: 520101 7001120001 | H77: p | I77: Belum kawin | J77: Aik Ampat Karang Tengak | K77: 40938 | L77: 2012 | M77: =2019-L77 -> 7 | N77: Islam | P77: Tidak/Belum Sekolah | R77: Belum/Tidak Bekerja
B78: 27 | D78: 71 | E78: Rahman | F78: KK | G78: 520101 3012740008 | H78: L | I78: Duda | K78: 27393 | L78: =YEAR(K78) -> 1974 | M78: =2019-L78 -> 45 | N78: Islam | P78: - | R78: Pekerja lepas
D79: 72 | E79: Kamarudin | F79: Anak | G79: 520101 1810020001 | H79: L | I79: Belum kawin | K79: 37548 | L79: =YEAR(K79) -> 2002 | M79: =2019-L79 -> 17 | N79: Islam | P79: - | R79: -
B80: 28 | C80: 520101 2306140015 | D80: 73 | E80: Iwan Dahlan | F80: KK | G80: 520101 2703840005 | H80: L | I80: Kawin | J80: Aik Ampat | K80: 30768 | L80: 1984 | M80: =2019-L80 -> 35 | N80: Islam | O80: Sasak | P80: Belum Tamat SD/Sederajat | R80: Buruh Harian Lepas
D81: 74 | E81: Mirah Hardiyanti | F81: Istri | G81: 520101 5005950001 | H81: P | I81: Kawin | J81: Kediri | K81: 34829 | L81: 1995 | M81: =2019-L81 -> 24 | N81: Islam | O81: Sasak | P81: Tamat SD/Sederajat | R81: Mengurus Rumah Tangga
D82: 75 | E82: Ida Yanti | F82: Anak | G82: 520101 6311130001 | H82: p | I82: Belum kawin | J82: Aik Ampat | K82: 41601 | L82: 2013 | M82: =2019-L82 -> 6 | N82: Islam | O82: Sasak | P82: Tidak/Belum Sekolah | R82: Belum/Tidak Bekerja
B83: 29 | C83: 520101 0503081828 | D83: 76 | E83: Ridwan | F83: KK | G83: 520101 2012721001 | H83: L | I83: Cerai | J83: Aik Ampat | K83: 26653 | L83: 1972 | M83: =2019-L83 -> 47 | N83: Islam | O83: Sasak | P83: Tamat SD/Sederajat | R83: Buruh Harian Lepas
D84: 77 | E84: Murtini | F84: Anak | G84: 520101 5003001002 | H84: P | I84: Belum kawin | J84: Aik Ampat | K84: 36600 | L84: 2000 | M84: =2019-L84 -> 19 | N84: Islam | O84: Sasak | P84: SLTP/Sederajat | R84: Pelajar/Mahasiswa
D85: 78 | E85: Arini Putri | F85: Anak | G85: 520101 7001131001 | H85: P | I85: Belum kawin | J85: Gerung | K85: 41304 | L85: 2013 | M85: =2019-L85 -> 6 | N85: Islam | O85: Sasak | P85: Tidak/Belum Sekolah | R85: Belum/Tidak Bekerja
B86: 30 | C86: 520101 0811160027 | D86: 79 | E86: Sullaeni | F86: KK | G86: 520101 4107850017 | H86: P | I86: Cerai Hidup | J86: Cemare Karang Tengak | K86: 31412 | L86: 1985 | M86: =2019-L86 -> 34 | N86: Islam | O86: Sasak | P86: SLTA/Sederajat | R86: Pedagang
D87: 80 | E87: Rizal Ahmad | F87: anak | G87: 520101 2801110001 | H87: L | I87: Belum kawin | J87: Cemare Karang Tengak | K87: 40571 | L87: 2011 | M87: =2019-L87 -> 8 | N87: Islam | O87: Sasak | P87: Tidak/Belum Sekolah | R87: Belum/Tidak Bekerja
B88: 31 | D88: 81 | E88: Haji Sahri | F88: KK | G88: 0 | H88: L | I88: Kawin | K88: 20454 | L88: =YEAR(K88) -> 1955 | M88: =2019-L88 -> 64 | N88: Islam | P88: SD/MI | R88: Pedagang
D89: 82 | E89: Haji Amnah | F89: Istri | G89: 0 | H89: P | I89: Kawin | K89: 20454 | L89: =YEAR(K89) -> 1955 | M89: =2019-L89 -> 64 | N89: Islam | P89: - | R89: Pedagang
B90: 32 | D90: 83 | E90: Haji Herry Zohri | F90: KK | G90: 520101 0108880307 | H90: L | I90: Kawin | K90: 30284 | L90: =YEAR(K90) -> 1982 | M90: =2019-L90 -> 37 | N90: Islam | P90: SLTA/MA | R90: Pekerja lepas
D91: 84 | E91: Titik Indrawati | F91: Istri | G91: 520101 5707910003 | H91: P | I91: Kawin | K91: 33286 | L91: =YEAR(K91) -> 1991 | M91: =2019-L91 -> 28 | N91: Islam | P91: SLTA/MA | R91: Pedagang
D92: 85 | E92: Danial Ghassany | F92: Anak | G92: 520101 1406140005 | H92: L | I92: Belum kawin | K92: 41804 | L92: =YEAR(K92) -> 2014 | M92: =2019-L92 -> 5 | N92: islam | P92: - | R92: -
B93: 33 | C93: 520101 0602190016 | D93: 86 | E93: Andika | F93: KK | G93: 520101 2003990002 | H93: L | I93: Kawin | J93: Aik Ampat | K93: 34778 | L93: 1995 | M93: =2019-L93 -> 24 | N93: Islam | O93: Sasak | P93: Tamat SD/Sederajat | R93: Buruh Harian Lepas
D94: 87 | E94: Nazipatul Mukarromah | F94: Istri | G94: 520101 6911970001 | H94: P | I94: Kawin | J94: Kebon Jurang | K94: 35753 | L94: 1997 | M94: =2019-L94 -> 22 | N94: Islam | O94: Sasak | P94: SLTP/Sederajat | R94: Mengurus Rumah Tangga
B95: 34 | C95: 520101 0503081470 | D95: 88 | E95: H. Ibrahim | F95: KK | G95: 520101 0107500016 | H95: L | I95: Kawin | J95: Aik Ampat | K95: 18445 | L95: 1950 | M95: =2019-L95 -> 69 | N95: Islam | O95: Sasak | P95: Tamat SD/Sederajat | R95: Petani/Pekebun
D96: 89 | E96: Fatemah | F96: Istri | G96: 520101 4107440031 | H96: P | I96: Kawin | J96: Cemare Karang Tengak | K96: 25568 | L96: 1969 | M96: =2019-L96 -> 50 | N96: Islam | O96: Sasak | P96: Tamat SD/Sederajat | R96: Pedagang
D97: 90 | E97: Adi Putra | F97: Anak | G97: 520101 0107930303 | H97: L | I97: Belum Kawin | J97: Cemare Karang Tengak | K97: 34270 | L97: 1993 | M97: =2019-L97 -> 26 | N97: Islam | O97: Sasak | P97: Diploma IV/Strata I | R97: Karyawan Honorer
B98: 35 | C98: 520101 0503081129 | D98: 91 | E98: Jaswan | F98: KK | G98: 520101 0107760203 | H98: L | I98: Kawin | J98: Aik Ampat | K98: 27942 | L98: 1976 | M98: =2019-L98 -> 43 | N98: Islam | O98: Sasak | P98: Tamat SD/Sederajat | R98: Wiraswasta
D99: 92 | E99: Sumarni | F99: KK | G99: 520101 4107880147 | H99: P | I99: Kawin | J99: Aik Ampat | K99: 32325 | L99: 1988 | M99: =2019-L99 -> 31 | N99: Islam | O99: Sasak | P99: SLTP/Sederajat | R99: Mengurus Rumah Tangga
D100: 93 | E100: Jul Saputra | F100: KK | G100: 520101 0109030002 | H100: L | I100: Belum kawin | J100: Aik Ampat | K100: 37865 | L100: 2003 | M100: =2019-L100 -> 16 | N100: Islam | O100: Sasak | P100: Belum Tamat SD/Sederajat | R100: Pelajar/Mahasiswa
D101: 94 | E101: Adday Robby | F101: KK | G101: 520101 2611100001 | H101: L | I101: Belum kawin | J101: Aik Ampat | K101: 40508 | L101: 2010 | M101: =2019-L101 -> 9 | N101: Islam | O101: Sasak | P101: Tidak/Belum Sekolah | R101: Tidak/Belum Bekerja
...

Sheet RT 02
B1: DATA INDUK PENDUDUK KELURAHAN DASAN GERES
B2: TAHUN 2019
B3: LINGKUNGAN CEMARA
B4: RT 02
B5: No | C5: Nomor KK | D5: Jumlah Jiwa | E5: Nama Lengkap/ Panggilan | F5: Kedudukan dalam Keluarga | G5: NIK | H5: Jenis Kelamin (L/P) | I5: Status Perkawinan | J5: Lahir | M5: Usia | N5: Agama | O5: Etnis | P5: Pendidikan Terakhir | Q5: Jurusan | R5: Pekerjaan
J6: Tempat | K6: Tanggal | L6: Tahun
B8: 1 | C8: 520101 0403110035 | D8: 1 | E8: Salmah | F8: KK | G8: 520101 7112650023 | H8: P | I8: Belum kawin | J8: Aik Ampat | K8: 24107 | L8: 1965 | M8: =2019-L8 -> 54 | N8: Islam | O8: Sasak | P8: Tidak/Belum Sekolah | R8: Belum/Tidak Bekerja
D9: 2 | E9: Sarilah | F9: Anak | G9: 520101 0304770001 | H9: P | I9: Cerai Hidup | J9: Cemare | K9: 28218 | L9: 1977 | M9: =2019-L9 -> 42 | N9: Islam | O9: Sasak | P9: Tamat SD/Sederajat | R9: Belum/Tidak Bekerja
D10: 3 | E10: Saparudin | F10: Anak | G10: 520101 0107950017 | H10: L | I10: Belum kawin | J10: Aik Ampat | K10: 34699 | L10: 1994 | M10: =2019-L10 -> 25 | N10: Islam | O10: Sasak | P10: SLTP/Sederajat | R10: Belum/Tidak Bekerja
B11: 2 | C11: 520101 0303110003 | D11: 4 | E11: Sahnan | F11: KK | G11: 520101 3009580001 | H11: L | I11: Kawin | J11: Aik Ampat | K11: 21458 | L11: 1958 | M11: =2019-L11 -> 61 | N11: Islam | O11: Sasak | P11: Tidak/Belum Sekolah | R11: Peteni/Pekebun
D12: 5 | E12: Midarah | F12: Istri | G12: 520101 5205630001 | H12: P | I12: Kawin | J12: Aik Ampat | K12: 23143 | L12: 1963 | M12: =2019-L12 -> 56 | N12: Islam | O12: Sasak | P12: Tamat SD/Sederajat | R12: Peteni/Pekebun
D13: 6 | E13: Kahpi | F13: Anak | G13: 520101 1007860001 | H13: L | I13: Belum kawin | J13: Aik Ampat | K13: 31603 | L13: 1986 | M13: =2019-L13 -> 33 | N13: Islam | O13: Sasak | P13: SLTA/Sederajat | R13: Peteni/Pekebun
D14: 7 | E14: Asmuniati | F14: Anak | G14: 520101 6204990002 | H14: P | I14: Belum kawin | J14: Aik Ampat | K14: 36182 | L14: 1999 | M14: =2019-L14 -> 20 | N14: Islam | O14: Sasak | P14: SLTA/Sederajat | R14: Pelajar/Mahasiswa
D15: 8 | E15: Hulbayan | F15: Anak | G15: 520101 3001020001 | H15: L | I15: Belum kawin | J15: Aik Ampat | K15: 37286 | L15: 2002 | M15: =2019-L15 -> 17 | N15: Islam | O15: Sasak | P15: SLTP/Sederajat | R15: Pelajar/Mahasiswa
B16: 3 | D16: 9 | F16: KK | G16: 520101 7112590015 | H16: L | I16: Janda | K16: 21915 | L16: =YEAR(K16) -> 1959 | M16: =2019-L16 -> 60 | N16: Islam | P16: - | R16: Pekerja lepas
D17: 10 | E17: Ardan | F17: Anak | G17: 520101 3112850019 | H17: P | I17: Belum kawin | K17: 31412 | L17: =YEAR(K17) -> 1985 | M17: =2019-L17 -> 34 | N17: Islam | P17: SLTP/MTSN | R17: Pekerja lepas
D18: 11 | E18: Rakmah | F18: Lain-lain | G18: 520101 7112600015 | H18: P | I18: Janda | K18: 31412 | L18: =YEAR(K18) -> 1985 | M18: =2019-L18 -> 34 | N18: Islam | P18: - | R18: Pekerja lepas
B19: 4 | C19: 520101 0503081900 | D19: 12 | E19: Rukiah | F19: KK | G19: 520101 4107690049 | H19: P | I19: Cerai Hidup | J19: Cemare Karang Tengak | K19: 25385 | L19: 1969 | M19: =2019-L19 -> 50 | N19: Islam | O19: Sasak | P19: Tidak/Belum Sekolah | R19: Buruh Harian Lepas
D20: 13 | E20: Masnah | F20: Anak | G20: 520101 4107920337 | H20: P | I20: Belum kawin | J20: Cemare Karang Tengak | K20: 33786 | L20: 1992 | M20: =2019-L20 -> 27 | N20: Islam | O20: Sasak | P20: SLTP/Sederajat | R20: Buruh Harian Lepas
B21: 5 | D21: 14 | E21: Nuriah | F21: KK | G21: 520101 7112400042 | H21: P | I21: Janda | K21: 14976 | L21: =YEAR(K21) -> 1940 | M21: =2019-L21 -> 79 | N21: Islam | P21: - | R21: Pekerja lepas
B22: 6 | D22: 15 | E22: Rafli | F22: KK | G22: 520101 1128201088 | H22: L | I22: Duda | K22: 30316 | L22: =YEAR(K22) -> 1982 | M22: =2019-L22 -> 37 | N22: Islam | P22: - | R22: Pekerja lepas
D23: 16 | E23: Abdul Rahim | F23: Anak | G23: 520101 2406050003 | H23: L | I23: Belum kawin | K23: 38527 | L23: =YEAR(K23) -> 2005 | M23: =2019-L23 -> 14 | N23: Islam | P23: - | R23: -
D24: 17 | E24: Abdul Rahman | F24: Anak | G24: 520101 2406050002 | H24: L | I24: Belum kawin | K24: 38527 | L24: =YEAR(K24) -> 2005 | M24: =2019-L24 -> 14 | N24: Islam | P24: - | R24: -
B25: 7 | C25: 520101 0608140009 | D25: 18 | E25: Muhsinin | F25: KK | G25: 520101 2104840004 | H25: L | I25: Kawin | J25: Aik Ampat | K25: 30793 | L25: 1984 | M25: =2019-L25 -> 35 | N25: Islam | O25: Sasak | P25: SLTP/Sederajat | R25: Buruh Harian Lepas
D26: 19 | E26: Siti Sahmin | F26: Istri | G26: 520101 4107940185 | H26: P | I26: Kawin | J26: Cemare | K26: 34048 | L26: 1993 | M26: =2019-L26 -> 26 | N26: Islam | O26: Sasak | P26: SLTA/Sederajat | R26: Mengurus Rumah Tangga
D27: 20 | E27: Ahmad Daffa Maulana | F27: Anak | G27: 520101 0804140002 | H27: L | I27: Belum kawin | J27: Dasan Geres | K27: 41737 | L27: 2014 | M27: =2019-L27 -> 5 | N27: Islam | O27: Sasak | P27: Tidak/Belum Sekolah | R27: Belum/Tidak Bekerja
B28: 8 | C28: 520101 0602150043 | D28: 21 | E28: Sadiah | F28: KK | G28: 520101 4107570152 | H28: P | I28: Cerai Hidup | J28: Cemare Karang Tengak | K28: 21002 | L28: 1957 | M28: =2019-L28 -> 62 | N28: Islam | O28: Sasak | P28: Tidak/Belum Sekolah | R28: Buruh Harian Lepas
B29: 9 | C29: 520101 0503081903 | D29: 22 | E29: Irun | F29: KK | G29: 520101 4107690064 | H29: P | I29: Kawin | J29: Cemare Karang Tengak | K29: 25568 | L29: 1969 | M29: =2019-L29 -> 50 | N29: Islam | O29: Sasak | P29: Tidak/Belum Sekolah | R29: Mengurus Rumah Tangga
D30: 23 | E30: Mawardi | F30: Anak | G30: 520101 0107930293 | H30: L | I30: Belum kawin | J30: Aik Ampat | K30: 34151 | L30: 1993 | M30: =2019-L30 -> 26 | N30: Islam | O30: Sasak | P30: SLTP/Sederajat | R30: Pelajar/Mahasiswa
D31: 24 | E31: Sukardi | F31: Anak | G31: 520101 0107970327 | H31: L | I31: Belum kawin | J31: Aik Ampat | K31: 35612 | L31: 1997 | M31: =2019-L31 -> 22 | N31: Islam | O31: Sasak | P31: Belum Tamat SD/Sederajat | R31: Pelajar/Mahasiswa
B32: 10 | C32: 520101 0302100040 | D32: 25 | E32: Nasrudin | F32: KK | G32: 520101 3112870018 | H32: L | I32: Kawin | J32: Aik Ampat | K32: 32142 | L32: 1987 | M32: =2019-L32 -> 32 | N32: Islam | O32: Sasak | P32: Tamat SD/Sederajat | R32: Wiraswasta
D33: 26 | E33: Faoziah | F33: Istri | G33: 520101 7112880026 | H33: P | I33: Kawin | J33: Aik Ampat | K33: 32508 | L33: 1988 | M33: =2019-L33 -> 31 | N33: Islam | O33: Sasak | P33: Tamat SD/Sederajat | R33: Mengurus Rumah Tangga
D34: 27 | E34: M. Adit Nasrul Ilham | F34: Anak | G34: 520101 1403100003 | H34: L | I34: Belum kawin | J34: Aik Ampat | K34: 40251 | L34: 2010 | M34: =2019-L34 -> 9 | N34: Islam | O34: Sasak | P34: Tidak/Belum Sekolah | R34: Belum/Tidak Bekerja
B35: 11 | C35: 520101 0503081908 | D35: 28 | E35: Syamsudin | F35: KK | G35: 520101 0609820001 | H35: L | I35: Kawin | J35: Karang Tengak Cemare | K35: 30200 | L35: 1982 | M35: =2019-L35 -> 37 | N35: Islam | O35: Sasak | P35: Tamat SD/Sederajat | R35: Wiraswasta
D36: 29 | E36: Marianah | F36: Istri | G36: 520101 4107880131 | H36: P | I36: Kawin | J36: Cemare Karang Tengak | K36: 32325 | L36: 1988 | M36: =2019-L36 -> 31 | N36: Islam | O36: Sasak | P36: SLTA/Sederajat | R36: Mengurus Rumah Tangga
D37: 30 | E37: Zahratullaili | F37: Anak | G37: 520101 5701090001 | H37: P | I37: Belum kawin | J37: Dasan Geres | K37: 39830 | L37: 2009 | M37: =2019-L37 -> 10 | N37: Islam | O37: Sasak | P37: Tidak/Belum Sekolah | R37: Belum/Tidak Bekerja
D38: 31 | E38: Sayyid Ahsanul Khaliq | F38: Anak | G38: 520101 1601120003 | H38: L | I38: Belum kawin | J38: Dasan Geres | K38: 40924 | L38: 2012 | M38: =2019-L38 -> 7 | N38: Islam | O38: Sasak | P38: Tidak/Belum Sekolah | R38: Belum/Tidak Bekerja
B39: 12 | C39: 520101 2601100019 | D39: 32 | E39: Ratiah | F39: KK | G39: 520101 1810470001 | H39: L | I39: Cerai | J39: Aik Ampat | K39: 17458 | L39: 1947 | M39: =2019-L39 -> 72 | N39: Islam | O39: Sasak | P39: Tamat SD/Sederajat | R39: Petani/Pekebun
B40: 13 | C40: 520101 2610110041 | D40: 33 | E40: Suriadi | F40: KK | G40: 520101 1012830002 | H40: L | I40: Kawin | J40: Aik Ampat | K40: 30660 | L40: 1983 | M40: =2019-L40 -> 36 | N40: Islam | O40: Sasak | P40: SLTP/Sederajat | R40: Belum/Tidak Bekerja
D41: 34 | E41: Haerani | F41: Istri | G41: 520101 7112840093 | H41: P | I41: Kawin | J41: Aik Ampat | K41: 31047 | L41: 1984 | M41: =2019-L41 -> 35 | N41: Islam | O41: Sasak | P41: SLTA/Sederajat | R41: Mengurus Rumah Tangga
B42: 14 | C42: 520101 2804140006 | D42: 35 | E42: Saenap | F42: KK | G42: 520101 4107760053 | H42: P | I42: Cerai Mati | J42: Barak Bokong | K42: 27942 | L42: 1976 | M42: =2019-L42 -> 43 | N42: Islam | O42: Sasak | P42: Tamat SD/Sederajat | R42: Buruh Harian Lepas
D43: 36 | E43: Lutfi Har Anjani | F43: Anak | G43: 520101 4104070004 | H43: P | I43: Belum kawin | J43: Karang Tengak Cemare | K43: 39173 | L43: 2007 | M43: =2019-L43 -> 12 | N43: Islam | O43: Sasak | P43: SLTP/Sederajat | R43: Pelajar/Mahasiswa
D44: 37 | E44: Lutfi Septianingsih | F44: Anak | G44: 520101 6409130002 | H44: P | I44: Belum kawin | J44: Aik Ampat | K44: 41541 | L44: 2013 | M44: =2019-L44 -> 6 | N44: Islam | O44: Sasak | P44: Tidak/Belum Sekolah | R44: Belum/Tidak Bekerja
B45: 15 | C45: 520101 0503082134 | D45: 38 | E45: Sahrim Bin Amaq Aliah | F45: KK | G45: 520101 3112530005 | H45: P | I45: Cerai Mati | J45: Aik Ampat | K45: 19724 | L45: 1953 | M45: =2019-L45 -> 66 | N45: Islam | O45: Sasak | P45: Tamat SD/Sederajat | R45: Petani/Pekebun
D46: 39 | E46: Sahdan | F46: Anak | G46: 520101 3112710003 | H46: L | I46: Belum kawin | J46: Karang Tengak Cemare | K46: 26298 | L46: 1971 | M46: =2019-L46 -> 48 | N46: Islam | O46: Sasak | P46: Tamat SD/Sederajat | R46: Buruh Harian Lepas
B47: 16 | C47: 520101 050308176 | D47: 40 | E47: Sahdan | F47: KK | G47: 520101 3012711001 | H47: L | I47: Kawin | J47: Karang Tengak Cemare | K47: 26297 | L47: 1971 | M47: =2019-L47 -> 48 | N47: Islam | O47: Sasak | P47: SLTP/Sederajat | R47: Pegawai Negeri Sipil (PNS)
D48: 41 | E48: Rapinah | F48: Istri | G48: 520101 7112721025 | H48: P | I48: Kawin | J48: Cemare Karang Tengak | K48: 26664 | L48: 1972 | M48: =2019-L48 -> 47 | N48: Islam | O48: Sasak | P48: Tidak/Belum Sekolah | R48: Mengurus Rumah Tangga
D49: 42 | E49: Wawan Satriawan | F49: Anak | G49: 520101 0609951001 | H49: L | I49: Belum kawin | J49: Aik Ampat | K49: 34948 | L49: 1995 | M49: =2019-L49 -> 24 | N49: Islam | O49: Sasak | P49: SLTA/Sederajat | R49: Belum/Tidak Bekerja
D50: 43 | E50: Ismawati | F50: Anak | G50: 520101 4307991001 | H50: P | I50: Belum kawin | J50: Karang Tengak Cemare | K50: 36344 | L50: 1999 | M50: =2019-L50 -> 20 | N50: Islam | O50: Sasak | P50: SLTP/Sederajat | R50: Pelajar/Mahasiswa
D51: 44 | E51: Widiawati | F51: Anak | G51: 520101 4307021003 | H51: P | I51: Belum kawin | J51: Cemare Karang Tengak | K51: 37440 | L51: 2002 | M51: =2019-L51 -> 17 | N51: Islam | O51: Sasak | P51: Belum Tamat SD/Sederajat | R51: Pelajar/Mahasiswa
B52: 17 | C52: 520101 0503081344 | D52: 45 | E52: Amerem | F52: KK | G52: 520101 0107420163 | H52: L | I52: Cerai Mati | J52: Cemare Karang Tengak | K52: 15523 | L52: 1942 | M52: =2019-L52 -> 77 | N52: Islam | O52: Sasak | P52: Tamat SD/Sederajat | R52: Buruh Harian Lepas
D53: 46 | E53: Saniah | F53: Anak | G53: 520101 4107820732 | H53: P | I53: Belum kawin | J53: Karang Tengak | K53: 28307 | L53: 1977 | M53: =2019-L53 -> 42 | N53: Islam | O53: Sasak | P53: Tamat SD/Sederajat | R53: Buruh Harian Lepas
B54: 18 | D54: 47 | E54: Je’un | F54: KK | G54: 520101 2004102057 | H54: L | I54: Kawin | K54: 29951 | L54: =YEAR(K54) -> 1981 | M54: =2019-L54 -> 38 | N54: Islam | P54: SD/MI | R54: Pekerja lepas
D55: 48 | E55: Atiah | F55: Istri | G55: 520101 2004102058 | H55: P | I55: Kawin | K55: 28125 | L55: =YEAR(K55) -> 1976 | M55: =2019-L55 -> 43 | N55: Islam | P55: SD/MI | R55: Pekerja lepas
D56: 49 | E56: Moh. Zaenun | F56: Anak | G56: 520101 2004102059 | H56: L | I56: Belum kawin | K56: 37027 | L56: =YEAR(K56) -> 2001 | M56: =2019-L56 -> 18 | N56: Islam | P56: SD/MI | R56: -
B57: 19 | C57: 520101 2804140009 | D57: 50 | E57: Sahri | F57: KK | G57: 520101 0407750001 | H57: L | I57: Kawin | J57: Aik Ampat | K57: 27579 | L57: 1975 | M57: =2019-L57 -> 44 | N57: Islam | O57: Sasak | P57: Tamat SD/Sederajat | R57: Buruh Harian Lepas
D58: 51 | E58: Hotiah | F58: Istri | G58: 520101 4107820714 | H58: P | I58: Kawin | J58: Cemare Karang Tengak | K58: 30133 | L58: 1982 | M58: =2019-L58 -> 37 | N58: Islam | O58: Sasak | P58: Tamat SD/Sederajat | R58: Mengurus Rumah Tangga
D59: 52 | E59: Samsul Hadi | F59: Anak | G59: 520101 1011020002 | H59: L | I59: Belum kawin | J59: Cemare Karang Tengak | K59: 37570 | L59: 2002 | M59: =2019-L59 -> 17 | N59: Islam | O59: Sasak | P59: Belum Tamat SD/Sederajat | R59: Belum/Tidak Bekerja
D60: 53 | E60: Siti Parida | F60: Anak | G60: 520101 4506080006 | H60: P | I60: Belum kawin | J60: Cemare Karang Tengak | K60: 39604 | L60: 2008 | M60: =2019-L60 -> 11 | N60: Islam | O60: Sasak | P60: Belum Tamat SD/Sederajat | R60: Belum/Tidak Bekerja
D61: 54 | E61: Ahmad Azizi | F61: Anak | G61: 520101 2106180001 | H61: L | I61: Belum kawin | J61: Aik Ampat | K61: 43272 | L61: 2018 | M61: =2019-L61 -> 1 | N61: Islam | O61: Sasak | P61: Tidak/Belum Sekolah | R61: Belum/Tidak Bekerja
B62: 20 | D62: 55 | E62: Alinah | F62: KK | G62: 520101 7112440003 | H62: P | I62: Janda | K62: 16437 | L62: =YEAR(K62) -> 1944 | M62: =2019-L62 -> 75 | N62: Islam | P62: - | R62: -
D63: 56 | E63: Bohari | F63: Anak | G63: 520101 3112780002 | H63: L | I63: Janda | K63: 28855 | L63: =YEAR(K63) -> 1978 | M63: =2019-L63 -> 41 | N63: Islam | P63: SLTP/MTSN | R63: PNS/TNI/ POLRI
B64: 21 | C64: 520101 1211090017 | D64: 57 | E64: Kamarudin | F64: KK | G64: 520101 3112680005 | H64: L | I64: Kawin | J64: Aik Ampat | K64: 21550 | L64: 1958 | M64: =2019-L64 -> 61 | N64: Islam | O64: Sasak | P64: Tamat SD/Sederajat | R64: Wiraswasta
D65: 58 | E65: Mujiah | F65: Istri | G65: 520101 7112750205 | H65: P | I65: Kawin | J65: Bawak Gunung | K65: 27759 | L65: 1975 | M65: =2019-L65 -> 44 | N65: Islam | O65: Sasak | P65: Tamat SD/Sederajat | R65: Wiraswasta
D66: 59 | E66: Andi Irawan | F66: Anak | G66: 520101 2808990003 | H66: L | I66: Belum kawin | J66: Aik Ampat | K66: 36400 | L66: 1999 | M66: =2019-L66 -> 20 | N66: Islam | O66: Sasak | P66: Tamat SD/Sederajat | R66: Pelajar/Mahasiswa
D67: 60 | E67: Kurniawati | F67: Anak | G67: 520101 4405100004 | H67: P | I67: Belum kawin | J67: Aik Ampat | K67: 40302 | L67: 2010 | M67: =2019-L67 -> 9 | N67: Islam | O67: Sasak | P67: Tidak/Belum Sekolah | R67: Belum/Tidak Bekerja
B68: 22 | D68: 61 | E68: Tohri Sp | F68: KK | G68: 520101 0107820104 | H68: L | I68: Kawin | K68: 29951 | L68: =YEAR(K68) -> 1981 | M68: =2019-L68 -> 38 | N68: Islam | P68: PT/Akademi | R68: Wiraswasta
D69: 62 | E69: Sariani Amd | F69: Istri | G69: 520101 410784068 | H69: P | I69: Kawin | K69: 29453 | L69: =YEAR(K69) -> 1980 | M69: =2019-L69 -> 39 | N69: Islam | P69: PT/Akademi | R69: Pedagang
D70: 63 | E70: Muhammad Thorib Adnan | F70: Anak | G70: 520101 1607080002 | H70: L | I70: Belum kawin | K70: 39615 | L70: =YEAR(K70) -> 2008 | M70: =2019-L70 -> 11 | N70: Islam | P70: - | R70: -
D71: 64 | E71: Yumna Wafirah | F71: Anak | G71: 520101 4108140002 | H71: P | I71: Belum kawin | K71: 41852 | L71: =YEAR(K71) -> 2014 | M71: =2019-L71 -> 5 | N71: Islam | P71: - | R71: -
B72: 23 | C72: 520101 0503081369 | D72: 65 | E72: Haji Muhlis | F72: KK | G72: 520101 3112561005 | H72: L | I72: Kawin | J72: Aik Ampat | K72: 20820 | L72: 1956 | M72: =2019-L72 -> 63 | N72: Islam | O72: Sasak | P72: Tamat SD/Sederajat | R72: Petani/Pekebun
D73: 66 | E73: Hj. Faizah | F73: Istri | G73: 520101 7112721013 | H73: P | I73: Kawin | J73: Aik Ampat | K73: 26664 | L73: 1972 | M73: =2019-L73 -> 47 | N73: Islam | O73: Sasak | P73: Tamat SD/Sederajat | R73: Petani/Pekebun
D74: 67 | E74: Baehaki | F74: Anak | G74: 520101 3112921008 | H74: L | I74: Belum kawin | J74: Aik Ampat | K74: 33969 | L74: 1992 | M74: =2019-L74 -> 27 | N74: Islam | O74: Sasak | P74: SLTA/Sederajat | R74: Pelajar/Mahasiswa
D75: 68 | E75: Ahmad Zakaki | F75: Anak | G75: 520101 010793106 | H75: L | I75: Belum kawin | J75: Aik Ampat | K75: 35064 | L75: 1995 | M75: =2019-L75 -> 24 | N75: Islam | O75: Sasak | P75: SLTA/Sederajat | R75: Pelajar/Mahasiswa
D76: 69 | E76: Habibullah | F76: Anak | G76: 520101 0107001001 | H76: L | I76: Belum kawin | J76: Aik Ampat | K76: 36708 | L76: 2000 | M76: =2019-L76 -> 19 | N76: Islam | O76: Sasak | P76: SLTA/Sederajat | R76: Pelajar/Mahasiswa
D77: 70 | E77: Harun Wahid Nurhidayatullah | F77: Anak | G77: 520101 0107040258 | H77: L | I77: Belum kawin | J77: Aik Ampat | K77: 38169 | L77: 2004 | M77: =2019-L77 -> 15 | N77: Islam | O77: Sasak | P77: Tamat SD/Sederajat | R77: Pelajar/Mahasiswa
B78: 24 | C78: 520101 0503081688 | D78: 71 | E78: Sakiah | F78: KK | G78: 520101 4107570413 | H78: P | I78: Cerai Mati | J78: Cemare Karang Tengak | K78: 16619 | L78: 1945 | M78: =2019-L78 -> 74 | N78: Islam | O78: Sasak | P78: SLTP/Sederajat | R78: Buruh Harian Lepas
B79: 25 | D79: 72 | E79: Haji Karman | F79: KK | G79: 0 | H79: L | I79: Kawin | K79: 28855 | L79: =YEAR(K79) -> 1978 | M79: =2019-L79 -> 41 | N79: islam | P79: SLTA/MA | R79: Pekerja lepas
D80: 73 | E80: Haerun Nisa | F80: Istri | G80: 0 | H80: P | I80: Kawin | K80: 28855 | L80: =YEAR(K80) -> 1978 | M80: =2019-L80 -> 41 | N80: Islam | P80: SLTA/MA | R80: Pekerja lepas
D81: 74 | E81: Ratu Bilqis | F81: Anak | G81: 0 | H81: L | I81: Belum kawin | K81: 42223 | L81: =YEAR(K81) -> 2015 | M81: =2019-L81 -> 4 | N81: Islam | P81: - | R81: -
B82: 26 | D82: 75 | E82: Sayadi | F82: KK | G82: 520101 0304500004 | H82: L | I82: Kawin | K82: 22029 | L82: =YEAR(K82) -> 1960 | M82: =2019-L82 -> 59 | N82: Islam | P82: - | R82: Pekerja lepas
D83: 76 | E83: Munirin | F83: Istri | G83: 520101 4501650001 | H83: P | I83: Kawin | K83: 24101 | L83: =YEAR(K83) -> 1965 | M83: =2019-L83 -> 54 | N83: Islam | P83: - | R83: Pekerja lepas
D84: 77 | E84: Muhaini | F84: Anak | G84: 520101 5512800002 | H84: P | I84: Belum Kawin | K84: 29570 | L84: =YEAR(K84) -> 1980 | M84: =2019-L84 -> 39 | N84: Islam | P84: PT/Akademi | R84: Wiraswasta
D85: 78 | E85: Nurhazizah | F85: Anak | G85: 520101 8809920003 | H85: P | I85: Belum Kawin | K85: 33875 | L85: =YEAR(K85) -> 1992 | M85: =2019-L85 -> 27 | N85: Islam | P85: SLTA/MA | R85: -
D86: 79 | E86: Adiasaputra | F86: Anak | G86: 520101 0802980003 | H86: L | I86: Belum kawin | K86: 32485 | L86: =YEAR(K86) -> 1988 | M86: =2019-L86 -> 31 | N86: Islam | P86: SLTA/MA | R86: -
B87: 27 | D87: 80 | E87: Zaenudin | F87: KK | G87: 0 | H87: L | I87: Kawin | K87: 27029 | L87: =YEAR(K87) -> 1973 | M87: =2019-L87 -> 46 | N87: Islam | P87: SLTP/MTSN | R87: PNS/TNI/ POLRI
D88: 81 | E88: Asmuniati | F88: Istri | G88: 0 | H88: p | I88: Kawin | K88: 27759 | L88: =YEAR(K88) -> 1975 | M88: =2019-L88 -> 44 | N88: Islam | P88: SLTA/MA | R88: -
D89: 82 | E89: Moh. Haekal | F89: Anak | G89: 0 | H89: L | I89: Belum kawin | K89: 36624 | L89: =YEAR(K89) -> 2000 | M89: =2019-L89 -> 19 | N89: Islam | P89: SD/MI | R89: -
D90: 83 | E90: Thasya | F90: Anak | G90: 0 | H90: P | I90: Belum kawin | K90: 39000 | L90: =YEAR(K90) -> 2006 | M90: =2019-L90 -> 13 | N90: Islam | P90: - | R90: -
B91: 28 | D91: 84 | E91: Haji Jamiludin | F91: KK | G91: 520101 3112520010 | H91: L | I91: Kawin | K91: 19359 | L91: =YEAR(K91) -> 1952 | M91: =2019-L91 -> 67 | N91: Islam | P91: - | R91: Petani
D92: 85 | E92: Hajah Sri Wahyuni | F92: Istri | G92: 520101 7112650013 | H92: P | I92: Kawin | K92: 24107 | L92: =YEAR(K92) -> 1965 | M92: =2019-L92 -> 54 | N92: Islam | P92: - | R92: Pedagang
D93: 86 | E93: Ibrahim | F93: Anak | G93: 520101 1003900001 | H93: L | I93: Belum kawin | K93: 32942 | L93: =YEAR(K93) -> 1990 | M93: =2019-L93 -> 29 | N93: Islam | P93: PT/Akademi | R93: Pegawai swasta
B94: 29 | C94: 520101 0512110046 | D94: 87 | E94: H. Kamarudin | F94: KK | G94: 520101 3112790109 | H94: L | I94: Kawin | J94: Aik Ampat | K94: 29220 | L94: 1979 | M94: =2019-L94 -> 40 | N94: Islam | O94: Sasak | P94: Tamat SD/Sederajat | R94: Petani/Pekebun
D95: 88 | E95: Hj. Siti Nuraini | F95: Istri | G95: 520101 4307560003 | H95: P | I95: Kawin | J95: Aik Ampat | K95: 24291 | L95: 1966 | M95: =2019-L95 -> 53 | N95: Islam | O95: Sasak | P95: Tamat SD/Sederajat | R95: Petani/Pekebun
D96: 89 | E96: M. Imam Azroi | F96: Anak | G96: 520101 0707050004 | H96: L | I96: Belum kawin | J96: Aik Ampat | K96: 38540 | L96: 2005 | M96: =2019-L96 -> 14 | N96: Islam | O96: Sasak | P96: Tidak/Belum Sekolah | R96: Belum/Tidak Bekerja
B97: 30 | C97: 520101 2105120045 | D97: 90 | E97: Sulaiman | F97: KK | G97: 520101 3112700239 | H97: L | I97: Kawin | J97: Aik Ampat | K97: 25933 | L97: 1970 | M97: =2019-L97 -> 49 | N97: Islam | P97: Tamat SD/Sederajat | R97: Wiraswasta
D98: 91 | E98: Nikmah | F98: Istri | G98: 520101 7112740146 | H98: P | I98: Kawin | J98: Aik Ampat | K98: 27394 | L98: 1974 | M98: =2019-L98 -> 45 | N98: Islam | P98: Tamat SD/Sederajat | R98: Mengurus Rumah Tangga
D99: 92 | E99: Muslehudin | F99: Anak | G99: 520101 3112910068 | H99: L | I99: Belum kawin | J99: aik Ampat | K99: 33603 | L99: 1991 | M99: =2019-L99 -> 28 | N99: Islam | P99: Tamat SD/Sederajat | R99: Wiraswasta
D100: 93 | E100: Almanik | F100: Anak | G100: 520101 6611010002 | H100: P | I100: Belum kawin | J100: Aik Ampat | K100: 37221 | L100: 2001 | M100: =2019-L100 -> 18 | N100: Islam | P100: Belum Tamat SD/Sederajat | R100: Pelajar/Mahasiswa
D101: 94 | E101: M. Azro`i | F101: Anak | G101: 520101 1408060008 | H101: L | I101: Belum kawin | J101: Aik Ampat | K101: 38943 | L101: 2006 | M101: =2019-L101 -> 13 | N101: Islam | P101: Tidak/Belum Sekolah | R101: Belum/Tidak Bekerja
...

Sheet RT 03
B1: DATA INDUK PENDUDUK KELURAHAN DASAN GERES
B2: TAHUN 2019
B3: LINGKUNGAN CEMARA
B4: RT 03
B5: No | C5: Nomor KK | D5: Jumlah Jiwa | E5: Nama Lengkap/panggilan | F5: Kedudukan dalam Keluarga | G5: NIK | H5: Jenis Kelamin (L/P) | I5: Status Perkawinan | J5: Lahir | M5: Usia | N5: Agama | O5: Etnis | P5: Pendidikan Terakhir | Q5: Jurusan | R5: Pekerjaan
J6: Tempat | K6: Tsnggal | L6: Tahun
B8: 1 | C8: 520101 0910100018 | D8: 1 | E8: Miderah | F8: KK | G8: 520101 0107680327 | H8: L | I8: Kawin | J8: Aik Ampat | K8: 25020 | L8: 1968 | M8: =2019-L8 -> 51 | N8: Islam | O8: Sasak | P8: Tamat SD/Sederajat | R8: Petani/Pekebun
D9: 2 | E9: Aniah | F9: Istri | G9: 520101 4107700556 | H9: P | I9: Kawin | J9: Aik Ampat | K9: 25750 | L9: 1970 | M9: =2019-L9 -> 49 | N9: Islam | O9: Sasak | P9: Tamat SD/Sederajat | R9: Mengurus Rumah Tangga
D10: 3 | E10: Tawahid Sarip | F10: Anak | G10: 520101 0905920001 | H10: L | I10: Belum kawin | J10: Aik Ampat | K10: 33733 | L10: 1992 | M10: =2019-L10 -> 27 | N10: Islam | O10: Sasak | P10: SLTP/Sederajat | R10: Belum/Tidak Bekerja
D11: 4 | E11: Supriadi | F11: Anak | G11: 520101 1111950001 | H11: L | I11: Belum kawin | J11: Aik Ampat | K11: 35014 | L11: 1995 | M11: =2019-L11 -> 24 | N11: Islam | O11: Sasak | P11: SLTP/Sederajat | R11: Belum/Tidak Bekerja
B12: 2 | C12: 520101 0503081881 | D12: 5 | E12: Munansah | F12: KK | G12: 520101 0107540085 | H12: L | I12: Kawin | J12: Cemare | K12: 19906 | L12: 1954 | M12: =2019-L12 -> 65 | N12: Islam | O12: Sasak | P12: Tamat SD/Sederajat | R12: Wiraswasta
D13: 6 | E13: Munariah | F13: Istri | G13: 520101 4107610072 | H13: P | I13: Kawin | J13: Cemare | K13: 22463 | L13: 1961 | M13: =2019-L13 -> 58 | N13: Islam | O13: Sasak | P13: Tamat SD/Sederajat | R13: Mengurus Rumah Tangga
D14: 7 | E14: M Fahrul Rozim | F14: Anak | G14: 520101 0107800439 | H14: L | I14: Belum kawin | J14: Cemare | K14: 29403 | L14: 1980 | M14: =2019-L14 -> 39 | N14: Islam | O14: Sasak | P14: Tamat SD/Sederajat | R14: Belum/Tidak Bekerja
D15: 8 | E15: Fahrizal Arif | F15: Anak | G15: 520101 0107890465 | H15: L | I15: Belum kawin | J15: Cemare | K15: 32690 | L15: 1989 | M15: =2019-L15 -> 30 | N15: Islam | O15: Sasak | P15: Tamat SD/Sederajat | R15: Belum/Tidak Bekerja
D16: 9 | E16: Fahri Husaini | F16: Anak | G16: 520101 1904940001 | H16: L | I16: Belum kawin | J16: Bandung | K16: 34443 | L16: 1994 | M16: =2019-L16 -> 25 | N16: Islam | O16: Sasak | P16: SLTP/Sederajat | R16: Belum/Tidak Bekerja
B17: 3 | C17: 520101 0503081567 | D17: 10 | E17: Kadri | F17: KK | G17: 520101 0107570378 | H17: L | I17: Kawin | J17: Aik Ampat | K17: 22281 | L17: 1960 | M17: =2019-L17 -> 59 | N17: Islam | O17: Sasak | P17: Tamat SD/Sederajat | R17: Buruh Harian Lepas
D18: 11 | E18: Mainah | F18: Istri | G18: 520101 7112620019 | H18: P | I18: Kawin | J18: Tempos | K18: 23011 | L18: 1962 | M18: =2019-L18 -> 57 | N18: Islam | O18: Sasak | P18: Tamat SD/Sederajat | R18: Mengurus Rumah Tangga
B19: 4 | C19: 520101 0503081808 | D19: 12 | E19: Muhajirin | F19: KK | G19: 520101 0107820107 | H19: L | I19: Kawin | J19: Cemare Karang Tengak | K19: 30316 | L19: 1982 | M19: =2019-L19 -> 37 | N19: Islam | O19: Sasak | P19: SLTP/Sederajat | R19: Buruh Harian Lepas
D20: 13 | E20: Siti Apadah | F20: Istri | G20: 520101 4107870484 | H20: P | I20: Kawin | J20: Cemare Karang Tengak | K20: 29951 | L20: 1981 | M20: =2019-L20 -> 38 | N20: Islam | O20: Sasak | P20: Tidak/Belum Sekolah | R20: Mengurus Rumah Tangga
D21: 14 | E21: Mulyani | F21: Anak | G21: 520101 5806040001 | H21: P | I21: Belum kawin | J21: Sumbawa | K21: 38156 | L21: 2004 | M21: =2019-L21 -> 15 | N21: Islam | O21: Sasak | P21: Tidak/Belum Sekolah | R21: Belum/Tidak Bekerja
D22: 15 | E22: Zul Fahmi | F22: Anak | G22: 520101 2007090004 | H22: L | I22: Belum kawin | J22: Aik Ampat | K22: 40014 | L22: 2009 | M22: =2019-L22 -> 10 | N22: Islam | O22: Sasak | P22: Tidak/Belum Sekolah | R22: Belum/Tidak Bekerja
B23: 5 | C23: 520101 0503081639 | D23: 16 | E23: Ayup | F23: KK | G23: 520101 0107720676 | H23: L | I23: Cerai Mati | J23: Cemare | K23: 19176 | L23: 1952 | M23: =2019-L23 -> 67 | N23: Islam | O23: Sasak | P23: Tidak/Belum Sekolah | R23: Buruh Harian Lepas
B24: 6 | C24: 520101 2205150001 | D24: 17 | E24: Saebah | F24: KK | G24: 520101 4107660155 | H24: P | I24: Cerai Mati | J24: Aik Ampat | K24: 24107 | L24: 1965 | M24: =2019-L24 -> 54 | N24: Islam | O24: Sasak | P24: Tidak/Belum Sekolah | R24: Buruh Harian Lepas
B25: 7 | C25: 520101 1202150077 | D25: 18 | E25: Sifakyah | F25: KK | G25: 520101 5909780001 | H25: P | I25: Cerai Hidup | J25: Cemare Karang Tengak | K25: 28752 | L25: 1978 | M25: =2019-L25 -> 41 | N25: Islam | O25: Sasak | P25: Tidak/Belum Sekolah | R25: Mengurus Rumah Tangga
B26: 8 | C26: 520101 0604160012 | D26: 19 | E26: Amirullah | F26: KK | G26: 520101 0607920003 | H26: L | I26: Kawin | J26: Karang Tengak | K26: 33791 | L26: 1992 | M26: =2019-L26 -> 27 | N26: Islam | O26: Sasak | P26: SLTA/Sederajat | R26: Wiraswasta
D27: 20 | E27: Nuruh Ismi Taharah | F27: Istri | G27: 520805 7008990001 | H27: P | I27: Kawin | J27: Bentek | K27: 36402 | L27: 1999 | M27: =2019-L27 -> 20 | N27: Islam | O27: Sasak | P27: SLTA/Sederajat | R27: Mengurus Rumah Tangga
B28: 9 | C28: 520101 0602150031 | D28: 21 | E28: Saminah | F28: KK | G28: 520101 4107520237 | H28: P | I28: Cerai Mati | J28: Cemare | K28: 19176 | L28: 1952 | M28: =2019-L28 -> 67 | N28: Islam | O28: Sasak | P28: Tidak/Belum Sekolah | R28: Mengurus Rumah Tangga
B29: 10 | C29: 520101 0503081876 | D29: 22 | E29: Kudin | F29: KK | G29: 520101 0107670305 | H29: L | I29: Kawin | J29: Aik Ampat | K29: 24654 | L29: 1967 | M29: =2019-L29 -> 52 | N29: Islam | O29: Sasak | P29: Tidak/Belum Sekolah | R29: Konstruksi
D30: 23 | E30: Saiun | F30: Istri | G30: 520101 4107670597 | H30: P | I30: Kawin | J30: Aik Ampat | K30: 25385 | L30: 1969 | M30: =2019-L30 -> 50 | N30: Islam | O30: Sasak | P30: Tidak/Belum Sekolah | R30: Mengurus Rumah Tangga
D31: 24 | E31: Intan Ayu Nuraini | F31: Anak | G31: 520101 4107050181 | H31: P | I31: Belum kawin | J31: Cemare Karang Tengak | K31: 38666 | L31: 2005 | M31: =2019-L31 -> 14 | N31: Islam | O31: Sasak | P31: Belum Tamat SD/Sederajat | R31: Pelajar/Mahasiswa
B32: 11 | D32: 25 | E32: Yuliani | F32: KK | G32: 520101 7112890057 | H32: P | I32: Janda | K32: 32873 | L32: =YEAR(K32) -> 1989 | M32: =2019-L32 -> 30 | N32: Islam | P32: SD/MI | R32: Pedagang
D33: 26 | E33: Muhammad Iqbal | F33: Anak | G33: 520101 2012080002 | H33: L | I33: Belum kawin | K33: 39802 | L33: =YEAR(K33) -> 2008 | M33: =2019-L33 -> 11 | N33: Islam | P33: - | R33: -
B34: 12 | D34: 27 | E34: Arman | F34: KK | G34: 520101 3112680084 | H34: L | I34: Kawin | K34: 25203 | L34: =YEAR(K34) -> 1968 | M34: =2019-L34 -> 51 | N34: Islam | P34: SLTA/MA | R34: PNS/TNI/ POLRI
D35: 28 | E35: HajahCahya Haerani S.H | F35: Istri | G35: 520101 5808670002 | H35: P | I35: Kawin | K35: 24702 | L35: =YEAR(K35) -> 1967 | M35: =2019-L35 -> 52 | N35: Islam | P35: SLTA/MA | R35: Wiraswasta
D36: 29 | E36: Nunang Fradana | F36: Anak | G36: 520101 2204890003 | H36: L | I36: Belum kawin | K36: 32620 | L36: =YEAR(K36) -> 1989 | M36: =2019-L36 -> 30 | N36: Islam | P36: PT/Akademi | R36: Wiraswasta
D37: 30 | E37: Yayak Fradana | F37: Anak | G37: 520101 0309020001 | H37: L | I37: Belum kawin | K37: 33850 | L37: =YEAR(K37) -> 1992 | M37: =2019-L37 -> 27 | N37: Islam | P37: - PT/Akademi | R37: PNS/TNI/ POLRI
D38: 31 | E38: Rizki Afriani Islamiyah | F38: Anak | G38: 520101 7404980003 | H38: P | I38: Belum kawin | K38: 35897 | L38: =YEAR(K38) -> 1998 | M38: =2019-L38 -> 21 | N38: Islam | P38: SD/MI | R38: -
B39: 13 | D39: 32 | E39: Hamni | F39: KK | G39: 520101 4107620406 | H39: P | I39: Janda | K39: 26602 | L39: =YEAR(K39) -> 1972 | M39: =2019-L39 -> 47 | N39: Islam | P39: - | R39: Pekerja lepas
D40: 33 | E40: Muhammad Mahsup | F40: Istri | G40: 520101 0107940290 | H40: L | I40: Belum kawin | K40: 35965 | L40: =YEAR(K40) -> 1998 | M40: =2019-L40 -> 21 | N40: Islam | P40: SLTP/MTSN | R40: -
D41: 34 | E41: Bilmah | F41: Anak | G41: 520101 4107720484 | H41: P | I41: Belum kawin | K41: 11871 | L41: =YEAR(K41) -> 1932 | M41: =2019-L41 -> 87 | N41: Islam | P41: - | R41: Pekerja lepas
B42: 14 | D42: 35 | E42: Sifayah | F42: KK | G42: 520101 5909780001 | H42: P | I42: Janda | K42: 28752 | L42: =YEAR(K42) -> 1978 | M42: =2019-L42 -> 41 | N42: Islam | P42: - | R42: Pekerja lepas
B43: 15 | D43: 36 | E43: Mehram | F43: KK | G43: 520101 4107430066 | H43: P | I43: Janda | K43: 17167 | L43: =YEAR(K43) -> 1946 | M43: =2019-L43 -> 73 | N43: Islam | P43: - | R43: Pekerja lepas
B44: 16 | D44: 37 | E44: Jamilah | F44: KK | G44: 520101 7112700270 | H44: P | I44: Janda | K44: 25933 | L44: =YEAR(K44) -> 1970 | M44: =2019-L44 -> 49 | N44: Islam | P44: - | R44: Pekerja lepas
D45: 38 | E45: Muhadisin | F45: Anak | G45: 520101 0511920005 | H45: L | I45: Belum kawin | K45: 33913 | L45: =YEAR(K45) -> 1992 | M45: =2019-L45 -> 27 | N45: Islam | P45: - | R45: Pekerja lepas
D46: 39 | E46: Aldi Budiman Saputra | F46: Anak | G46: 520101 0305020003 | H46: L | I46: Belum kawin | K46: 37379 | L46: =YEAR(K46) -> 2002 | M46: =2019-L46 -> 17 | N46: Islam | P46: SLTP/MTSN | R46: -
D47: 40 | E47: Jamaan | F47: Anak | G47: 520101 0305020003 | H47: L | I47: Belum kawin | K47: 40298 | L47: =YEAR(K47) -> 2010 | M47: =2019-L47 -> 9 | N47: Islam | P47: - | R47: -
B48: 17 | C48: 520101 2112090053 | D48: 41 | E48: Jumrah | F48: KK | G48: 520101 0107600017 | H48: L | I48: Kawin | J48: Aik Ampat | K48: 21915 | L48: 1959 | M48: =2019-L48 -> 60 | N48: Islam | O48: Sasak | P48: Tamat SD/Sederajat | R48: Wiraswasta
D49: 42 | E49: Maknam | F49: Istri | G49: 520101 4107620398 | H49: P | I49: Kawin | J49: Aik Ampat | K49: 22828 | L49: 1962 | M49: =2019-L49 -> 57 | N49: Islam | O49: Sasak | P49: Tamat SD/Sederajat | R49: Buruh Harian Lepas
B50: 18 | C50: 520101 0612090093 | D50: 43 | E50: Kanahar | F50: KK | G50: 520101 0107630195 | H50: L | I50: Kawin | J50: Cemare Karang Tengak | K50: 23193 | L50: 1963 | M50: =2019-L50 -> 56 | N50: Islam | O50: Sasak | P50: Tamat SD/Sederajat | R50: Buruh Harian Lepas
D51: 44 | E51: Ca'ah | F51: Istri | G51: 520101 4107630127 | H51: P | I51: Kawin | J51: Cemare Karang Tengak | K51: 23375 | L51: 1963 | M51: =2019-L51 -> 56 | N51: Islam | O51: Sasak | P51: Tamat SD/Sederajat | R51: Buruh Harian Lepas
D52: 45 | E52: Siti Nurjanah | F52: Anak | G52: 520101 4511971001 | H52: P | I52: Belum kawin | J52: Cemare Karang Tengak | K52: 35561 | L52: 1997 | M52: =2019-L52 -> 22 | N52: Islam | O52: Sasak | P52: Tidak/Belum Sekolah | R52: Belum/Tidak Bekerja
D53: 46 | E53: Arya Gadi | F53: Anak | G53: 520101 0101041002 | H53: L | I53: Belum kawin | J53: Cemare Karang Tengak | K53: 37987 | L53: 2004 | M53: =2019-L53 -> 15 | N53: Islam | O53: Sasak | P53: Belum Tamat SD/Sederajat | R53: Pelajar/Mahasiswa
D54: 47 | E54: Aldi Jaenal | F54: Anak | G54: 520101 0910081002 | H54: L | I54: Belum kawin | J54: Cemare Karang Tengak | K54: 39730 | L54: 2008 | M54: =2019-L54 -> 11 | N54: Islam | O54: Sasak | P54: Tidak/Belum Sekolah | R54: Belum/Tidak Bekerja
D55: 48 | E55: Istikharah | F55: Anak | G55: 520101 6303111001 | H55: P | I55: Belum kawin | J55: Cemare Karang Tengak | K55: 40625 | L55: 2011 | M55: =2019-L55 -> 8 | N55: Islam | O55: Sasak | P55: Tidak/Belum Sekolah | R55: Belum/Tidak Bekerja
B56: 19 | C56: 520101 0503081815 | D56: 49 | E56: Abdul Mutolib | F56: KK | G56: 520101 0107650034 | H56: L | I56: Kawin | J56: Aik Ampat | K56: 23924 | L56: 1965 | M56: =2019-L56 -> 54 | N56: Islam | O56: Sasak | P56: Tamat SD/Sederajat | R56: Wiraswasta
D57: 50 | E57: Minrah | F57: Istri | G57: 520101 4107730294 | H57: P | I57: Kawin | J57: Aik Ampat | K57: 27029 | L57: 1973 | M57: =2019-L57 -> 46 | N57: Islam | O57: Sasak | P57: Tamat SD/Sederajat | R57: Mengurus Rumah Tangga
D58: 51 | E58: Rina Nuni Artati | F58: Anak | G58: 520101 4606960005 | H58: P | I58: Belum kawin | J58: Aik Ampat | K58: 35222 | L58: 1996 | M58: =2019-L58 -> 23 | N58: Islam | O58: Sasak | P58: SLTA/Sederajat | R58: Pelajar/Mahasiwa
D59: 52 | E59: Dewi Ayu Kusuma Ningsih | F59: Anak | G59: 520101 6002060001 | H59: P | I59: Belum kawin | J59: Aik Ampat | K59: 38768 | L59: 2006 | M59: =2019-L59 -> 13 | N59: Islam | O59: Sasak | P59: Belum Tamat SD/Sederajat | R59: Pelajar/Mahasiswa
B60: 20 | C60: 520101 1007140013 | D60: 53 | E60: Rosihin | F60: KK | G60: 520101 0607900009 | H60: L | I60: Kawin | J60: Aik Ampat | K60: 33060 | L60: 1990 | M60: =2019-L60 -> 29 | N60: Islam | O60: Sasak | P60: SLTP/Sederajat | R60: Wiraswasta
D61: 54 | E61: Dewi Yanti | F61: Istri | G61: 520101 5903900001 | H61: P | I61: Kawin | J61: Aik Ampat | K61: 32951 | L61: 1990 | M61: =2019-L61 -> 29 | N61: Islam | O61: Sasak | P61: SLTA/Sederajat | R61: Wiraswasta
D62: 55 | E62: M. Khairul Rifban | F62: Anak | G62: 520101 1901150001 | H62: L | I62: Belum kawin | J62: Aik Ampat | K62: 42022 | L62: 2015 | M62: =2019-L62 -> 4 | N62: Islam | O62: Sasak | P62: Tidak/Belum Sekolah | R62: Belum/Tidak Bekerja
B63: 21 | C63: 520101 0603141009 | D63: 56 | E63: Mahsun | F63: KK | G63: 520101 1105541001 | H63: L | I63: Kawin | J63: Aik Ampat | K63: 19855 | L63: 1954 | M63: =2019-L63 -> 65 | N63: Islam | O63: Sasak | P63: Tamat SD/Sederajat | R63: Buruh Harian Lepas
D64: 57 | E64: Eram | F64: Istri | G64: 520101 7112841024 | H64: P | I64: Kawin | J64: Lintak Buwur | K64: 31047 | L64: 1984 | M64: =2019-L64 -> 35 | N64: Islam | O64: Sasak | P64: Tamat SD/Sederajat | R64: Buruh Harian Lepas
D65: 58 | E65: M. Rizki | F65: Anak | G65: 520101 1405091001 | H65: L | I65: Belum kawin | J65: Cemare | K65: 39947 | L65: 2009 | M65: =2019-L65 -> 10 | N65: Islam | O65: Sasak | P65: Tidak/Belum Sekolah | R65: Belum/Tidak Bekerja
B66: 22 | D66: 59 | E66: Kasmiati | F66: KK | G66: 520101 5110850003 | H66: P | I66: Janda | K66: 31331 | L66: =YEAR(K66) -> 1985 | M66: =2019-L66 -> 34 | N66: Islam | P66: - | R66: Pekerja lepas
D67: 60 | E67: Selfia Ramdani | F67: Anak | G67: 520101 4101080008 | H67: P | I67: Belum kawin | K67: 39448 | L67: =YEAR(K67) -> 2008 | M67: =2019-L67 -> 11 | N67: Islam | P67: - | R67: Pekerja lepas
B68: 23 | D68: 61 | E68: Tilem | F68: KK | G68: 520101 4107270039 | H68: P | I68: Janda | K68: 16802 | L68: =YEAR(K68) -> 1945 | M68: =2019-L68 -> 74 | N68: Islam | P68: - | R68: Pekerja lepas
D69: 62 | E69: Sebah | F69: Anak | G69: 520101 7112650022 | H69: P | I69: Janda | K69: 24107 | L69: =YEAR(K69) -> 1965 | M69: =2019-L69 -> 54 | N69: Islam | P69: - | R69: Pekerja lepas
B70: 24 | D70: 63 | E70: Ipah | F70: KK | G70: 520101 4107420027 | H70: P | I70: Janda | K70: 15523 | L70: =YEAR(K70) -> 1942 | M70: =2019-L70 -> 77 | N70: Islam | R70: Pekerja lepas
B71: 25 | C71: 520101 2504110006 | D71: 64 | E71: Mahsin | F71: KK | G71: 520101 3112810095 | H71: L | I71: Kawin | J71: Aik Ampat | K71: 29951 | L71: 1981 | M71: =2019-L71 -> 38 | N71: Islam | O71: Sasak | P71: SLTA/Sederajat | R71: Wiraswasta
D72: 65 | E72: Dewi Ratnawati | F72: Istri | G72: 520101 7112880071 | H72: P | I72: Kawin | J72: Bebae | K72: 32508 | L72: 1988 | M72: =2019-L72 -> 31 | N72: Islam | O72: Sasak | P72: Tamat SD/Sederajat | R72: Mengurus Rumah Tangga
D73: 66 | E73: Winda Febrianti | F73: Anak | G73: 520101 6706131001 | H73: P | I73: Belum kawin | J73: Gerung | K73: 41452 | L73: 2013 | M73: =2019-L73 -> 6 | N73: Islam | O73: Sasak | P73: Tidak/Belum Sekolah | R73: Belum/Tidak Bekerja
B74: 26 | C74: 520101 1905150018 | D74: 67 | E74: Mukminah | F74: KK | G74: 520101 4107570150 | H74: P | I74: Cerai Mati | J74: Cemare Karang Tengak | K74: 21002 | L74: 1957 | M74: =2019-L74 -> 62 | N74: Islam | P74: Tidak/Belum Sekolah | R74: Mengurus Rumah Tangga
B75: 27 | C75: 520101 0503081155 | D75: 68 | E75: Sedah | F75: KK | G75: 520101 4107570396 | H75: P | I75: Cerai Mati | J75: Aik Ampat | K75: 21002 | L75: 1957 | M75: =2019-L75 -> 62 | N75: Islam | O75: Sasak | P75: Tidak/Belum Sekolah | R75: Mengurus Rumah Tangga
D76: 69 | E76: Rusni | F76: Anak | G76: 520101 0107870252 | H76: L | I76: Belum kawin | J76: Aik Ampat | K76: 32508 | L76: 1988 | M76: =2019-L76 -> 31 | N76: Islam | O76: Sasak | P76: SLTP/Sederaja | R76: Petani/Pekebun
D77: 70 | E77: Salbini | F77: Anak | G77: 520101 0107920173 | H77: L | I77: Belum kawin | J77: Cemare | K77: 33786 | L77: 1992 | M77: =2019-L77 -> 27 | N77: Islam | O77: Sasak | P77: Tamat SD/Sederajat | R77: Belum/Tidak Bekerja
B78: 28 | D78: 71 | E78: Murtini | F78: KK | G78: 520101 4107820728 | H78: P | I78: Janda | K78: 30133 | L78: =YEAR(K78) -> 1982 | M78: =2019-L78 -> 37 | N78: Islam | P78: - | R78: Pekerja lepas
D79: 72 | E79: Mutiara Hati | F79: Anak | G79: 520101 4402010001 | H79: P | I79: Belum kawin | K79: 36926 | L79: =YEAR(K79) -> 2001 | M79: =2019-L79 -> 18 | N79: Islam | P79: SD/MI | R79: -
B80: 29 | D80: 73 | E80: Rusdin | F80: KK | G80: 520101 0707680083 | H80: L | I80: Kawin | K80: 25203 | L80: =YEAR(K80) -> 1968 | M80: =2019-L80 -> 51 | N80: Islam | P80: SLTP/MTSN | R80: PNS/TNI/ POLRI
D81: 74 | E81: Mikanah | F81: Istri | G81: 520101 4107730295 | H81: P | I81: Kawin | K81: 27029 | L81: =YEAR(K81) -> 1973 | M81: =2019-L81 -> 46 | N81: Islam | P81: SLTP/MTSN | R81: Pedagang
D82: 75 | E82: Thariq Ziadi | F82: Anak | G82: 520101 2411991001 | H82: L | I82: Belum kakwin | K82: 36488 | L82: =YEAR(K82) -> 1999 | M82: =2019-L82 -> 20 | N82: Islam | P82: SD/MI | R82: -
D83: 76 | E83: Dede Rusmedi | F83: Anak | G83: 520101 2503091002 | H83: L | I83: Belum kawin | K83: 39897 | L83: =YEAR(K83) -> 2009 | M83: =2019-L83 -> 10 | N83: Islam | P83: - | R83: -
B84: 30 | D84: 77 | E84: Rifai | F84: KK | G84: 520101 1303880006 | H84: L | I84: Kawin | K84: 32215 | L84: =YEAR(K84) -> 1988 | M84: =2019-L84 -> 31 | N84: Islam | P84: SLTP/MTSN | R84: Wiraswasta
D85: 78 | E85: Hamidah | F85: Istri | G85: 520101 5705910004 | H85: P | I85: Kawin | K85: 33375 | L85: =YEAR(K85) -> 1991 | M85: =2019-L85 -> 28 | N85: Islam | P85: SLTP/MTSN | R85: Wiraswasta
D86: 79 | E86: M. Faza Padlan | F86: Anak | G86: 520101 1305100003 | H86: L | I86: Belum kawin | K86: 40311 | L86: =YEAR(K86) -> 2010 | M86: =2019-L86 -> 9 | N86: Islam | P86: - | R86: -
B87: 31 | D87: 80 | E87: Kastari | F87: KK | G87: 520101 0402691001 | H87: L | I87: Kawin | K87: 19028 | L87: =YEAR(K87) -> 1952 | M87: =2019-L87 -> 67 | N87: Islam | P87: SLTP/MTSN | R87: Pekerja lepas
D88: 81 | E88: Sapiah | F88: Istri | G88: 520101 4705881001 | H88: P | I88: Kawin | K88: 32270 | L88: =YEAR(K88) -> 1988 | M88: =2019-L88 -> 31 | N88: Islam | P88: SD/MI | R88: Pekerja lepas
D89: 82 | E89: Niviselfiana Pratama | F89: Anak | G89: 520101 5311071001 | H89: P | I89: Belum kawin | K89: 39399 | L89: =YEAR(K89) -> 2007 | M89: =2019-L89 -> 12 | N89: Islam | P89: - | R89: -
B90: 32 | D90: 83 | E90: Usman Raditya | F90: KK | G90: 520101 0302910001 | H90: L | I90: Kawin | K90: 33272 | L90: =YEAR(K90) -> 1991 | M90: =2019-L90 -> 28 | N90: Islam | P90: SLTA/MA | R90: Pekerja lepas
D91: 84 | E91: Rohani | F91: Istri | G91: 520101 4107910434 | H91: P | I91: Kawin | K91: 33420 | L91: =YEAR(K91) -> 1991 | M91: =2019-L91 -> 28 | N91: Islam | P91: - | R91: Pekerja lepas
D92: 85 | E92: Riski Mahesa | F92: Anak | G92: 520101 0605130001 | H92: L | I92: Belum kawin | K92: 41400 | L92: =YEAR(K92) -> 2013 | M92: =2019-L92 -> 6 | N92: Islam | P92: - | R92: -
B93: 33 | D93: 86 | E93: Saurih | F93: KK | G93: 520101 5206880006 | H93: P | I93: Kawin | K93: 32316 | L93: =YEAR(K93) -> 1988 | M93: =2019-L93 -> 31 | N93: Islam | P93: SD/MI | R93: Pedagang
D94: 87 | E94: Ahm Adharis Septiadi | F94: Anak | G94: 520101 0409120003 | H94: L | I94: Belum kawin | K94: 41156 | L94: =YEAR(K94) -> 2012 | M94: =2019-L94 -> 7 | N94: Islam | P94: - | R94: -
B95: 34 | D95: 88 | E95: Mursid | F95: KK | G95: 520101 3112600197 | H95: L | I95: Duda | K95: 22281 | L95: =YEAR(K95) -> 1960 | M95: =2019-L95 -> 59 | N95: Islam | P95: - | R95: Pedagang
D96: 89 | E96: Muriah | F96: Anak | G96: 520101 7112850190 | H96: P | I96: Belum kawin | K96: 31412 | L96: =YEAR(K96) -> 1985 | M96: =2019-L96 -> 34 | N96: Islam | P96: - | R96: Pekerja lepas
D97: 90 | E97: Yasan | F97: Anak | G97: 520101 0304910001 | H97: L | I97: Belum kawin | K97: 33331 | L97: =YEAR(K97) -> 1991 | M97: =2019-L97 -> 28 | N97: Islam | P97: SLTP/MTSN | R97: Pekerja lepas
D98: 91 | E98: Sriatun | F98: Anak | G98: 520101 5111980001 | H98: P | I98: Belum kawin | K98: 36110 | L98: =YEAR(K98) -> 1998 | M98: =2019-L98 -> 21 | N98: Islam | P98: SLTP/MTSN | R98: Pekerja lepas
D99: 92 | E99: Yudia Yunus | F99: Anak | G99: 520101 5704030002 | H99: L | I99: Belum kawin | K99: 37728 | L99: =YEAR(K99) -> 2003 | M99: =2019-L99 -> 16 | N99: Islam | P99: - | R99: -
B100: 35 | D100: 93 | E100: Haerudin | F100: KK | G100: 520101 1206840002 | H100: L | I100: Kawin | K100: 30845 | L100: =YEAR(K100) -> 1984 | M100: =2019-L100 -> 35 | N100: Islam | P100: SLTP/MTSN | R100: Pekerja lepas
D101: 94 | E101: Siti Mayani | F101: Istri | G101: 520101 7112880123 | H101: P | I101: Kawin | K101: 32508 | L101: =YEAR(K101) -> 1988 | M101: =2019-L101 -> 31 | N101: Islam | P101: SLTP/MTSN | R101: Pekerja lepas
...

Sheet S
A1: 97 | C1: 263
A2: 87 | C2: 274
A3: 70 | C3: 232
A4: 63 | C4: 193
A5: 24 | C5: 70
A6: =SUM(A1:A5) -> 341 | C6: =SUM(C1:C5) -> 1032

Sheet PINDAH KELUAR
A2: No | B2: Nomor KK | C2: Jumlah | D2: Nama Lengkap/panggilan | E2: Kedudukan dalam Keluarga | F2: NIK | G2: Jenis Kelamin (L/P) | H2: Status Perkawinan | I2: Lahir | L2: Usia | M2: Agama | N2: Etnis | O2: Pendidikan Terakhir | P2: Jurusan | Q2: Pekerjaan | R2: Cacat | T2: Ada
C3: Jiwa | I3: Tempat | J3: Tanggal | K3: Tahun | R3: Mental | S3: Fisik | T3: KK | U3: KTP / KIA | V3: Buku Nikah | W3: Akta Kelahiran
C4: 40 | D4: Susmita Dewi | E4: Anak | F4: 520101 4410981001 | G4: P | H4: Belum kawin | J4: 36072 | L4: =2019-K4 -> 2019 | M4: Islam | O4: SD/MI | Q4: -
C5: 26 | D5: Sukardi | E5: Anak | F5: 520101 0107970327 | G5: L | H5: Belum kawin | J5: 35612 | L5: =2019-K5 -> 2019 | M5: Islam | O5: SD/MI | Q5: Pekerja lepas
C6: 20 | D6: Rosihin | E6: Anak | F6: 520101 1005920001 | G6: P | H6: Belum kawin | J6: 33734 | L6: =2019-K6 -> 2019 | M6: Islam | O6: - | Q6: -
C7: 21 | D7: Zaitun | E7: Anak | F7: 520101 0510970001 | G7: P | H7: Belum kawin | J7: 35708 | L7: =2019-K7 -> 2019 | M7: Islam | O7: - | Q7: -
C8: 124 | D8: Muhamad Munawardi | E8: Anak | F8: 520101 1539100003 | G8: L | H8: Belum kawin | J8: 33312 | L8: =2019-K8 -> 2019 | M8: Islam | O8: SLTA/MA | Q8: Wiraswasta
C9: 164 | D9: Sahnan | E9: Anak | F9: 520101 1204880001 | G9: L | H9: Belum kawin | J9: 32245 | L9: =2019-K9 -> 2019 | M9: Islam | N9: Sasak | O9: SLTP/MTSN | Q9: Pekerja lepas
C10: 166 | D10: Salamn | E10: Anak | F10: 520101 1011910001 | G10: L | H10: Belum kawin | J10: 33552 | L10: =2019-K10 -> 2019 | M10: Islam | N10: Sasak | O10: SLTP/MTSN | Q10: -
C11: 168 | D11: Murtiah | E11: Anak | F11: 520101 4507950001 | G11: P | H11: Belum kawin | J11: 34885 | L11: =2019-K11 -> 2019 | M11: Islam | N11: Sasak | O11: - | Q11: -
C12: 33 | D12: Burhanudin | E12: Anak | F12: 520101 3112860025 | G12: L | H12: Belum kawin | J12: 33969 | L12: =2019-K12 -> 2019 | M12: Islam | O12: SD/MI | Q12: Pekerja lepas
A13: 42 | C13: 99 | D13: Puasi | E13: KK | F13: 520101 3112670143 | G13: L | H13: Kawin | J13: 24837 | L13: =2019-K13 -> 2019 | M13: Islam | O13: - | Q13: Pekerja lepas
C14: 48 | D14: Marhamah | E14: Anak | F14: 520101 7112800125 | G14: P | H14: Belum kawin | J14: 33238 | L14: =2019-K14 -> 2019 | M14: Islam | O14: SLTP/MTSN | Q14: Pekerja lepas
A15: 30 | C15: 73 | D15: Suhadi | E15: Lain-Lain | F15: 520101 0109890003 | G15: P | H15: Janda | J15: 32752 | K15: 1989 | L15: =2019-K15 -> 30 | M15: Islam | O15: SD/MI | Q15: Pedagang
C16: 10 | D16: Irma Hasanah | E16: Anak | F16: 520101 681281001 | G16: P | H16: Belum kawin | J16: 29948 | L16: =2019-K16 -> 2019 | M16: Islam | O16: SLTA/MA | Q16: -
C17: 7 | D17: Pahriah | E17: Anak | F17: 520101 6204990002 | G17: P | H17: Belum kawin | J17: 33969 | L17: =2019-K17 -> 2019 | M17: Islam | O17: SLTA/MA | Q17: Pekerja lepas
C18: 245 | D18: Nuradani | E18: Anak | F18: 520101 4107900547 | G18: P | H18: Belum kawin | J18: 33055 | L18: =2019-K18 -> 2019 | M18: Islam | O18: SLTP/MTSN | Q18: -
C19: 128 | D19: kamariah | E19: Anak | F19: 520101 0107920476 | G19: L | H19: Belum kawin | I19: Cemare Karang Tengak | J19: 33786 | K19: 1992 | L19: =2019-K19 -> 27 | M19: Islam | N19: Sasak | O19: SLTP/Sederajat | Q19: Belum/Tidak Bekerja
C20: 129 | D20: Nurman | E20: Anak | F20: 520101 0511940002 | G20: L | H20: Belum kawin | I20: Aik Ampat | J20: 34643 | K20: 1994 | L20: =2019-K20 -> 25 | M20: Islam | N20: Sasak | O20: Tamat SD/Sederajat | Q20: Buruh Harian Lepas
C21: 130 | D21: Budiah | E21: Anak | F21: 520101 5002980002 | G21: P | H21: Belum kawin | I21: Aik Ampat | J21: 35836 | K21: 1998 | L21: =2019-K21 -> 21 | M21: Islam | N21: Sasak | O21: SLTP/Sederajat | Q21: Belum/Tidak Bekerja
C22: 164 | D22: Kandiawan | E22: Anak | F22: 520101 0107880320 | G22: L | H22: Belum kawin | I22: Cemare Karang Tengak | J22: 32325 | K22: 1988 | L22: =2019-K22 -> 31 | M22: Islam | N22: Sasak | O22: Tidak/Belum Sekolah | Q22: Belum/Tidak Bekerja
C23: 55 | D23: Atikah | E23: Anak | F23: 520101 4501960003 | G23: P | H23: Belum kawin | J23: 35069 | K23: 1996 | L23: =2019-K23 -> 23 | M23: Islam | N23: Sasak | O23: SLTP/MTSN | Q23: Pekerja lepas
C24: 87 | D24: Fitriana | E24: Anak | F24: 520101 7112990001 | G24: P | H24: Belum kawin | J24: 36525 | K24: 1999 | L24: =2019-K24 -> 20 | M24: Islam | O24: SLTP/MTSN | Q24: --
C25: 92 | D25: Siti Mahrani | E25: Anak | F25: 520101 5604930002 | G25: P | H25: Belum kawin | J25: 34075 | L25: =2019-K25 -> 2019 | M25: Islam | O25: SLTA/MA | Q25: -
C26: 59 | D26: Rofiah | E26: Istri | F26: 520101 4710840001 | G26: P | H26: Belum kawin | J26: 30962 | L26: =2019-K26 -> 2019 | M26: Islam | O26: - | Q26: -
C27: 125 | D27: Nurul Hayati | E27: Anak | F27: 520101 5701980001 | G27: P | H27: Belum kawin | J27: 35812 | L27: =2019-K27 -> 2019 | M27: Islam | O27: SLTP/MTSN | Q27: -

Sheet Meninggal
A2: No | B2: Nomor KK | C2: Jumlah | D2: Nama Lengkap/panggilan | E2: Kedudukan dalam Keluarga | F2: NIK | G2: Jenis Kelamin (L/P) | H2: Status Perkawinan | I2: Lahir | L2: Usia | M2: Agama | N2: Etnis | O2: Pendidikan Terakhir | P2: Jurusan | Q2: Pekerjaan | R2: Cacat | T2: Ada
C3: Jiwa | I3: Tempat | J3: Tanggal | K3: Tahun | R3: Mental | S3: Fisik | T3: KK | U3: KTP / KIA | V3: Buku Nikah | W3: Akta Kelahiran
C4: 270 | D4: Mahyudin | E4: Suami | F4: 0 | G4: L | H4: Belum kawin | J4: 33238 | L4: =2019-K4 -> 2019 | M4: Islam | O4: SLTA/MA | Q4: Pekerja lepas
C5: 171 | D5: Arman Maulana | E5: Anak | F5: 520101 0008090002 | G5: L | H5: Belum kawin | J5: 40427 | L5: =2019-K5 -> 2019 | M5: Islam | O5: - | Q5: -
C6: 232 | D6: Haerudin | E6: KK | F6: 520101 2102820003 | G6: L | H6: Kawin | I6: Aik Ampat | J6: 30003 | K6: 1982 | L6: =2019-K6 -> 37 | M6: Islam | N6: Sasak | O6: Tamat SD/Sederajat | Q6: Buruh Harian Lepas
C7: 244 | D7: Satiah | E7: Istri | F7: 520101 4107730204 | G7: P | H7: Kawin | J7: 26846 | L7: =2019-K7 -> 2019 | M7: Islam | O7: - | Q7: Pekerja lepas
