Workbook

Sheet Rekap
B1: REKAP DATA PENDUDUK
B2: LINGKUNGAN DASAN GERES SELATAN
B3: RT | C3: Jumlah Penduduk | E3: Total | F3: Jumlah KK | H3: Total | I3: Jumlah Duda / Janda | K3: Total | L3: Jumlah Lansia ( =>60 ) | N3: Total
C4: L | D4: P | F4: L | G4: P | I4: L | J4: P | L4: L | M4: P
B5: RT 1 | C5: =COUNTIF('RT 01'!$H$8:$H$193,"L") -> 92 | D5: =COUNTIF('RT 01'!$H$8:$H$193,"P") -> 94 | E5: =SUM(C5:D5) -> 186 | F5: =COUNTIFS('RT 01'!$F$8:$F$193,"KK",'RT 01'!$H$8:$H$193,"L") -> 45 | G5: =COUNTIFS('RT 01'!$F$8:$F$193,"KK",'RT 01'!$H$8:$H$193,"P") -> 8 | H5: =SUM(F5:G5) -> 53 | I5: =COUNTIFS('RT 01'!$I$8:$I$193,"Cerai Mati",'RT 01'!$H$8:$H$193,"L")+COUNTIFS('RT 01'!$I$8:$I$193,"Cerai Hidup",'RT 01'!$H$8:$H$193,"L")+COUNTIFS('RT 01'!$I$8:$I$193,"Duda",'RT 01'!$H$8:$H$193,"L") -> 5 | J5: =COUNTIFS('RT 01'!$I$8:$I$193,"Cerai Mati",'RT 01'!$H$8:$H$193,"P")+COUNTIFS('RT 01'!$I$8:$I$193,"Cerai Hidup",'RT 01'!$H$8:$H$193,"P")+COUNTIFS('RT 01'!$I$8:$I$193,"Janda",'RT 01'!$H$8:$H$193,"P") -> 12 | K5: =SUM(I5:J5) -> 17 | L5: 10 | M5: 10 | N5: =SUM(L5:M5) -> 20
B6: RT 2 | C6: =COUNTIF('RT 02'!$H$8:$H$160,"L") -> 76 | D6: =COUNTIF('RT 02'!$H$8:$H$160,"P") -> 77 | E6: =SUM(C6:D6) -> 153 | F6: =COUNTIFS('RT 02'!$F$8:$F$160,"KK",'RT 02'!$H$8:$H$160,"L") -> 36 | G6: =COUNTIFS('RT 02'!$F$8:$F$160,"KK",'RT 02'!$H$8:$H$160,"P") -> 13 | H6: =SUM(F6:G6) -> 49 | I6: =COUNTIFS('RT 02'!$I$8:$I$160,"Cerai Mati",'RT 02'!$H$8:$H$160,"L")+COUNTIFS('RT 02'!$I$8:$I$160,"Cerai Hidup",'RT 02'!$H$8:$H$160,"L")+COUNTIFS('RT 02'!$I$8:$I$160,"Duda",'RT 02'!$H$8:$H$160,"L") -> 3 | J6: =COUNTIFS('RT 02'!$I$8:$I$160,"Cerai Mati",'RT 02'!$H$8:$H$160,"P")+COUNTIFS('RT 02'!$I$8:$I$160,"Cerai Hidup",'RT 02'!$H$8:$H$160,"P")+COUNTIFS('RT 02'!$I$8:$I$160,"Janda",'RT 02'!$H$8:$H$160,"P") -> 16 | K6: =SUM(I6:J6) -> 19 | L6: 5 | M6: 13 | N6: =SUM(L6:M6) -> 18
B7: RT 3 | C7: =COUNTIF('RT 03'!$H$8:$H$183,"L") -> 86 | D7: =COUNTIF('RT 03'!$H$8:$H$183,"P") -> 90 | E7: =SUM(C7:D7) -> 176 | F7: =COUNTIFS('RT 03'!$F$8:$F$183,"KK",'RT 03'!$H$8:$H$183,"L") -> 46 | G7: =COUNTIFS('RT 03'!$F$8:$F$183,"KK",'RT 03'!$H$8:$H$183,"P") -> 8 | H7: =SUM(F7:G7) -> 54 | I7: =COUNTIFS('RT 03'!$I$8:$I$183,"Cerai Mati",'RT 03'!$H$8:$H$183,"L")+COUNTIFS('RT 03'!$I$8:$I$183,"Cerai Hidup",'RT 03'!$H$8:$H$183,"L")+COUNTIFS('RT 03'!$I$8:$I$183,"Duda",'RT 03'!$H$8:$H$183,"L") -> 4 | J7: =COUNTIFS('RT 03'!$I$8:$I$183,"Cerai Mati",'RT 03'!$H$8:$H$183,"P")+COUNTIFS('RT 03'!$I$8:$I$183,"Cerai Hidup",'RT 03'!$H$8:$H$183,"P")+COUNTIFS('RT 03'!$I$8:$I$183,"Janda",'RT 03'!$H$8:$H$183,"P") -> 9 | K7: =SUM(I7:J7) -> 13 | L7: 11 | M7: 11 | N7: =SUM(L7:M7) -> 22
B8: RT 4 | C8: =COUNTIF('RT 04'!$H$8:$H$258,"L") -> 120 | D8: =COUNTIF('RT 04'!$H$8:$H$258,"P") -> 131 | E8: =SUM(C8:D8) -> 251 | F8: =COUNTIFS('RT 04'!$F$8:$F$258,"KK",'RT 04'!$H$8:$H$258,"L") -> 58 | G8: =COUNTIFS('RT 04'!$F$8:$F$258,"KK",'RT 04'!$H$8:$H$258,"P") -> 11 | H8: =SUM(F8:G8) -> 69 | I8: =COUNTIFS('RT 04'!$I$8:$I$258,"Cerai Mati",'RT 04'!$H$8:$H$258,"L")+COUNTIFS('RT 04'!$I$8:$I$258,"Cerai Hidup",'RT 04'!$H$8:$H$258,"L")+COUNTIFS('RT 04'!$I$8:$I$258,"Duda",'RT 04'!$H$8:$H$258,"L") -> 1 | J8: =COUNTIFS('RT 04'!$I$8:$I$258,"Cerai Mati",'RT 04'!$H$8:$H$258,"P")+COUNTIFS('RT 04'!$I$8:$I$258,"Cerai Hidup",'RT 04'!$H$8:$H$258,"P")+COUNTIFS('RT 04'!$I$8:$I$258,"Janda",'RT 04'!$H$8:$H$258,"P") -> 13 | K8: =SUM(I8:J8) -> 14 | L8: 10 | M8: 18 | N8: =SUM(L8:M8) -> 28
B9: JUMLAH TOTAL | C9: =SUM(C5:C8) -> 374 | D9: =SUM(D5:D8) -> 392 | E9: =SUM(E5:E8) -> 766 | F9: =SUM(F5:F8) -> 185 | G9: =SUM(G5:G8) -> 40 | H9: =SUM(H5:H8) -> 225 | I9: =SUM(I5:I8) -> 13 | J9: =SUM(J5:J8) -> 50 | ... N9: =SUM(N5:N8) -> 88
C13: Mengetahui
C14: Lurah Dasan Geres | K14: Kepala Lingkungan
C18: Hulaifi, S.H. | K18: H. M. Maliki
C19: NIP. 19841231 201101 1 023

Sheet RT 01
B1: DATA INDUK PENDUDUK KELURAHAN DASAN GERES
B2: TAHUN 2019
B3: LINGKUNGAN DASN GERES SELATAN
B4: RT 01
B5: No | C5: Nomor KK | D5: Jumlah Jiwa | E5: Nama Lengkap/panggilan | F5: Kedudukan dalam Keluarga | G5: NIK | H5: Jenis Kelamin (L/P) | I5: Status Perkawinan | J5: Lahir | M5: Usia | N5: Agama | O5: Etnis | P5: Pendidikan Terakhir | Q5: Jurusan | R5: Pekerjaan
J6: Tempat | K6: Tanggal | L6: tahun
B8: 1 | D8: 1 | E8: Abdul Haris | F8: KK | G8: 520101 3112650037 | H8: L | I8: Kawin | K8: 23011 | L8: 1962 | M8: =2019-L8 -> 57 | N8: Islam | P8: PT/Akademi | R8: PNS/TNI/ POLRI
D9: 2 | E9: Hajjah Siti Hadijah | F9: Istri | G9: 520101 7112760041 | H9: P | I9: Kawin | K9: 28125 | L9: 1976 | M9: =2019-L9 -> 43 | N9: Islam | P9: SD/MI | R9: Wiraswasta
D10: 3 | E10: Nurul Dian F | F10: Anak | G10: 520101 5304020001 | H10: P | I10: Belum kawin | K10: 37359 | L10: 2002 | M10: =2019-L10 -> 17 | N10: Islam | P10: SD/MI | R10: -
D11: 4 | E11: Mohammad Ridho Adilla F | F11: Anak | G11: 520101 0211040001 | H11: L | I11: Belum kawin | K11: 38293 | L11: 2004 | M11: =2019-L11 -> 15 | N11: Islam | P11: - | R11: -
D12: 5 | E12: A Zulfan Hafiz | F12: Anak | G12: 520101 1206120002 | H12: L | I12: Belum kawin | K12: 41072 | L12: 2012 | M12: =2019-L12 -> 7 | N12: Islam | P12: - | R12: -
B13: 2 | C13: 520101 0503083290 | D13: 6 | E13: Saleh Sayuthi, S.Pd | F13: KK | G13: 520101 0107560095 | H13: L | I13: Kawin | J13: DASAN GERES BARAT | K13: 20820 | L13: 1956 | M13: =2019-L13 -> 63 | N13: Islam | O13: Sasak | P13: DIPLOMA IV/STRATA I | R13: Guru
D14: 7 | E14: Syuhadah | F14: Istri | G14: 520101 4107620283 | H14: P | I14: Kawin | J14: DASAN GERES BARAT | K14: 23011 | L14: 1962 | M14: =2019-L14 -> 57 | N14: Islam | O14: Sasak | P14: SLTP/SEDERAJAT | R14: Mengurus Rumah Tangga
D15: 8 | E15: Marlianis Shalihah | F15: Anak | G15: 520101 5805820001 | H15: P | I15: Belum kawin | J15: DASAN GERES BARAT | K15: 30089 | L15: 1982 | M15: =2019-L15 -> 37 | N15: Islam | O15: Sasak | P15: AKADEMI/DIPLOMA III/SERJANA MUDA | R15: Karyawan Honorer
D16: 9 | E16: Shufia Prihatini S | F16: Anak | G16: 520101 5002980001 | H16: P | I16: Belum kawin | J16: DASAN GERES BARAT | K16: 35836 | L16: 1998 | M16: =2019-L16 -> 21 | N16: Islam | O16: Sasak | P16: SLTA/SEDERAJAT | R16: Pelajar/Mahasiswa
B17: 3 | D17: 10 | E17: Ahmad Syauqi Zafrullah | F17: Anak | G17: 520101 0604090001 | H17: L | I17: Kawin | K17: 29583 | L17: 1980 | M17: =2019-L17 -> 39 | N17: Islam | P17: PT/Akademi | R17: PNS/TNI/ POLRI
D18: 11 | E18: Nurul Hidayah | F18: KK | G18: 520101 0107710109 | H18: P | I18: Kawin | K18: 31542 | L18: 1986 | M18: =2019-L18 -> 33 | N18: Islam | P18: SLTA/MA | R18: -
D19: 12 | E19: Ahmad Zaidan Hafidzonasyari | F19: Istri | G19: 520101 6608770001 | H19: L | I19: Belum kawin | K19: 38941 | L19: 2006 | M19: =2019-L19 -> 13 | N19: Islam | P19: - | R19: -
D20: 13 | E20: Ahmad Ziad Nuri Syauqani | F20: Anak | G20: 520101 0609020001 | H20: L | I20: Belum kawin | K20: 41278 | L20: 2013 | M20: =2019-L20 -> 6 | N20: Islam | P20: - | R20: -
B21: 4 | C21: 520101 0503083313 | D21: 14 | E21: Suhaemi | F21: KK | G21: 520101 0302740001 | H21: L | I21: Kawin | J21: DASAN GERES | K21: 27063 | L21: 1974 | M21: =2019-L21 -> 45 | N21: Islam | O21: Sasak | P21: SLTA/SEDERAJAT | R21: Wiraswasta
D22: 15 | E22: Muhimmah | F22: Istri | G22: 520101 4405740001 | H22: P | I22: Belum kawin | J22: DASAN GERES | K22: 27163 | L22: 1974 | M22: =2019-L22 -> 45 | N22: Islam | O22: Sasak | P22: SLTA/SEDERAJAT | R22: Guru
D23: 16 | E23: Ahmad Fikri Ramadhani | F23: Anak | G23: 520101 2312000001 | H23: L | I23: Belum kawin | J23: DASAN GERES | K23: 36883 | L23: 2000 | M23: =2019-L23 -> 19 | N23: Islam | O23: Sasak | P23: TAMAT SD/SEDERAJAT | R23: Pelajar/Mahasiswa
D24: 17 | E24: Ahmad Mizan Asrori Zain | F24: Anak | G24: 520101 2804070001 | H24: L | I24: Belum kawin | J24: DASAN GERES | K24: 39200 | L24: 2007 | M24: =2019-L24 -> 12 | N24: Islam | O24: Sasak | P24: BELUM TAMAT SD/SEDERAJAT | R24: Pelajar/Mahasiswa
B25: 5 | C25: 520101 0503082568 | D25: 18 | E25: Muhammad Fadil | F25: KK | G25: 520101 0504740001 | H25: L | I25: Kawin | J25: DASAN GERES | K25: 27125 | L25: 1974 | M25: =2019-L25 -> 45 | N25: Islam | O25: Sasak | P25: SLTP/SEDERAJAT | R25: Wiraswasta
D26: 19 | E26: Siti Aminah | F26: Istri | G26: 520101 4107770539 | H26: P | I26: Kawin | J26: DASAN GERES SELATAN | K26: 28522 | L26: 1978 | M26: =2019-L26 -> 41 | N26: Islam | O26: Sasak | P26: SLTA/SEDERAJAT | R26: Guru
D27: 20 | E27: Nisrina Fadila | F27: Anak | G27: 520101 6110050001 | H27: P | I27: Belum kawin | J27: DASAN GERES | K27: 38646 | L27: 2005 | M27: =2019-L27 -> 14 | N27: Islam | O27: Sasak | P27: BELUM TAMAT SD/SEDERAJAT | R27: Pelajar/Mahasiswa
D28: 21 | E28: Maulidya Fakhira | F28: Anak | G28: 520101 4403100004 | H28: P | I28: Belum kawin | J28: DASAN GERES | K28: 40241 | L28: 2010 | M28: =2019-L28 -> 9 | N28: Islam | O28: Sasak | P28: TIDAK/BELUM SEKOLAH | R28: Belum/Tidak Bekerja
D29: 22 | E29: Muhammad Daffa Waiz | F29: Anak | G29: 520101 2102190002 | H29: L | I29: Belum kawin | J29: DASAN GERES | K29: 43517 | L29: 2019 | M29: =2019-L29 -> 0 | N29: Islam | O29: Sasak | P29: TIDAK/BELUM SEKOLAH | R29: Belum/Tidak Bekerja
B30: 6 | D30: 23 | E30: Umar Syarapudin S.Pd | F30: KK | G30: 520101 0201840002 | H30: L | I30: Kawin | K30: 30683 | L30: 1984 | M30: =2019-L30 -> 35 | N30: Islam | P30: PT/Akademi | R30: PNS/TNI/ POLRI
D31: 24 | E31: Hajjah Azizah | F31: Istri | G31: 520101 7112850158 | H31: P | I31: Kawin | K31: 31412 | L31: 1985 | M31: =2019-L31 -> 34 | N31: Islam | P31: SLTA/MA | R31: Wiraswasta
B32: 7 | D32: 25 | E32: Haji Zainudin Ikhsan | F32: KK | G32: 520101 0803740001 | H32: L | I32: Kawin | K32: 27096 | L32: 1974 | M32: =2019-L32 -> 45 | N32: Islam | P32: SLTA/MA | R32: Wiraswasta
D33: 26 | E33: Zahroni | F33: Istri | G33: 520101 4902840001 | H33: L | I33: Kawin | K33: 30721 | L33: 1984 | M33: =2019-L33 -> 35 | N33: Islam | P33: SLTA/MA | R33: Wiraswasta
B34: 8 | D34: 27 | E34: Haji Mursyid | F34: KK | G34: 520101 3112320002 | H34: L | I34: Duda | K34: 12054 | L34: 1932 | M34: =2019-L34 -> 87 | N34: Islam | P34: - | R34: -
D35: 28 | E35: Jamilah | F35: Lainnya | G35: 520101 6711890001 | H35: P | I35: Belum kawin | K35: 32839 | L35: 1989 | M35: =2019-L35 -> 30 | N35: Islam | P35: PT/Akademi | R35: -
D36: 29 | E36: Khairun Nida | F36: Lainnya | G36: 520101 4110940001 | H36: P | I36: Belum kawin | K36: 34608 | L36: 1994 | M36: =2019-L36 -> 25 | N36: Islam | P36: SLTA/MA | R36: Pegawai swasta
D37: 30 | E37: Ahmad Muzaipi | F37: Lainnya | H37: L | I37: Belum kawin | K37: 36147 | L37: 1998 | M37: =2019-L37 -> 21 | N37: Islam | P37: SLTP/MTSN | R37: -
D38: 31 | E38: Haji Muhammad Yusup | F38: Anak | G38: 0 | H38: L | I38: Duda | K38: 35064 | L38: 1995 | M38: =2019-L38 -> 24 | N38: Islam | P38: SLTP/MTSN | R38: -
B39: 9 | C39: 520101 0503084063 | D39: 32 | E39: M Salim Sungkar | F39: KK | G39: 520101 0107780001 | H39: L | I39: Kawin | J39: DASAN GERES BARAT | K39: 28625 | L39: 1978 | M39: =2019-L39 -> 41 | N39: Islam | O39: Sasak | P39: SLTA/SEDERAJAT | R39: Sopir
D40: 33 | E40: Ruka'yah | F40: Istri | G40: 520101 4107840322 | H40: P | I40: Kawin | J40: DASAN GERES BARAT | K40: 30677 | L40: 1983 | M40: =2019-L40 -> 36 | N40: Islam | O40: Sasak | P40: SLTA/SEDERAJAT | R40: Mengurus Rumah Tangga
B41: 10 | C41: 520101 3103110023 | D41: 34 | E41: Ali Mansur | F41: KK | G41: 520101 4107840322 | H41: L | I41: Kawin | J41: DASAN GERES | K41: 25568 | L41: 1969 | M41: =2019-L41 -> 50 | N41: Islam | O41: Sasak | P41: DIPLOMA IV/STRATA I | R41: Pegawai Negeri Sipil
D42: 35 | E42: Sifa’yah | F42: Istri | G42: 520101 4107840322 | H42: P | I42: Kawin | J42: BEROPO | K42: 28742 | L42: 1978 | M42: =2019-L42 -> 41 | N42: Islam | O42: Sasak | P42: SLTA/SEDERAJAT | R42: Belum/Tidak Bekerja
D43: 36 | E43: Wahid Alfarisie | F43: Anak | G43: 520101 4107840322 | H43: L | I43: Belum kawin | J43: JEMBATAN KEMBAR | K43: 36124 | L43: 1998 | M43: =2019-L43 -> 21 | N43: Islam | O43: Sasak | P43: TAMAT SD/SEDERAJAT | R43: Pelajar / Mahasiswa
D44: 37 | E44: Andre Kurniadi | F44: Anak | G44: 520101 4107840322 | H44: L | I44: Belum kawin | J44: DASAN GERES | K44: 37874 | L44: 2003 | M44: =2019-L44 -> 16 | N44: Islam | O44: Sasak | P44: BELUM TAMAT SD/SEDERAJAT | R44: Pelajar / Mahasiswa
D45: 38 | E45: Nabil Fairus Firdaus | F45: Anak | G45: 520101 4107840322 | H45: L | I45: Belum kawin | J45: Gerung | K45: 40626 | L45: 2011 | M45: =2019-L45 -> 8 | N45: Islam | O45: Sasak | P45: TIDAK/BELUM SEKOLAH | R45: Belum/Tidak Bekerja
B46: 11 | C46: 520101 0609120068 | D46: 39 | E46: Syaiful Hasim | F46: KK | G46: 520101 0109710002 | H46: L | I46: Kawin | J46: DASAN GERES | K46: 26177 | L46: 1971 | M46: =2019-L46 -> 48 | N46: Islam | O46: Sasak | P46: DIPLOMA IV/STRATA I | R46: Karyawan BUMN
D47: 40 | E47: Paridah | F47: Istri | G47: 520101 6312800001 | H47: P | I47: Kawin | J47: PRINGGASELA | K47: 29578 | L47: 1980 | M47: =2019-L47 -> 39 | N47: Islam | O47: Sasak | P47: SLTA/SEDERAJAT | R47: Mengurus Rumah Tangga
D48: 41 | E48: Ahmad Naufal Aldian | F48: Anak | G48: 520101 3003000003 | H48: L | I48: Belum kawin | J48: PRINGGASELA | K48: 36980 | L48: 2001 | M48: =2019-L48 -> 18 | N48: Islam | O48: Sasak | P48: TAMAT SD/SEDERAJAT | R48: Pelajar / Mahasiswa
D49: 42 | E49: M Alpatih Islahul Akbar | F49: Anak | G49: 520101 2502050001 | H49: L | I49: Belum kawin | J49: PRINGGASELA | K49: 38408 | L49: 2005 | M49: =2019-L49 -> 14 | N49: Islam | O49: Sasak | P49: BELUM TAMAT SD/SEDERAJAT | R49: Pelajar / Mahasiswa
D50: 43 | E50: Fildza Sakina | F50: Anak | G50: 520101 6904110008 | H50: P | I50: Belum kawin | J50: DASAN GERES | K50: 40662 | L50: 2011 | M50: =2019-L50 -> 8 | N50: Islam | O50: Sasak | P50: TIDAK/BELUM SEKOLAH | R50: Belum/Tidak Bekerja
B51: 12 | C51: 520101 2705111429 | D51: 44 | E51: Muhamad Nasir | F51: KK | G51: 520101 0107500318 | H51: L | I51: Kawin | J51: DASAN GERES SELATAN | K51: 24607 | L51: 1967 | M51: =2019-L51 -> 52 | N51: Islam | O51: Sasak | P51: TAMAT SD/SEDERAJAT | R51: Buruh Tani/pekebun
D52: 45 | E52: Nurmin | F52: Istri | G52: 520101 4107600427 | H52: P | I52: Kawin | J52: DASAN GERES SELATAN | K52: 22098 | L52: 1960 | M52: =2019-L52 -> 59 | N52: Islam | O52: Sasak | P52: TAMAT SD/SEDERAJAT | R52: Mengurus Rumah Tangga
B53: 13 | C53: 520101 0503083534 | D53: 46 | E53: Abdullah Sungkar | F53: KK | G53: 520101 0107730244 | H53: L | I53: Kawin | J53: DASAN GERES BARAT | K53: 26481 | L53: 1972 | M53: =2019-L53 -> 47 | N53: Islam | O53: Sasak | P53: SLTA/SEDERAJAT | R53: Buruh Tani / Perkebunan
D54: 47 | E54: Suparni | F54: Istri | G54: 520101 4107740195 | H54: P | I54: Kawin | J54: DASAN GERES BARAT | K54: 28439 | L54: 1977 | M54: =2019-L54 -> 42 | N54: Islam | O54: Sasak | P54: SLTA/SEDERAJAT | R54: Mengurus Rumah Tangga
D55: 48 | E55: Ahmad Rifki Sungkar | F55: Anak | G55: 520101 2402020002 | H55: L | I55: Belum Kawin | J55: DASAN GERES | K55: 37219 | L55: 2001 | M55: =2019-L55 -> 18 | N55: Islam | O55: Sasak | P55: SLTP/SEDERAJAT | R55: Pelajar / Mahasiswa
D56: 49 | E56: Najwa Huwaida Sungkar | F56: Anak | G56: 520101 5302060001 | H56: P | I56: Belum Kawin | J56: DASAN GERES | K56: 38761 | L56: 2006 | M56: =2019-L56 -> 13 | N56: Islam | O56: Sasak | P56: BELUM TAMAT SD/SEDERAJAT | R56: Pelajar / Mahasiswa
B57: 14 | D57: 50 | E57: Sainun | F57: KK | G57: 520101 3112500042 | H57: P | I57: Janda | K57: 18628 | L57: 1950 | M57: =2019-L57 -> 69 | N57: Islam | P57: - | R57: Lainnya
D58: 51 | E58: Masitah | F58: Anak | G58: 520101 4405340001 | H58: P | I58: Belum kawin | K58: 30806 | L58: 1984 | M58: =2019-L58 -> 35 | N58: Islam | P58: SLTA/MA | R58: Wiraswasta
D59: 52 | E59: Mukthar | F59: Anak | G59: 520101 3112880047 | H59: L | I59: Belum kawin | K59: 32508 | L59: 1988 | M59: =2019-L59 -> 31 | N59: Islam | P59: SLTA/MA | R59: Wiraswasta
B60: 15 | D60: 53 | E60: Rakmah | F60: KK | G60: 520101 3112540014 | H60: P | I60: Janda | K60: 20089 | L60: 1954 | M60: =2019-L60 -> 65 | N60: Islam | P60: - | R60: -
D61: 54 | E61: Ahmad Rizki Hamdani | F61: Lainnya | G61: 0 | H61: L | I61: Belum kawin | K61: 38491 | L61: 2005 | M61: =2019-L61 -> 14 | N61: Islam | P61: - | R61: -
D62: 55 | E62: Silvia Maehatma | F62: Lainnya | G62: 0 | H62: P | I62: Belum kawin | K62: 39942 | L62: 2009 | M62: =2019-L62 -> 10 | N62: Islam | P62: - | R62: -
B63: 16 | C63: 520101 0712090058 | D63: 56 | E63: Ramli Ahmad | F63: KK | G63: 520101 2208840001 | H63: L | I63: Kawin | J63: DASAN GERES | K63: 30916 | L63: 1984 | M63: =2019-L63 -> 35 | N63: Islam | O63: Sasak | P63: SLTA/SEDERAJAT | R63: Wiraswasta
D64: 57 | E64: Nurhayati | F64: Istri | G64: 520101 4804850002 | H64: P | I64: Kawin | J64: BAGU - GERUNG | K64: 31145 | L64: 1985 | M64: =2019-L64 -> 34 | N64: Islam | O64: Sasak | P64: SLTA/SEDERAJAT | R64: Karyawan Honorer
D65: 58 | E65: Difa Salwa | F65: Anak | G65: 520101 6107070002 | H65: P | I65: Belum kawin | J65: DASAN GERES | K65: 39284 | L65: 2007 | M65: =2019-L65 -> 12 | N65: Islam | O65: Sasak | P65: BELUM TAMAT SD/SEDERAJAT | R65: Pelajar/Mahasiswa
D66: 59 | E66: Ahmad Ali Yaqta | F66: Anak | G66: 520101 1705150002 | H66: L | I66: Belum kawin | J66: DASAN GERES | K66: 42139 | L66: 2015 | M66: =2019-L66 -> 4 | N66: Islam | O66: Sasak | P66: TIDAK/BELUM SEKOLAH | R66: Belum/Tidak Bekerja
D67: 60 | E67: Rakmah | F67: Orang Tua | G67: 520101 7112640005 | H67: P | I67: Belum kawin | J67: DASAN GERES | K67: 23742 | L67: 1964 | M67: =2019-L67 -> 55 | N67: Islam | O67: Sasak | P67: TIDAK/BELUM SEKOLAH | R67: Belum/Tidak Bekerja
B68: 17 | C68: 520101 0407120004 | D68: 61 | E68: Khoirul Khafid | F68: KK | G68: 520101 1412860001 | H68: L | I68: Kawin | J68: Mojokerto | K68: 31760 | L68: 1986 | M68: =2019-L68 -> 33 | N68: Islam | O68: jawa | P68: SLTA/SEDERAJAT | R68: Wiraswasta
D69: 62 | E69: Yulianti Marlita | F69: Istri | G69: 520101 4312890001 | H69: P | I69: Kawin | J69: Dasan Tapen | K69: 32845 | L69: 1989 | M69: =2019-L69 -> 30 | N69: Islam | O69: Sasak | P69: SLTA/SEDERAJAT | R69: Wiraswasta
D70: 63 | E70: Chaerunisa Agustine | F70: Anak | G70: 520101 7008120002 | H70: P | I70: Belum kawin | J70: Gerung | K70: 41151 | L70: 2012 | M70: =2019-L70 -> 7 | N70: Islam | O70: Sasak | P70: TIDAK/BELUM SEKOLAH | R70: Belum/Tidak Bekerja
D71: 64 | E71: Nurhasanah | F71: Orang Tua | G71: 520101 5412690002 | H71: P | I71: Kawin | J71: Dasan Tapen | K71: 21898 | L71: 1959 | M71: =2019-L71 -> 60 | N71: Islam | O71: Sasak | P71: TAMAT SD/SEDERAJAT | R71: Mengurus Rumah Tangga
B72: 18 | D72: 65 | E72: Muliawan | F72: KK | G72: 520101 0211890001 | H72: L | I72: Kawin | K72: 32814 | L72: 1989 | M72: =2019-L72 -> 30 | N72: Islam | P72: SLTA/MA | R72: Wiraswasta
D73: 66 | E73: Nursumiati | F73: Istri | G73: 520101 4911880003 | H73: P | I73: Kawin | K73: 32456 | L73: 1988 | M73: =2019-L73 -> 31 | N73: Islam | P73: SLTA/MA | R73: Wiraswasta
D74: 67 | E74: Alicia Kartika Putri | F74: Anak | G74: 520101 4608100003 | H74: P | I74: Belum kawin | K74: 40396 | L74: 2010 | M74: =2019-L74 -> 9 | N74: Islam | P74: - | R74: -
D75: 68 | E75: Dina Islamiah | F75: Anak | G75: 520101 4112120002 | H75: P | I75: Belum kawin | K75: 41244 | L75: 2012 | M75: =2019-L75 -> 7 | N75: Islam | P75: - | R75: -
B76: 19 | D76: 69 | E76: Rauhiminah | F76: KK | G76: 520101 3112780205 | H76: P | I76: Janda | K76: 28855 | L76: 1978 | M76: =2019-L76 -> 41 | N76: Islam | P76: SLTA/MA | R76: Pekerja lepas
D77: 70 | E77: Sapriadi Bahtiar | F77: Anak | G77: 520101 2404040100 | H77: L | I77: Belum kawin | K77: 38101 | L77: 2004 | M77: =2019-L77 -> 15 | N77: Islam | P77: - | R77: -
D78: 71 | E78: Delviana Dilhawa | F78: Anak | G78: 520101 0961000000 | H78: P | I78: Belum kawin | K78: 40338 | L78: 2010 | M78: =2019-L78 -> 9 | N78: Islam | P78: - | R78: -
D79: 72 | E79: Ridha Utrujjah | F79: Anak | G79: 520101 2501120002 | H79: P | I79: Belum kawin | K79: 40933 | L79: 2012 | M79: =2019-L79 -> 7 | N79: Islam | P79: - | R79: -
B80: 20 | D80: 73 | E80: Haji Mansur | F80: KK | G80: 520101 2004010569 | H80: L | I80: Kawin | K80: 14976 | L80: 1940 | M80: =2019-L80 -> 79 | N80: Islam | P80: SD/MI | R80: Petani
D81: 74 | E81: Hajjah Amnah | F81: Istri | G81: 0 | H81: P | I81: Kawin | K81: 18628 | L81: 1950 | M81: =2019-L81 -> 69 | N81: Islam | P81: - | R81: Petani
B82: 21 | C82: 520101 0503083546 | D82: 75 | E82: H Musleh | F82: KK | G82: 520101 0308330001 | H82: L | I82: Kawin | J82: DASAN GERES BARAT | K82: 12269 | L82: 1933 | M82: =2019-L82 -> 86 | N82: Islam | O82: Sasak | P82: TAMAT SD/SEDERAJAT | R82: Buruh Tani/pekebun
D83: 76 | E83: Haeriah | F83: Istri | G83: 520101 4107310013 | H83: P | I83: Kawin | J83: DASAN TAPEN | K83: 11330 | L83: 1931 | M83: =2019-L83 -> 88 | N83: Islam | O83: Sasak | P83: TAMAT SD/SEDERAJAT | R83: Wiraswasta
D84: 77 | E84: Eka Suspartini | F84: Cucu | G84: 520101 4901990003 | H84: P | I84: Belum kawin | J84: DASAN GERES | K84: 36168 | L84: 1999 | M84: =2019-L84 -> 20 | N84: Islam | O84: Sasak | P84: SLTA/SEDERAJAT | R84: Pelajar/Mahasiswa
D85: 78 | E85: Dian Lailatin Sya’riah | F85: Cucu | G85: 520101 4811000001 | H85: P | I85: Belum kawin | J85: DASAN GERES BARAT | K85: 36838 | L85: 2000 | M85: =2019-L85 -> 19 | N85: Islam | O85: Sasak | P85: SLTA/SEDERAJAT | R85: Pelajar/Mahasiswa
B86: 22 | D86: 79 | E86: Muksin | F86: KK | G86: 520101 3112660067 | H86: L | I86: Kawin | K86: 24472 | L86: 1966 | M86: =2019-L86 -> 53 | N86: Islam | P86: PT/Akademi | R86: PNS/TNI/ POLRI
D87: 80 | E87: Kartini | F87: Istri | G87: 520101 6104720005 | H87: P | I87: Kawin | K87: 26410 | L87: 1972 | M87: =2019-L87 -> 47 | N87: Islam | P87: - | R87: -
D88: 81 | E88: Ahmad Hidayatullah | F88: Anak | G88: 520101 1812830000 | H88: L | I88: Belum kawin | K88: 34321 | L88: 1993 | M88: =2019-L88 -> 26 | N88: Islam | P88: SLTA/MA | R88: -
D89: 82 | E89: Amalia Restu Sasmita | F89: Anak | G89: 520101 4603990002 | H89: P | I89: Belum kawin | K89: 36225 | L89: 1999 | M89: =2019-L89 -> 20 | N89: Islam | P89: SLTP/MTSN | R89: -
D90: 83 | E90: Arif Rahman Hakim | F90: Anak | G90: 520101 0207060002 | H90: L | I90: Belum kawin | K90: 38910 | L90: 2006 | M90: =2019-L90 -> 13 | N90: Islam | P90: - | R90: -
B91: 23 | D91: 84 | E91: Muhammad Nur | F91: KK | G91: 520101 0405870001 | H91: L | I91: Kawin | K91: 31901 | L91: 1987 | M91: =2019-L91 -> 32 | N91: Islam | P91: SLTP/MTSN | R91: Wiraswasta
D92: 85 | E92: Nurulhidayah | F92: Istri | G92: 520101 3112800210 | H92: P | I92: Kawin | K92: 29586 | L92: 1980 | M92: =2019-L92 -> 39 | N92: Islam | P92: SLTP/MTSN | R92: Wiraswasta
B93: 24 | D93: 86 | E93: Tahar | F93: KK | G93: 520101 0107500170 | H93: L | I93: Kawin | K93: 18445 | L93: 1950 | M93: =2019-L93 -> 69 | N93: Islam | P93: - | R93: Pekerja lepas
D94: 87 | E94: Sakinah | F94: Istri | G94: 520101 4107580086 | H94: P | I94: Kawin | K94: 21367 | L94: 1958 | M94: =2019-L94 -> 61 | N94: Islam | P94: - | R94: Pekerja lepas
D95: 88 | E95: Siti Sapurah | F95: Anak | G95: 0 | H95: P | I95: Janda | K95: 28855 | L95: 1978 | M95: =2019-L95 -> 41 | N95: Islam | P95: SD/MI | R95: Pekerja lepas
D96: 89 | E96: Rizwan | F96: Anak | G96: 0 | H96: L | I96: Belum kawin | K96: 38717 | L96: 2005 | M96: =2019-L96 -> 14 | N96: Islam | P96: - | R96: -
B97: 25 | D97: 90 | E97: Mahmud Nuri S.Pd | F97: KK | G97: 520101 2810700003 | H97: L | I97: Kawin | K97: 25933 | L97: 1970 | M97: =2019-L97 -> 49 | N97: Islam | P97: PT/Akademi | R97: PNS/TNI/ POLRI
D98: 91 | E98: Sahnun | F98: Istri | G98: 520101 4107750161 | H98: P | I98: Kawin | K98: 27759 | L98: 1975 | M98: =2019-L98 -> 44 | N98: Islam | P98: SLTP/MTSN | R98: -
D99: 92 | E99: Elok Rahayu Saputri | F99: Anak | G99: 520101 6810470001 | H99: P | I99: Belum kawin | K99: 35731 | L99: 1997 | M99: =2019-L99 -> 22 | N99: Islam | P99: SLTP/MTSN | R99: -
D100: 93 | E100: Muhamad Adrian Hidayat | F100: Anak | G100: 520101 1103040001 | H100: L | I100: Belum kawin | K100: 38057 | L100: 2004 | M100: =2019-L100 -> 15 | N100: Islam | P100: - | R100: -
B101: 26 | D101: 94 | E101: Mustajab | F101: KK | G101: 520101 0107550083 | H101: L | I101: Kawin | K101: 20271 | L101: 1955 | M101: =2019-L101 -> 64 | N101: Islam | P101: SD/MI | R101: Pekerja lepas
...

Sheet RT 02
B1: DATA INDUK PENDUDUK KELURAHAN DASAN GERES
B2: TAHUN 2019
B3: LINGKUNGAN DASN GERES SELATAN
B4: RT 02
B5: No | C5: Nomor KK | D5: Jumlah Jiwa | E5: Nama Lengkap/ Panggilan | F5: Kedudukan dalam Keluarga | G5: NIK | H5: Jenis Kelamin (L/P) | I5: Status Perkawinan | J5: Lahir | M5: Usia | N5: Agama | O5: Etnis | P5: Pendidikan Terakhir | Q5: Jurusan | R5: Pekerjaan
J6: Tempat | K6: Tanggal | L6: tahun
B8: 1 | C8: 520101 0503083074 | D8: 1 | E8: Abdul Manan | F8: KK | G8: 520101 0107660016 | H8: L | I8: Kawin | J8: DASAN GERES BARAT | K8: 24289 | L8: 1966 | M8: =2019-L8 -> 53 | N8: Islam | O8: Sasak | P8: SLTA/SEDERAJAT | R8: Tukang Kayu
D9: 2 | E9: Siti Maryam | F9: Istri | G9: 520101 410690046 | H9: P | I9: Kawin | J9: DASAN GERES BARAT | K9: 25385 | L9: 1969 | M9: =2019-L9 -> 50 | N9: Islam | O9: Sasak | P9: TAMAT SD/SEDERAJAT | R9: Mengurus Rumah Tangga
D10: 3 | E10: Muhammad Wildan | F10: Anak | G10: 520101 2404890001 | H10: L | I10: Belum kawin | J10: DASAN GERES BARAT | K10: 32622 | L10: 1989 | M10: =2019-L10 -> 30 | N10: Islam | O10: Sasak | P10: SLTA/SEDERAJAT | R10: Wiraswasta
D11: 4 | E11: Laila Solatin | F11: Anak | G11: 520101 5212930002 | H11: P | I11: Janda | K11: 34315 | L11: 1993 | M11: =2019-L11 -> 26 | N11: Islam | P11: SLTA/MA | R11: -
D12: 5 | E12: M Fathir Galih Assyidiq | F12: Lainnya | G12: 520108 0804130000 | H12: L | I12: Belum kawin | K12: 41372 | L12: 2013 | M12: =2019-L12 -> 6 | N12: Islam | P12: - | R12: -
B13: 2 | D13: 6 | E13: Mariadi Muslim | F13: KK | G13: 520101 2105840003 | H13: L | I13: Kawin | K13: 30823 | L13: 1984 | M13: =2019-L13 -> 35 | N13: Islam | P13: SLTA/MA | R13: Pekerja lepas
D14: 7 | E14: Nurul Hidayah | F14: Istri | G14: 0 | H14: P | I14: Kawin | K14: 29351 | L14: 1980 | M14: =2019-L14 -> 39 | N14: Islam | P14: SLTA/MA | R14: -
D15: 8 | E15: Adinda Maharani | F15: Anak | G15: 0 | H15: P | I15: Belum kawin | K15: 40050 | L15: 2009 | M15: =2019-L15 -> 10 | N15: Islam | P15: - | R15: -
B16: 3 | C16: 520101 0503082456 | D16: 9 | E16: Muhidin | F16: KK | G16: 520101 0107650231 | H16: L | I16: Kawin | J16: DASAN GERES | K16: 23743 | L16: 1965 | M16: =2019-L16 -> 54 | N16: Islam | O16: Sasak | P16: TAMAT SD/SEDERAJAT | R16: Petani / Pekebun
D17: 10 | E17: Sahni | F17: Istri | G17: 520101 5101710001 | H17: P | I17: Kawin | J17: GERUNG | K17: 25944 | L17: 1971 | M17: =2019-L17 -> 48 | N17: Islam | O17: Sasak | P17: TAMAT SD/SEDERAJAT | R17: Mengurus Rumah Tangga
D18: 11 | E18: Suryaningsih | F18: Anak | G18: 520101 5010971001 | H18: P | I18: Belum kawin | J18: DASAN GERES | K18: 35713 | L18: 1997 | M18: =2019-L18 -> 22 | N18: Islam | O18: Sasak | P18: SLTA/SEDERAJAT | R18: Belum / Tidak Bekerja
D19: 12 | E19: Fitri Rahmawati | F19: Anak | G19: 520101 5106030001 | H19: P | I19: Belum kawin | J19: DASAN GERES | K19: 37783 | L19: 2003 | M19: =2019-L19 -> 16 | N19: Islam | O19: Sasak | P19: SLTP/SEDERAJAT | R19: Belum / Tidak Bekerja
B20: 4 | C20: 520101 2705111239 | D20: 13 | E20: M. Sadli | F20: KK | G20: 520101 0101650002 | H20: L | I20: Kawin | J20: DASAN GERES SELATAN | K20: 23743 | L20: 1965 | M20: =2019-L20 -> 54 | N20: Islam | O20: Sasak | P20: SLTA/SEDERAJAT | R20: Wiraswasta
D21: 14 | E21: Patmah | F21: Istri | G21: 520101 4107600419 | H21: P | I21: Kawin | J21: DASAN GERES SELATAN | K21: 22098 | L21: 1960 | M21: =2019-L21 -> 59 | N21: Islam | O21: Sasak | P21: TIDAK/BELUM SEKOLAH | R21: Mengurus Rumah Tangga
D22: 15 | E22: Zainudin Ihsan | F22: Anak | G22: 520101 0107980367 | H22: L | I22: Belum kawin | J22: DASAN GERES | K22: 34651 | L22: 1994 | M22: =2019-L22 -> 25 | N22: Islam | O22: Sasak | P22: SLTA/SEDERAJAT | R22: Belum / Tidak Bekerja
D23: 16 | E23: Khairul Rizal | F23: Anak | G23: 520101 5310120004 | H23: L | I23: Belum kawin | J23: GERUNG | K23: 41195 | L23: 2012 | M23: =2019-L23 -> 7 | N23: Islam | O23: Sasak | P23: TIDAK/BELUM SEKOLAH | R23: Belum / Tidak Bekerja
B24: 5 | D24: 17 | E24: Muhamad Taufik | F24: KK | G24: 520101 0503830003 | H24: L | I24: Kawin | K24: 30380 | L24: 1983 | M24: =2019-L24 -> 36 | N24: Islam | P24: SLTA/MA | R24: Wiraswasta
D25: 18 | E25: Sabariah | F25: Istri | G25: 520101 5203840005 | H25: P | I25: Kawin | K25: 30753 | L25: 1984 | M25: =2019-L25 -> 35 | N25: Islam | P25: SD/MI | R25: -
D26: 19 | E26: Firman Aditya Ramdhan | F26: Anak | G26: 520101 1008090002 | H26: L | I26: Belum kawin | K26: 40035 | L26: 2009 | M26: =2019-L26 -> 10 | N26: Islam | P26: - | R26: -
D27: 20 | E27: Agil Abdul Khaliq | F27: Anak | G27: 520101 3003120002 | H27: L | I27: Belum kawin | K27: 40998 | L27: 2012 | M27: =2019-L27 -> 7 | N27: Islam | P27: - | R27: -
B28: 6 | D28: 21 | E28: Ahmad Rumi Shadiqin | F28: KK | G28: 520101 1401840002 | H28: L | I28: Kawin | K28: 30695 | L28: 1984 | M28: =2019-L28 -> 35 | N28: Islam | P28: PT/Akademi | R28: Wiraswasta
D29: 22 | E29: Emi Surya Teti S.Pd | F29: Istri | G29: 520101 5404860006 | H29: P | I29: Kawin | K29: 31526 | L29: 1986 | M29: =2019-L29 -> 33 | N29: Islam | P29: PT/Akademi | R29: Wiraswasta
D30: 23 | E30: Roha Emilia Qatrunnada | F30: Anak | G30: 520101 4607110003 | H30: P | K30: 40730 | L30: 2011 | M30: =2019-L30 -> 8 | N30: Islam | P30: - | R30: -
B31: 7 | D31: 24 | E31: Munisah | F31: KK | G31: 520101 8506750002 | H31: P | I31: Janda | K31: 27570 | L31: 1975 | M31: =2019-L31 -> 44 | N31: Islam | P31: - | R31: Pekerja lepas
D32: 25 | E32: Laili Zarwati | F32: Anak | G32: 520101 7108990002 | H32: P | I32: Belum kawin | K32: 36403 | L32: 1999 | M32: =2019-L32 -> 20 | N32: Islam | P32: SLTP/MTSN | R32: -
B33: 8 | C33: 520101 2705111793 | D33: 26 | E33: Herjan | F33: KK | G33: 520101 0107700567 | H33: L | I33: Kawin | J33: DASAN GERES SELATAN | K33: 25750 | L33: 1970 | M33: =2019-L33 -> 49 | N33: Islam | O33: Sasak | P33: TAMAT SD/SEDERAJAT | R33: Tukang Kayu
D34: 27 | E34: Rudiah | F34: Istri | G34: 520101 4107750586 | H34: P | I34: Kawin | J34: DASAN GERES SELATAN | K34: 27576 | L34: 1975 | M34: =2019-L34 -> 44 | N34: Islam | O34: Sasak | P34: TAMAT SD/SEDERAJAT | R34: Mengurus Rumah Tangga
D35: 28 | E35: Muhamat Roni | F35: Anak | G35: 520101 1005990002 | H35: L | I35: Belum kawin | J35: DASAN GERES | K35: 35700 | L35: 1997 | M35: =2019-L35 -> 22 | N35: Islam | O35: Sasak | P35: SLTA/SEDERAJAT | R35: Pelajar/Mahasiswa
D36: 29 | E36: Aniza Amylia | F36: Anak | G36: 520101 6505130002 | H36: P | I36: Belum kawin | J36: DASAN GERES | K36: 41419 | L36: 2013 | M36: =2019-L36 -> 6 | N36: Islam | O36: Sasak | P36: TIDAK/BELUM SEKOLAH | R36: Belum / Tidak Bekerja
B37: 9 | D37: 30 | E37: Muhammad Fadli | F37: KK | G37: 520101 0312810002 | H37: L | I37: Kawin | K37: 29923 | L37: 1981 | M37: =2019-L37 -> 38 | N37: Islam | P37: SD/MI | R37: Wiraswasta
D38: 31 | E38: Sabenah | F38: Istri | G38: 520101 7112830125 | H38: P | I38: Kawin | K38: 30681 | L38: 1983 | M38: =2019-L38 -> 36 | N38: Islam | P38: SD/MI | R38: Wiraswasta
D39: 32 | E39: Muhamad Fikri | F39: Anak | G39: 520101 1505050001 | H39: L | I39: Belum kawin | K39: 38487 | L39: 2005 | M39: =2019-L39 -> 14 | N39: Islam | P39: - | R39: -
D40: 33 | E40: Lily Aprianti | F40: Anak | G40: 520101 4104120001 | H40: P | I40: Belum kawin | K40: 41006 | L40: 2012 | M40: =2019-L40 -> 7 | N40: Islam | P40: - | R40: -
B41: 10 | D41: 34 | E41: Nusimah | F41: KK | G41: 0 | H41: P | I41: Janda | K41: 18628 | L41: 1950 | M41: =2019-L41 -> 69 | N41: Islam | P41: - | R41: -
D42: 35 | E42: Sapri | F42: Anak | G42: 0 | H42: L | I42: Belum kawin | K42: 33603 | L42: 1991 | M42: =2019-L42 -> 28 | N42: Islam | P42: SD/MI | R42: Pekerja lepas
B43: 11 | D43: 36 | E43: Junaidi | F43: KK | G43: 520101 3112840050 | H43: L | I43: Kawin | K43: 31047 | L43: 1984 | M43: =2019-L43 -> 35 | N43: Islam | P43: SLTP/MTSN | R43: Wiraswasta
D44: 37 | E44: Muslimah | F44: Istri | G44: 520102 7112870150 | H44: P | I44: Kawin | K44: 32142 | L44: 1987 | M44: =2019-L44 -> 32 | N44: Islam | P44: SD/MI | R44: Pekerja lepas
D45: 38 | E45: Muhammad Jaya Efendi | F45: Anak | G45: 520101 2603140001 | H45: L | I45: Belum kawin | K45: 41724 | L45: 2014 | M45: =2019-L45 -> 5 | N45: Islam | P45: - | R45: -
B46: 12 | D46: 39 | E46: Saimah | F46: KK | G46: 0 | H46: P | I46: Belum kawin | K46: 16802 | L46: 1945 | M46: =2019-L46 -> 74 | N46: Islam | P46: - | R46: -
B47: 13 | D47: 40 | E47: Amenah | F47: KK | G47: 0 | H47: P | I47: Janda | K47: 13149 | L47: 1935 | M47: =2019-L47 -> 84 | N47: Islam | P47: - | R47: -
B48: 14 | C48: 520101 0503083654 | D48: 41 | E48: Redwan | F48: KK | G48: 520101 0107590118 | H48: L | I48: Kawin | J48: DASAN GERES BARAT | K48: 21732 | L48: 1959 | M48: =2019-L48 -> 60 | N48: Islam | O48: Sasak | P48: SLTP/SEDERAJAT | R48: Tukang Kayu
D49: 42 | E49: Marhamah | F49: Istri | G49: 520101 4107670786 | H49: P | I49: Kawin | J49: DASAN GERES BARAT | K49: 24676 | L49: 1967 | M49: =2019-L49 -> 52 | N49: Islam | O49: Sasak | P49: SLTA/SEDERAJAT | R49: Wiraswasta
D50: 43 | E50: Saefullah | F50: Anak | G50: 520101 4107900053 | H50: L | I50: Belum kawin | J50: DASAN GERES BARAT | K50: 33140 | L50: 1990 | M50: =2019-L50 -> 29 | N50: Islam | O50: Sasak | P50: SLTA/SEDERAJAT | R50: Wiraswasta
D51: 44 | E51: Yusup Patahullah | F51: Anak | G51: 520101 2309951001 | H51: L | I51: Belum kawin | J51: DASAN GERES BARAT | K51: 34966 | L51: 1995 | M51: =2019-L51 -> 24 | N51: Islam | O51: Sasak | P51: SLTA/SEDERAJAT | R51: Mekanik
D52: 45 | E52: Muhammad Yunus Safoan Hadi | F52: Anak | G52: 520101 2310960001 | H52: L | I52: Belum kawin | J52: DASAN GERES | K52: 35361 | L52: 1996 | M52: =2019-L52 -> 23 | N52: Islam | O52: Sasak | P52: SLTA/SEDERAJAT | R52: Pelajar/Mahasiswa
D53: 46 | E53: Mardi Idris | F53: Anak | G53: 520101 2312990001 | H53: L | I53: Belum kawin | J53: DASAN GERES BARAT | K53: 36517 | L53: 1999 | M53: =2019-L53 -> 20 | N53: Islam | O53: Sasak | P53: SLTA/SEDERAJAT | R53: Pelajar/Mahasiswa
D54: 47 | E54: Nuraini | F54: Anak | G54: 520101 6109010001 | H54: P | I54: Belum kawin | J54: DASAN GERES | K54: 37155 | L54: 2001 | M54: =2019-L54 -> 18 | N54: Islam | O54: Sasak | P54: SLTP/SEDERAJAT | R54: Pelajar/Mahasiswa
B55: 15 | D55: 48 | E55: Saminah | F55: KK | G55: 520101 7112380002 | H55: P | I55: Janda | K55: 14245 | L55: 1938 | M55: =2019-L55 -> 81 | N55: Islam | P55: - | R55: -
B56: 16 | D56: 49 | E56: Sahdan | F56: KK | G56: 520101 3112750074 | H56: L | I56: Belum kawin | K56: 27759 | L56: 1975 | M56: =2019-L56 -> 44 | N56: Islam | P56: SD/MI | R56: Wiraswasta
D57: 50 | E57: Sarmah | F57: Lainnya | G57: 520101 7112390004 | H57: P | I57: Janda | K57: 14610 | L57: 1939 | M57: =2019-L57 -> 80 | N57: Islam | P57: - | R57: Pekerja lepas
D58: 51 | E58: Kamarudin | F58: Lainnya | G58: 520101 3112770034 | H58: L | I58: Duda | K58: 28490 | L58: 1977 | M58: =2019-L58 -> 42 | N58: Islam | P58: - | R58: Wiraswasta
D59: 52 | E59: Sahabudin | F59: Lainnya | G59: 520101 0509880001 | H59: L | I59: Belum kawin | K59: 32391 | L59: 1988 | M59: =2019-L59 -> 31 | N59: Islam | P59: PT/Akademi | R59: Pegawai swasta
B60: 17 | C60: 520101 0503084198 | D60: 53 | E60: Sahnun | F60: KK | G60: 520101 0107650210 | H60: L | I60: Kawin | J60: DASAN GERES BARAT | K60: 23924 | L60: 1965 | M60: =2019-L60 -> 54 | N60: Islam | O60: Sasak | P60: TAMAT SD/SEDERAJAT | R60: Buruh Tani / Perkebunan
D61: 54 | E61: Salmah | F61: Istri | G61: 520101 4107680314 | H61: P | I61: Kawin | J61: DASAN GERES BARAT | K61: 25020 | L61: 1968 | M61: =2019-L61 -> 51 | N61: Islam | O61: Sasak | P61: TAMAT SD/SEDERAJAT | R61: Mengurus Rumah Tangga
D62: 55 | E62: Minah | F62: Lainnya | G62: 520101 7112390013 | H62: P | I62: Cerai Mati | J62: DASAN GERES | K62: 14610 | L62: 1939 | M62: =2019-L62 -> 80 | N62: Islam | O62: Sasak | P62: TIDAK/BELUM SEKOLAH | R62: Belum / Tidak Bekerja
B63: 18 | D63: 56 | E63: Saparudin | F63: KK | G63: 520101 0107600444 | H63: L | I63: Kawin | K63: 22098 | L63: 1960 | M63: =2019-L63 -> 59 | N63: Islam | P63: - | R63: Pekerja lepas
D64: 57 | E64: Almiati | F64: Istri | G64: 520101 4107720284 | H64: P | I64: Kawin | K64: 26481 | L64: 1972 | M64: =2019-L64 -> 47 | N64: Islam | P64: SD/MI | R64: Pekerja lepas
B65: 19 | C65: 520101 2705110416 | D65: 58 | E65: Suparlan | F65: KK | G65: 520101 1305850002 | H65: L | I65: Kawin | J65: DASAN GERES SELATAN | K65: 31180 | L65: 1985 | M65: =2019-L65 -> 34 | N65: Islam | P65: TAMAT SD/SEDERAJAT | R65: Buruh Harian Lepas
D66: 59 | E66: Nurhayati | F66: Istri | G66: 520101 5408840003 | H66: P | I66: Kawin | J66: DASAN GERES SELATAN | K66: 30908 | L66: 1984 | M66: =2019-L66 -> 35 | N66: Islam | P66: TAMAT SD/SEDERAJAT | R66: Mengurus Rumah Tangga
D67: 60 | E67: Fahrezi | F67: Anak | G67: 520101 1106030002 | H67: L | I67: Belum kawin | J67: DASAN GERES SELATAN | K67: 37783 | L67: 2003 | M67: =2019-L67 -> 16 | N67: Islam | P67: BELUM TAMAT SD/SEDERAJAT | R67: Pelajar/Mahasiswa
D68: 61 | E68: Melani Dwi Zaskia | F68: Anak | G68: 520101 5603140001 | H68: P | I68: Belum kawin | J68: DASAN GERES SELATAN | K68: 41714 | L68: 2014 | M68: =2019-L68 -> 5 | N68: Islam | P68: TIDAK/BELUM SEKOLAH | R68: Belum/Tidak Bekerja
B69: 20 | D69: 62 | E69: Sapoan | F69: KK | G69: 520101 1303680001 | H69: L | I69: Kawin | K69: 24910 | L69: 1968 | M69: =2019-L69 -> 51 | N69: Islam | P69: SLTA/MA | R69: Wiraswasta
D70: 63 | E70: Isnaenah | F70: Istri | G70: 520101 5902720002 | H70: P | I70: Kawin | K70: 26348 | L70: 1972 | M70: =2019-L70 -> 47 | N70: Islam | P70: SD/MI | R70: Pedagang
D71: 64 | E71: Sri Pariati | F71: Anak | G71: 520101 7012950001 | H71: P | I71: Belum kawin | K71: 35063 | L71: 1995 | M71: =2019-L71 -> 24 | N71: Islam | P71: SLTA/MA | R71: -
B72: 21 | D72: 65 | E72: Haji Wahid Abdullah | F72: KK | G72: 520101 0107420166 | H72: L | I72: Kawin | K72: 15523 | L72: 1942 | M72: =2019-L72 -> 77 | N72: Islam | P72: SD/MI | R72: Pekerja lepas
D73: 66 | E73: Rukiah | F73: Istri | G73: 0 | H73: P | I73: Kawin | K73: 14976 | L73: 1940 | M73: =2019-L73 -> 79 | N73: Islam | P73: SD/MI | R73: -
B74: 22 | C74: 520101 0503083127 | D74: 67 | E74: H. Abdul Hamid | F74: KK | G74: 520101 0107730240 | H74: L | I74: Kawin | J74: DASAN GERES BARAT | K74: 26846 | L74: 1973 | M74: =2019-L74 -> 46 | N74: Islam | O74: Sasak | P74: SLTP/SEDERAJAT | R74: Buruh Tani / Perkebunan
D75: 68 | E75: Raisah | F75: Istri | G75: 520101 4808700001 | H75: P | I75: Kawin | J75: DASAN GERES TENGAH | K75: 25788 | L75: 1970 | M75: =2019-L75 -> 49 | N75: Islam | O75: Sasak | P75: SLTP/SEDERAJAT | R75: Buruh Tani / Perkebunan
D76: 69 | E76: M. Ibrahim Halillah | F76: Anak | G76: 520101 0107990172 | H76: L | I76: Belum kawin | J76: DASAN GERES SELATAN | K76: 36285 | L76: 1999 | M76: =2019-L76 -> 20 | N76: Islam | O76: Sasak | P76: SLTA/SEDERAJAT | R76: Pelajar/Mahasiswa
D77: 70 | E77: Nurul Hamidah | F77: Anak | G77: 520101 4207020001 | H77: P | I77: Belum kawin | J77: DASAN GERES SELATAN | K77: 36702 | L77: 2000 | M77: =2019-L77 -> 19 | N77: Islam | O77: Sasak | P77: TAMAT SD/SEDERAJAT | R77: Pelajar/Mahasiswa
D78: 71 | E78: Samsul Aripin | F78: Anak | G78: 520101 2312090003 | H78: L | I78: Belum kawin | J78: DASAN GERES SELATAN | K78: 40170 | L78: 2009 | M78: =2019-L78 -> 10 | N78: Islam | O78: Sasak | P78: TIDAK/BELUM SEKOLAH | R78: Belum/Tidak Bekerja
D79: 72 | E79: Erlina Zulaeka Hamid | F79: Anak | G79: 520101 4806120006 | H79: P | I79: Belum kawin | J79: DASAN GERES SELATAN | K79: 41068 | L79: 2012 | M79: =2019-L79 -> 7 | N79: Islam | O79: Sasak | P79: TIDAK/BELUM SEKOLAH | R79: Belum/Tidak Bekerja
B80: 23 | C80: 520101 2211110026 | D80: 73 | E80: Munasah | F80: KK | G80: 520101 1012750004 | H80: L | I80: Kawin | J80: DASAN GERES | K80: 27738 | L80: 1975 | M80: =2019-L80 -> 44 | N80: Islam | O80: Sasak | P80: TAMAT SD/SEDERAJAT | R80: Petani / Pekebun
D81: 74 | E81: Saonah | F81: Istri | G81: 520101 7112780111 | H81: P | I81: Kawin | J81: DASAN GERES | K81: 28855 | L81: 1978 | M81: =2019-L81 -> 41 | N81: Islam | O81: Sasak | P81: TAMAT SD/SEDERAJAT | R81: Petani / Pekebun
D82: 75 | E82: Wulandari | F82: Anak | G82: 520101 4705080003 | H82: P | I82: Belum kawin | J82: DASAN GERES | K82: 39575 | L82: 2008 | M82: =2019-L82 -> 11 | N82: Islam | O82: Sasak | P82: BELUM TAMAT SD/SEDERAJAT | R82: Pelajar/Mahasiswa
D83: 76 | E83: Yusril | F83: Anak | G83: 520101 1008060003 | H83: L | I83: Belum kawin | J83: DASAN GERES SELATAN | K83: 38939 | L83: 2006 | M83: =2019-L83 -> 13 | N83: Islam | O83: Sasak | P83: BELUM TAMAT SD/SEDERAJAT | R83: Pelajar/Mahasiswa
B84: 24 | C84: 520101 0302160004 | D84: 77 | E84: Sapiah | F84: KK | G84: 520101 4107550118 | H84: P | I84: Cerai Hidup | J84: DASAN GERES BARAT | K84: 20271 | L84: 1955 | M84: =2019-L84 -> 64 | N84: Islam | O84: Sasak | P84: TAMAT SD/SEDERAJAT | R84: Buruh Harian Lepas
D85: 78 | E85: Muhammad Surya Ramdan | F85: Famili Lain | G85: 520101 0101990002 | H85: L | I85: Belum kawin | J85: DASAN GERES BARAT | K85: 36161 | L85: 1999 | M85: =2019-L85 -> 20 | N85: Islam | O85: Sasak | P85: TAMAT SD/SEDERAJAT | R85: Belum / Tidak Bekerja
B86: 25 | C86: 520101 2601110018 | D86: 79 | E86: Rudiah | F86: KK | G86: 520101 7112700078 | H86: P | I86: Janda | J86: DASAN GERES | K86: 25933 | L86: 1970 | M86: =2019-L86 -> 49 | N86: Islam | O86: Sasak | P86: TAMAT SD/SEDERAJAT | R86: Petani / Pekebun
D87: 80 | E87: Muhammad Rusli | F87: Anak | G87: 520101 1002900003 | H87: L | I87: Belum kawin | J87: DASAN GERES | K87: 32914 | L87: 1990 | M87: =2019-L87 -> 29 | N87: Islam | O87: Sasak | P87: TAMAT SD/SEDERAJAT | R87: Petani / Pekebun
B88: 26 | C88: 520101 0302141014 | D88: 81 | E88: Mugni | F88: KK | G88: 520101 0607721001 | H88: L | I88: Kawin | J88: SIUNG | K88: 26486 | L88: 1972 | M88: =2019-L88 -> 47 | N88: Islam | O88: Sasak | P88: TAMAT SD/SEDERAJAT | R88: Karyawan Swasta
D89: 82 | E89: Waki'ah | F89: Istri | G89: 520101 4107740182 | H89: P | I89: Kawin | J89: DASAN GERES BARAT | K89: 27211 | L89: 1974 | M89: =2019-L89 -> 45 | N89: Islam | O89: Sasak | P89: SLTP/SEDERAJAT | R89: Mengurus Rumah Tangga
D90: 83 | E90: Yuliana | F90: Anak | G90: 520101 6008950001 | H90: P | I90: Belum kawin | J90: DASAN GERES BARAT | K90: 34931 | L90: 1995 | M90: =2019-L90 -> 24 | N90: Islam | O90: Sasak | P90: SLTA/SEDERAJAT | R90: Pelajar/Mahasiswa
D91: 84 | E91: Muhamad Yusup | F91: Anak | G91: 520101 2506990002 | H91: L | I91: Belum kawin | J91: DASAN GERES BARAT | K91: 36336 | L91: 1999 | M91: =2019-L91 -> 20 | N91: Islam | O91: Sasak | P91: SLTP/SEDERAJAT | R91: Pelajar/Mahasiswa
D92: 85 | E92: Muhamad Fauzi | F92: Anak | G92: 520101 1701030001 | H92: L | I92: Belum kawin | J92: DASAN GERES BARAT | K92: 37638 | L92: 2003 | M92: =2019-L92 -> 16 | N92: Islam | O92: Sasak | P92: TIDAK/BELUM SEKOLAH | R92: Belum / Tidak Bekerja
D93: 86 | E93: DzakIra Talita Zahra | F93: Anak | G93: 520101 6311131001 | H93: P | I93: Belum kawin | J93: DASAN GERES BARAT | K93: 41601 | L93: 2013 | M93: =2019-L93 -> 6 | N93: Islam | O93: Sasak | P93: TIDAK/BELUM SEKOLAH | R93: Belum / Tidak Bekerja
B94: 27 | D94: 87 | E94: Muhadi | F94: KK | G94: 0 | H94: L | I94: Kawin | K94: 27029 | L94: 1973 | M94: =2019-L94 -> 46 | N94: Islam | P94: - | R94: Pekerja lepas
D95: 88 | E95: Sapnah | F95: Istri | G95: 0 | H95: P | I95: Kawin | K95: 31777 | L95: 1986 | M95: =2019-L95 -> 33 | N95: Islam | P95: SD/MI | R95: Pekerja lepas
D96: 89 | E96: Sapitri Mustika Sari | F96: Anak | G96: 0 | H96: P | I96: Belum kawin | K96: 37946 | L96: 2003 | M96: =2019-L96 -> 16 | N96: Islam | P96: - | R96: -
B97: 28 | C97: 520101 2705111587 | D97: 90 | E97: Muhasan | F97: KK | G97: 520101 0107700605 | H97: L | I97: Kawin | J97: DASAN GERES | K97: 25750 | L97: 1970 | M97: =2019-L97 -> 49 | N97: Islam | O97: Sasak | P97: SLTP/SEDERAJAT | R97: Wiraswata
D98: 91 | E98: Masriah | F98: Istri | G98: 520101 4107800676 | H98: P | I98: Kawin | J98: DASAN GERES | K98: 29403 | L98: 1980 | M98: =2019-L98 -> 39 | N98: Islam | O98: Sasak | P98: SLTP/SEDERAJAT | R98: Mengurus Rumah Tangga
D99: 92 | E99: Sandika Pranata | F99: Anak | G99: 520101 0308020002 | H99: L | I99: Belum kawin | J99: DASAN GERES | K99: 37471 | L99: 2002 | M99: =2019-L99 -> 17 | N99: Islam | O99: Sasak | P99: BELUM TAMAT SD/SEDERAJAT | R99: Pelajar/Mahasiswa
D100: 93 | E100: Hendrika Pramudia | F100: Anak | G100: 520101 0306070002 | H100: L | I100: Belum kawin | J100: DASAN GERES | K100: 39236 | L100: 2007 | M100: =2019-L100 -> 12 | N100: Islam | O100: Sasak | P100: TIDAK/BELUM SEKOLAH | R100: Belum/Tidak Bekerja
B101: 29 | D101: 94 | E101: Maliki | F101: KK | G101: 520101 3112850085 | H101: L | I101: Kawin | K101: 31412 | L101: 1985 | M101: =2019-L101 -> 34 | N101: Islam | P101: SLTA/MA | R101: Pekerja lepas
...

Sheet RT 03
B1: DATA INDUK PENDUDUK KELURAHAN DASAN GERES
B2: TAHUN 2019
B3: LINGKUNGAN DASN GERES SELATAN
B4: RT 03
B5: No | C5: Nomor KK | D5: Jumlah Jiwa | E5: Nama Lengkap/ Panggilan | F5: Kedudukan dalam Keluarga | G5: NIK | H5: Jenis Kelamin (L/P) | I5: Status Perkawinan | J5: Lahir | M5: Usia | N5: Agama | O5: Etnis | P5: Pendidikan Terakhir | Q5: Jurusan | R5: Pekerjaan
J6: Tempat | K6: Tanggal | L6: tahun
B8: 1 | D8: 1 | E8: Saimah | F8: KK | H8: P | I8: Janda | K8: 11323 | L8: 1930 | M8: =2019-L8 -> 89 | N8: Islam | P8: - | R8: -
B9: 2 | D9: 2 | E9: Samsul Hadi | F9: KK | G9: 520101 2204790001 | H9: L | I9: Kawin | K9: 28967 | L9: 1979 | M9: =2019-L9 -> 40 | N9: Islam | P9: PT/Akademi | R9: Wiraswasta
D10: 3 | E10: Mutamainah | F10: Istri | G10: 520101 5610790001 | H10: P | I10: Kawin | K10: 29144 | L10: 1979 | M10: =2019-L10 -> 40 | N10: Islam | P10: - | R10: -
D11: 4 | E11: Muhammad Zikrullah Hadi | F11: Anak | G11: 520101 1612070002 | H11: L | I11: Belum kawin | K11: 39432 | L11: 2007 | M11: =2019-L11 -> 12 | N11: Islam | P11: - | R11: -
D12: 5 | E12: Nindita Fitriana Hadi | F12: Anak | G12: 520101 5308110001 | H12: P | I12: Belum kawin | K12: 37383 | L12: 2002 | M12: =2019-L12 -> 17 | N12: Islam | P12: - | R12: -
D13: 6 | E13: Majidah | F13: Anak | G13: 520101 2402040001 | H13: P | I13: Belum kawin | K13: 38041 | L13: 2004 | M13: =2019-L13 -> 15 | N13: Islam | P13: - | R13: -
B14: 3 | C14: 520101 1008090020 | D14: 7 | E14: Haris Darmawan | F14: KK | G14: 520101 3112680003 | H14: L | I14: Kawin | J14: DASAN GERES | K14: 25203 | L14: 1968 | M14: =2019-L14 -> 51 | N14: Islam | O14: Sasak | P14: TIDAK/BELUM SEKOLAH | R14: Wiraswasta
D15: 8 | E15: Mauizah | F15: Istri | G15: 520101 4404840001 | H15: P | I15: Kawin | J15: CAKRANEGARA | K15: 30786 | L15: 1984 | M15: =2019-L15 -> 35 | N15: Islam | O15: Sasak | P15: SLTP/SEDERAJAT | R15: Wiraswasta
D16: 9 | E16: Vina Nabila Khaerina | F16: Anak | G16: 520101 5510030001 | H16: P | I16: Belum kawin | J16: DASAN GERES | K16: 37909 | L16: 2003 | M16: =2019-L16 -> 16 | N16: Islam | O16: Sasak | P16: TIDAK/BELUM SEKOLAH | R16: Belum/Tidak Bekerja
D17: 10 | E17: Atatia Jaunuarti | F17: Anak | G17: 520101 4801090001 | H17: P | I17: Belum kawin | J17: DASAN GERES | K17: 39821 | L17: 2009 | M17: =2019-L17 -> 10 | N17: Islam | O17: Sasak | P17: TIDAK/BELUM SEKOLAH | R17: Belum/Tidak Bekerja
B18: 4 | D18: 11 | E18: Abdur Rahman | F18: KK | H18: L | I18: Belum kawin | K18: 28490 | L18: 1977 | M18: =2019-L18 -> 42 | N18: Islam | P18: - | R18: Pekerja lepas
D19: 12 | E19: Faozan Hadi | F19: Lain-lain | G19: 520101 0107430301 | H19: L | I19: Belum kawin | K19: 34842 | L19: 1995 | M19: =2019-L19 -> 24 | N19: Islam | P19: SLTA/MA | R19: -
B20: 5 | D20: 13 | E20: Haji Abdus Satar | F20: KK | G20: 520101 3112450043 | H20: L | I20: Kawin | K20: 16802 | L20: 1945 | M20: =2019-L20 -> 74 | N20: Islam | P20: SD/MI | R20: Petani
D21: 14 | E21: Hajjah Maliah | F21: Istri | G21: 520101 4407500045 | H21: P | I21: Kawin | K21: 18445 | L21: 1950 | M21: =2019-L21 -> 69 | N21: Islam | P21: SD/MI | R21: Petani
B22: 6 | D22: 15 | E22: Haji Muhammad Hersan | F22: KK | G22: 520101 1109760001 | H22: L | I22: Kawin | K22: 28014 | L22: 1976 | M22: =2019-L22 -> 43 | N22: Islam | P22: SLTA/MA | R22: Wiraswasta
D23: 16 | E23: Muliana | F23: Istri | G23: 520101 6408770001 | H23: P | I23: Kawin | K23: 28361 | L23: 1977 | M23: =2019-L23 -> 42 | N23: Islam | P23: SLTA/MA | R23: Pedagang
D24: 17 | E24: Nurul Izzati | F24: Anak | G24: 520101 6904990001 | H24: p | I24: Belum kawin | K24: 36279 | L24: 1999 | M24: =2019-L24 -> 20 | N24: Islam | P24: SLTP/MTSN | R24: -
D25: 18 | E25: Muhammad Febrian Haikal | F25: Anak | G25: 520101 2402040003 | H25: L | I25: Belum kawin | K25: 38041 | L25: 2004 | M25: =2019-L25 -> 15 | N25: Islam | P25: - | R25: -
D26: 19 | E26: Fathin Kamelia | F26: Anak | G26: 520101 6409120003 | H26: P | I26: Belum kawin | K26: 41176 | L26: 2012 | M26: =2019-L26 -> 7 | N26: Islam | P26: - | R26: -
D27: 20 | E27: Alwiyah | F27: Lain-lain | G27: 520101 4107650010 | H27: P | I27: Kawin | K27: 23924 | L27: 1965 | M27: =2019-L27 -> 54 | N27: Islam | P27: - | R27: Pedagang
B28: 7 | C28: 520101 0503083167 | D28: 21 | E28: Muhamad Lailan | F28: KK | G28: 520101 0107790191 | H28: L | I28: Kawin | J28: DASAN GERES BARAT | K28: 29009 | L28: 1979 | M28: =2019-L28 -> 40 | N28: Islam | O28: Sasak | P28: SLTA/SEDERAJAT | R28: Karyawan Swasta
D29: 22 | E29: Muniah | F29: Istri | G29: 520101 4107830205 | H29: P | I29: Kawin | J29: DASAN GERES BARAT | K29: 30681 | L29: 1983 | M29: =2019-L29 -> 36 | N29: Islam | O29: Sasak | P29: SLTA/SEDERAJAT | R29: Mengurus Rumah Tangga
D30: 23 | E30: Muhamad Azril Hidayat | F30: Anak | G30: 520101 0801050004 | H30: L | I30: Belum kawin | J30: DASAN GERES | K30: 38360 | L30: 2005 | M30: =2019-L30 -> 14 | N30: Islam | O30: Sasak | P30: BELUM TAMAT SD/SEDERAJAT | R30: Pelajar/Mahasiswa
D31: 24 | E31: Syamila Al tafunnisa | F31: Anak | G31: 520101 4805110003 | H31: P | I31: Belum kawin | J31: DASAN GERES | K31: 40671 | L31: 2011 | M31: =2019-L31 -> 8 | N31: Islam | O31: Sasak | P31: TIDAK/BELUM SEKOLAH | R31: Belum/Tidak Bekerja
B32: 8 | D32: 25 | E32: Bohari | F32: KK | H32: L | I32: Kawin | K32: 15706 | L32: 1942 | M32: =2019-L32 -> 77 | N32: Islam | P32: - | R32: Pekerja lepas
D33: 26 | E33: Rabiah | F33: Istri | G33: 520101 4107460073 | H33: P | I33: Kawin | K33: 16984 | L33: 1946 | M33: =2019-L33 -> 73 | N33: Islam | P33: - | R33: -
D34: 27 | E34: Haerani | F34: Anak | G34: 520101 4107800667 | H34: P | I34: Belum kawin | K34: 29403 | L34: 1980 | M34: =2019-L34 -> 39 | N34: Islam | P34: - | R34: Pedagang
D35: 28 | E35: Fitri Ayu Wahyuni | F35: Lain-lain | H35: P | I35: Belum kawin | K35: 35816 | L35: 1998 | M35: =2019-L35 -> 21 | N35: Islam | P35: SLTP/MTSN | R35: -
B36: 9 | D36: 29 | E36: Ahmad Maliki | F36: KK | H36: L | I36: Duda | K36: 28855 | L36: 1978 | M36: =2019-L36 -> 41 | N36: Islam | P36: SLTP/MTS | R36: -
B37: 10 | D37: 30 | E37: Jamilah | F37: KK | H37: P | I37: Janda | K37: 17167 | L37: 1946 | M37: =2019-L37 -> 73 | N37: Islam | P37: - | R37: -
B38: 11 | D38: 31 | E38: Munaim | F38: KK | G38: 520101 0107430031 | H38: L | I38: Kawin | K38: 15888 | L38: 1943 | M38: =2019-L38 -> 76 | N38: Islam | P38: SD/MI | R38: Petani
D39: 32 | E39: Sakrah | F39: Istri | G39: 520101 4107590164 | H39: P | I39: Kawin | K39: 21732 | L39: 1959 | M39: =2019-L39 -> 60 | N39: Islam | P39: SD/MI | R39: Pedagang
B40: 12 | C40: 520101 0503083190 | D40: 33 | E40: Muna’an | F40: KK | G40: 520101 0107580169 | H40: L | I40: Kawin | J40: DASAN GERES BARAT | K40: 21367 | L40: 1958 | M40: =2019-L40 -> 61 | N40: Islam | O40: Sasak | P40: TAMAT SD/SEDERAJAT | R40: Petani/Pekebun
D41: 34 | E41: Mardiah | F41: Istri | G41: 520101 4107620275 | H41: P | I41: Kawin | J41: DASAN GERES BARAT | K41: 22828 | L41: 1962 | M41: =2019-L41 -> 57 | N41: Islam | O41: Sasak | P41: TAMAT SD/SEDERAJAT | R41: Buruh Tani/Perkebunan
D42: 35 | E42: Arul Alfandi | F42: Anak | G42: 520101 0811980001 | H42: L | I42: Belum kawin | J42: DASAN GERES | K42: 32820 | L42: 1989 | M42: =2019-L42 -> 30 | N42: Islam | O42: Sasak | P42: SLTA/SEDERAJAT | R42: Pelajar/Mahasiswa
D43: 36 | E43: Dila Mardiana | F43: Anak | G43: 520101 6303020001 | H43: P | I43: Belum kawin | J43: DASAN GERES | K43: 36973 | L43: 2001 | M43: =2019-L43 -> 18 | N43: Islam | O43: Sasak | P43: TAMAT SD/SEDERAJAT | R43: Pelajar/Mahasiswa
B44: 13 | D44: 37 | E44: Abdurrahman | F44: KK | H44: L | I44: Kawin | K44: 31047 | L44: 1984 | M44: =2019-L44 -> 35 | N44: Islam | P44: SD/MI | R44: Pekerja lepas
D45: 38 | E45: Patman | F45: Istri | H45: P | I45: Belum kawin | K45: 31777 | L45: 1986 | M45: =2019-L45 -> 33 | N45: Islam | P45: SD/MI | R45: -
D46: 39 | E46: Ahmad Ulul | F46: Anak | H46: L | I46: Belum kawin | K46: 40543 | L46: 2010 | M46: =2019-L46 -> 9 | N46: Islam | P46: - | R46: -
B47: 14 | D47: 40 | E47: Abdurahim | F47: KK | G47: 520101 3112840037 | H47: L | I47: Duda | K47: 31047 | L47: 1984 | M47: =2019-L47 -> 35 | N47: Islam | P47: SD/MI | R47: Pekerja lepas
B48: 15 | C48: 520101 0503083177 | D48: 41 | E48: Sadariah | F48: KK | G48: 520101 4107640123 | H48: L | I48: Kawin | J48: DASAN GERES BARAT | K48: 23559 | L48: 1964 | M48: =2019-L48 -> 55 | N48: Islam | O48: Sasak | P48: TAMAT SD/SEDERAJAT | R48: Belum/Tidak Bekerja
D49: 42 | E49: Sahili | F49: Istri | G49: 520101 4107600111 | H49: P | I49: Kawin | J49: DASAN GERES BARAT | K49: 22098 | L49: 1960 | M49: =2019-L49 -> 59 | N49: Islam | O49: Sasak | P49: TIDAK/BELUM SEKOLAH | R49: Mengurus Rumah Tangga
D50: 43 | E50: Muzakir Walad | F50: Anak | G50: 520101 0107980085 | H50: L | I50: Belum kawin | J50: DASAN GERES BARAT | K50: 35977 | L50: 1998 | M50: =2019-L50 -> 21 | N50: Islam | O50: Sasak | P50: TIDAK/BELUM SEKOLAH | R50: Belum/Tidak Bekerja
B51: 16 | C51: 520101 1810110011 | D51: 44 | E51: Ahmad | F51: KK | G51: 520101 0110850002 | H51: L | I51: Kawin | J51: DASAN GERES SELATAN | K51: 31321 | L51: 1985 | M51: =2019-L51 -> 34 | N51: Islam | O51: Sasak | P51: SLTP/SEDERAJAT | R51: Tukang Batu
D52: 45 | E52: Aluh Nurhasanah | F52: Istri | G52: 520101 6311900003 | H52: P | I52: Kawin | J52: PERSUS/KALTENG | K52: 33200 | L52: 1990 | M52: =2019-L52 -> 29 | N52: Islam | O52: Sasak | P52: SLTP/SEDERAJAT | R52: Wiraswasta
D53: 46 | E53: Muhammad Alwam | F53: Anak | G53: 520101 2012110001 | H53: L | I53: Belum kawin | J53: DASAN GERES | K53: 40897 | L53: 2011 | M53: =2019-L53 -> 8 | N53: Islam | O53: Sasak | P53: TIDAK/BELUM SEKOLAH | R53: Belum/Tidak Bekerja
D54: 47 | E54: Ahmad Alfian Akbar | F54: Anak | G54: 520101 0703160001 | H54: L | I54: Belum kawin | J54: DASAN GERES SELATAN | K54: 42436 | L54: 2016 | M54: =2019-L54 -> 3 | N54: Islam | O54: Sasak | P54: TIDAK/BELUM SEKOLAH | R54: Belum/Tidak Bekerja
B55: 17 | D55: 48 | E55: Rabiah | F55: KK | H55: P | I55: Janda | K55: 16802 | L55: 1945 | M55: =2019-L55 -> 74 | N55: Islam | P55: - | R55: -
B56: 18 | C56: 520101 0503083041 | D56: 49 | E56: Mashuri | F56: KK | G56: 520101 1210780001 | H56: L | I56: Kawin | J56: DASAN GERES BARAT | K56: 28775 | L56: 1978 | M56: =2019-L56 -> 41 | N56: Islam | O56: Sasak | P56: SLTP/SEDERAJAT | R56: Tukang Kayu
D57: 50 | E57: Idayani | F57: Istri | G57: 520101 4107840334 | H57: P | I57: Kawin | J57: DASAN GERES BARAT | K57: 31634 | L57: 1986 | M57: =2019-L57 -> 33 | N57: Islam | O57: Sasak | P57: SLTP/SEDERAJAT | R57: Mengurus Rumah Tangga
D58: 51 | E58: Lulu Fajiani | F58: Anak | G58: 520101 5608060001 | H58: P | I58: Belum kawin | J58: DASAN GERES | K58: 38945 | L58: 2006 | M58: =2019-L58 -> 13 | N58: Islam | O58: Sasak | P58: BELUM TAMAT SD/SEDERAJAT | R58: Pelajar/Mahasiswa
D59: 52 | E59: Toni Rahmandani | F59: Anak | G59: 520101 0505110004 | H59: L | I59: Belum kawin | J59: DASAN GERES SELATAN | K59: 40668 | L59: 2011 | M59: =2019-L59 -> 8 | N59: Islam | O59: Sasak | P59: TIDAK/BELUM SEKOLAH | R59: Belum/Tidak Bekerja
B60: 19 | C60: 520101 2409120030 | D60: 53 | E60: Tahar | F60: KK | G60: 520101 3112500137 | H60: L | I60: Kawin | J60: DASAN GERES | K60: 18628 | L60: 1950 | M60: =2019-L60 -> 69 | N60: Islam | O60: Sasak | P60: TIDAK/BELUM SEKOLAH | R60: Buruh Harian Lepas
D61: 54 | E61: Rapiah | F61: Istri | G61: 520101 4107600470 | H61: P | I61: Kawin | J61: DASAN GERES | K61: 22098 | L61: 1960 | M61: =2019-L61 -> 59 | N61: Islam | O61: Sasak | P61: TIDAK/BELUM SEKOLAH | R61: Buruh Harian Lepas
B62: 20 | C62: 520101 0207150017 | D62: 55 | E62: Muzakar Ependi | F62: KK | G62: 520101 0506930003 | H62: L | I62: Kawin | J62: DASAN GERES | K62: 34125 | L62: 1993 | M62: =2019-L62 -> 26 | N62: Islam | O62: Sasak | P62: TAMAT SD/SEDERAJAT | R62: Buruh Harian Lepas
D63: 56 | E63: Nurhidayanti | F63: Istri | G63: 520101 4106980001 | H63: P | I63: Kawin | J63: TANJUNG GUNUNG | K63: 35501 | L63: 1997 | M63: =2019-L63 -> 22 | N63: Islam | O63: Sasak | P63: SLTP/SEDERAJAT | R63: Pelajar/Mahasiswa
D64: 57 | E64: Alya Dewiyana Maria | F64: Anak | G64: 520101 6601150003 | H64: P | I64: Belum kawin | J64: DASAN GERES | K64: 42030 | L64: 2015 | M64: =2019-L64 -> 4 | N64: Islam | O64: Sasak | P64: TIDAK/BELUM SEKOLAH | R64: Belum/Tidak Bekerja
B65: 21 | C65: 520101 0711160004 | D65: 58 | E65: Sawaludin | F65: KK | G65: 520101 3112820056 | H65: L | I65: Kawin | J65: DASAN GERES | K65: 30316 | L65: 1982 | M65: =2019-L65 -> 37 | N65: Islam | O65: Sasak | P65: SLTA/SEDERAJAT | R65: Wiraswasta
D66: 59 | E66: Muliati | F66: Istri | G66: 520101 5002830002 | H66: P | I66: Kawin | J66: KEDIRI | K66: 30357 | L66: 1983 | M66: =2019-L66 -> 36 | N66: Islam | O66: Sasak | P66: SLTP/SEDERAJAT | R66: Mengurus Rumah Tangga
D67: 60 | E67: Aprilia Azzahra | F67: Anak | G67: 520101 6904130002 | H67: P | I67: Belum kawin | J67: DASAN GERES | K67: 41393 | L67: 2013 | M67: =2019-L67 -> 6 | N67: Islam | O67: Sasak | P67: TIDAK/BELUM SEKOLAH | R67: Belum/Tidak Bekerja
D68: 61 | E68: Aliza Jannatul Ma'wa | F68: Anak | G68: 520101 5602180001 | H68: P | I68: Belum kawin | J68: DASAN GERES | K68: 43147 | L68: 2018 | M68: =2019-L68 -> 1 | N68: Islam | O68: Sasak | P68: TIDAK/BELUM SEKOLAH | R68: Belum/Tidak Bekerja
B69: 22 | C69: 520101 0503083222 | D69: 62 | E69: Munir | F69: KK | G69: 520101 0107670258 | H69: L | I69: Kawin | J69: DASAN GERES | K69: 21002 | L69: 1957 | M69: =2019-L69 -> 62 | N69: Islam | O69: Sasak | P69: TAMAT SD/SEDERAJAT | R69: Buruh Tani/Perkebunan
D70: 63 | E70: Sahmin | F70: Istri | G70: 520101 4107760061 | H70: P | I70: Kawin | J70: DASAN GERES | K70: 24654 | L70: 1967 | M70: =2019-L70 -> 52 | N70: Islam | O70: Sasak | P70: TAMAT SD/SEDERAJAT | R70: Buruh Tani/Perkebunan
D71: 64 | E71: Rohanah | F71: Anak | G71: 520101 4107850014 | H71: P | I71: Belum kawin | J71: DASAN GERES | K71: 32099 | L71: 1987 | M71: =2019-L71 -> 32 | N71: Islam | O71: Sasak | P71: SLTP/SEDERAJAT | R71: Buruh Harian Lepas
D72: 65 | E72: Hariyani Febriana | F72: Anak | G72: 520101 4107910103 | H72: P | I72: Belum kawin | J72: DASAN GERES | K72: 34375 | L72: 1994 | M72: =2019-L72 -> 25 | N72: Islam | O72: Sasak | P72: SLTP/sEDERAJAT | R72: Pelajar/Mahasiswa
B73: 23 | C73: 520101 0709120001 | D73: 66 | E73: Husni | F73: KK | G73: 520101 3112770191 | H73: L | I73: Kawin | J73: DASAN GERES | K73: 28490 | L73: 1977 | M73: =2019-L73 -> 42 | N73: Islam | O73: Sasak | P73: TAMAT SD/SEDERAJAT | R73: Wiraswasta
D74: 67 | E74: Munawarah | F74: Istri | G74: 520101 7112850257 | H74: P | I74: Kawin | J74: KAYU PUTIH | K74: 31412 | L74: 1985 | M74: =2019-L74 -> 34 | N74: Islam | O74: Sasak | P74: TAMAT SD/SEDERAJAT | R74: Pedagang
D75: 68 | E75: Putri Ayu Setiamani | F75: Anak | G75: 520101 5401030002 | H75: P | I75: Belum kawin | J75: GERUNG | K75: 37635 | L75: 2003 | M75: =2019-L75 -> 16 | N75: Islam | O75: Sasak | P75: TAMAT SD/SEDERAJAT | R75: Pelajar/Mahasiswa
D76: 69 | E76: Suci Alaessa Anugrah | F76: Anak | G76: 520101 6408090002 | H76: P | I76: Belum kawin | J76: DASAN GERES | K76: 40049 | L76: 2009 | M76: =2019-L76 -> 10 | N76: Islam | O76: Sasak | P76: BELUM TAMAT SD/SEDERAJAT | R76: Pelajar/Mahasiswa
B77: 24 | C77: 520101 0609120062 | D77: 70 | E77: Mahzan | F77: KK | G77: 520101 3112610066 | H77: L | I77: Kawin | J77: DASAN GERES | K77: 22646 | L77: 1961 | M77: =2019-L77 -> 58 | N77: Islam | O77: Sasak | P77: TAMAT SD/SEDERAJAT | R77: Buruh Harian Lepas
D78: 71 | E78: Faizah | F78: Istri | G78: 520101 7112680151 | H78: P | I78: Kawin | J78: DASAN GERES | K78: 25203 | L78: 1968 | M78: =2019-L78 -> 51 | N78: Islam | O78: Sasak | P78: TAMAT SD/SEDERAJAT | R78: Mengurus Rumah Tangga
D79: 72 | E79: Ahmad Julianto | F79: Anak | G79: 520101 1150700003 | H79: L | I79: Belum kawin | J79: DASAN GERES | K79: 36722 | L79: 2000 | M79: =2019-L79 -> 19 | N79: Islam | O79: Sasak | P79: SLTP/SEDERAJAT | R79: Pelajar/Mahasiswa
D80: 73 | E80: Fara hardianti | F80: Anak | G80: 520101 4704100002 | H80: P | I80: Belum kawin | J80: DASAN GERES | K80: 40275 | L80: 2010 | M80: =2019-L80 -> 9 | N80: Islam | O80: Sasak | P80: TIDAK/BELUM SEKOLAH | R80: Belum/Tidak Bekerja
B81: 25 | D81: 74 | E81: Herman Mahyun | F81: Kk | G81: 520101 3112780048 | H81: L | I81: Kawin | K81: 28855 | L81: 1978 | M81: =2019-L81 -> 41 | N81: Islam | P81: SLTA/MA | R81: PNS/TNI/ POLRI
D82: 75 | E82: Maryatun | F82: Istri | G82: 520101 4508800001 | H82: P | I82: Kawin | K82: 29438 | L82: 1980 | M82: =2019-L82 -> 39 | N82: Islam | P82: SLTA/MA | R82: -
D83: 76 | E83: Tika Maulinda Safitri | F83: Anak | G83: 520101 4505050001 | H83: P | I83: Belum kawin | K83: 38477 | L83: 2005 | M83: =2019-L83 -> 14 | N83: Islam | P83: [- | R83: -
D84: 77 | E84: Ahmad Khairil Gifari | F84: Anak | G84: 520101 1903090002 | H84: L | I84: Belum kawin | K84: 39891 | L84: 2000 | M84: =2019-L84 -> 19 | N84: Islam | P84: - | R84: -
B85: 26 | C85: 520101 1705140001 | D85: 78 | E85: Muhammad mansur | F85: KK | G85: 520101 1402890001 | H85: L | I85: Kawin | J85: DASAN GERES | K85: 32581 | L85: 1989 | M85: =2019-L85 -> 30 | N85: Islam | O85: Sasak | P85: SLTA/SEDERAJAT | R85: Wiraswasta
D86: 79 | E86: Fitriana | F86: Istri | G86: 520101 6209930002 | H86: P | I86: Kain | J86: TAMAN DAYE PUYUNG | K86: 34234 | L86: 1993 | M86: =2019-L86 -> 26 | N86: Islam | O86: Sasak | P86: SLTA/SEDERAJAT | R86: Mengurus Rumah Tangga
D87: 80 | E87: Ghozali Najuan Al-Firman | F87: Anak | G87: 520101 1604140003 | H87: L | I87: Belum kawin | J87: DASAN GERES | K87: 41745 | L87: 2014 | M87: =2019-L87 -> 5 | N87: Islam | O87: Sasak | P87: TIDAK/BELUM SEKOLAH | R87: Belum/Tidak Bekerja
B88: 27 | C88: 520101 0503082224 | D88: 81 | E88: Mahyun | F88: KK | G88: 520101 3112550005 | H88: L | I88: Kawin | J88: DASAN GERES | K88: 20454 | L88: 1955 | M88: =2019-L88 -> 64 | N88: Islam | O88: Sasak | P88: TIDAK/BELUM SEKOLAH | R88: Petani/Pekebun
D89: 82 | E89: Sapiah Koyan | F89: Istri | G89: 520101 4107750157 | H89: P | I89: Kawin | J89: DASAN GERES BARAT | K89: 27576 | L89: 1975 | M89: =2019-L89 -> 44 | N89: Islam | O89: Sasak | P89: TAMAT SD/SEDERAJAT | R89: Buruh Tani/Perkebunan
B90: 28 | C90: 520101 0709120006 | D90: 83 | E90: Muhlis Samiun | F90: KK | G90: 520101 0101750006 | H90: L | I90: Kawin | J90: MATARAM | K90: 27395 | L90: 1975 | M90: =2019-L90 -> 44 | N90: Islam | P90: SLTA/SEDERAJAT | R90: Tentara Nasional Indonesia
D91: 84 | E91: Sulistyowati | F91: Istri | G91: 520101 5712790002 | H91: P | I91: Kawin | J91: JOMBANG | K91: 29206 | L91: 1979 | M91: =2019-L91 -> 40 | N91: Islam | P91: SLTA/SEDERAJAT | R91: Mengurus Rumah Tangga
D92: 85 | E92: Mia Listiana | F92: Anak | G92: 520101 6802010003 | H92: P | I92: Belum kawin | J92: MATARAM | K92: 36948 | L92: 2001 | M92: =2019-L92 -> 18 | N92: Islam | P92: TAMAT SD/SEDERAJAT | R92: Pelajar/Mahasiswa
D93: 86 | E93: Bima Kalis Kalingga | F93: Anak | G93: 520101 0905050003 | H93: L | I93: Belum kawin | J93: JOMBANG | K93: 38481 | L93: 2005 | M93: =2019-L93 -> 14 | N93: Islam | P93: BELUM TAMAT SD/SEDERAJAT | R93: Pelajar/Mahasiswa
B94: 29 | D94: 87 | E94: Hajjah Sabilah | F94: KK | G94: 520101 4107540083 | H94: P | I94: Janda | K94: 19906 | L94: 1954 | M94: =2019-L94 -> 65 | N94: Islam | P94: SD/MI | R94: -
D95: 88 | E95: Abdul Gani | F95: Lain-lain | H95: L | I95: Belum kawin | K95: 18445 | L95: 1950 | M95: =2019-L95 -> 69 | N95: Islam | P95: - | R95: -
B96: 30 | C96: 520101 0609120055 | D96: 89 | E96: Sahlan | F96: KK | G96: 520101 3112710165 | H96: L | I96: Kawin | J96: DASAN GERES | K96: 26298 | L96: 1971 | M96: =2019-L96 -> 48 | N96: Islam | O96: Sasak | P96: TAMAT SD/SEDERAJAT | R96: Buruh Harian Lepas
D97: 90 | E97: Mukyah | F97: Istri | G97: 520101 7112730164 | H97: P | I97: Kawin | J97: DASAN GERES | K97: 27029 | L97: 1973 | M97: =2019-L97 -> 46 | N97: Islam | O97: Sasak | P97: TAMAT SD/SEDERAJAT | R97: Buruh Harian Lepas
D98: 91 | E98: Faezal Abdul Hazis | F98: Anak | G98: 520101 0807920001 | H98: L | I98: Belum kawin | J98: DASAN GERES | K98: 33793 | L98: 1992 | M98: =2019-L98 -> 27 | N98: Islam | O98: Sasak | P98: SLTA/SEDERAJAT | R98: Pelajar/Mahasiswa
D99: 92 | E99: Irham Ali Mukti | F99: Anak | G99: 520101 2503020001 | H99: L | I99: Belum kawin | J99: DASAN GERES | K99: 37340 | L99: 2002 | M99: =2019-L99 -> 17 | N99: Islam | O99: Sasak | P99: TAMAT SD/SEDERAJAT | R99: Pelajar/Mahasiswa
B100: 31 | C100: 520101 0503083234 | D100: 93 | E100: Munaim | F100: KK | G100: 520101 0901470001 | H100: L | I100: Kawin | J100: DASAN GERES BARAT | K100: 27038 | L100: 1974 | M100: =2019-L100 -> 45 | N100: Islam | O100: Sasak | P100: TAMAT SD/SEDERAJAT | R100: Buruh Tani/Perkebunan
D101: 94 | E101: Mahnun | F101: Istri | G101: 520101 4107500127 | H101: P | I101: Kawin | J101: DASAN GERES BARAT | K101: 27576 | L101: 1975 | M101: =2019-L101 -> 44 | N101: Islam | O101: Sasak | P101: TAMAT SD/SEDERAJAT | R101: Buruh Tani/Perkebunan
...

Sheet RT 04
B1: DATA INDUK PENDUDUK KELURAHAN DASAN GERES
B2: TAHUN 2019
B3: LINGKUNGAN DASN GERES SELATAN
B4: RT 04
B5: No | C5: Nomor KK | D5: Jumlah Jiwa | E5: Nama Lengkap/Panggilan | F5: Kedudukan Dalam Keluarga | G5: NIK | H5: Jenis Kelamin L/P | I5: Status Perkawinan | J5: Lahir | M5: Usia | N5: Agama | O5: Etnis | P5: Pendidikan Terakhir | Q5: Jurusan | R5: Pekerjaan
J6: Tempat | K6: Tanggal | L6: Tahun
B8: 1 | D8: 1 | E8: Ir. Muhur Zukhri | F8: KK | G8: 520101 3012630002 | H8: L | I8: Kawin | K8: 23375 | L8: 1963 | M8: =2019-L8 -> 56 | P8: PT/Akademi | R8: PNS/TNI/ POLRI
D9: 2 | E9: Khairun Nisak | F9: Istri | G9: 520101 5705700002 | H9: P | I9: Kawin | K9: 25712 | L9: 1970 | M9: =2019-L9 -> 49 | P9: PT/Akademi | R9: Wiraswasta
D10: 3 | E10: Ahmad Yunuari Firdaus | F10: Anak | G10: 520101 0101920002 | H10: L | I10: Belum kawin | K10: 33604 | L10: 1992 | M10: =2019-L10 -> 27 | P10: SLTA/MA | R10: -
D11: 4 | E11: Dwi Septiani Fatimatuzzakra | F11: Anak | G11: 520101 5109950003 | H11: P | I11: Belum kawin | K11: 34953 | L11: 1995 | M11: =2019-L11 -> 24 | P11: SLTA/MA | R11: -
D12: 5 | E12: Ahmad Rizki Hidayat | F12: Anak | G12: 520101 0101030004 | H12: L | I12: Belum kawin | K12: 37622 | L12: 2003 | M12: =2019-L12 -> 16 | P12: - | R12: -
D13: 6 | E13: Sunaah | F13: Lainnya | G13: 0 | H13: P | I13: Janda | K13: 22646 | L13: 1961 | M13: =2019-L13 -> 58 | P13: - | R13: -
B14: 2 | D14: 7 | E14: Nurhidayah | F14: KK | G14: 0 | H14: P | I14: Janda | K14: 26664 | L14: 1972 | M14: =2019-L14 -> 47 | P14: SLTP/MTSN | R14: -
B15: 3 | D15: 8 | E15: Muhammad Saleh Effendi S.Pd | F15: KK | G15: 520101 1104770001 | H15: L | I15: Kawin | K15: 28226 | L15: 1977 | M15: =2019-L15 -> 42 | P15: PT/Akademi | R15: PNS/TNI/ POLRI
D16: 9 | E16: Fadlina Azmi | F16: Istri | G16: 520101 6409810001 | H16: P | I16: Kawin | K16: 29853 | L16: 1981 | M16: =2019-L16 -> 38 | P16: PT/Akademi | R16: Pegawai swasta
D17: 10 | E17: Rajih Alfasam | F17: Anak | G17: 520101 1109060001 | H17: L | I17: Belum kawin | K17: 2446 | L17: 1996 | M17: =2019-L17 -> 23 | P17: - | R17: -
D18: 11 | E18: Hajjah Raodah | F18: Lainnya | G18: 0 | H18: P | I18: Janda | K18: 13149 | L18: 1935 | M18: =2019-L18 -> 84 | P18: - | R18: -
B19: 4 | D19: 12 | E19: Hakim Usman S.Pd | F19: KK | G19: 0 | H19: L | I19: Kawin | K19: 27098 | L19: 1974 | M19: =2019-L19 -> 45 | P19: PT/Akademi | R19: PNS/TNI/ POLRI
D20: 13 | E20: Sukartini | F20: Istri | G20: 0 | H20: P | I20: Kawin | K20: 30116 | L20: 1982 | M20: =2019-L20 -> 37 | P20: PT/Akademi | R20: Pegawai swasta
D21: 14 | E21: Silva Najla Fatin | F21: Anak | G21: 0 | H21: P | I21: Belum kawin | K21: 38705 | L21: 2005 | M21: =2019-L21 -> 14 | P21: - | R21: -
D22: 15 | E22: Ziarahmanita | F22: Anak | G22: 0 | H22: P | I22: Belum kawin | K22: 40468 | L22: 2010 | M22: =2019-L22 -> 9 | P22: - | R22: -
B23: 5 | D23: 16 | E23: Hasan Utsman | F23: KK | G23: 0 | H23: L | I23: Kawin | K23: 14245 | L23: 1938 | M23: =2019-L23 -> 81 | P23: SLTA/MA | R23: Pensiunan
D24: 17 | E24: Saimah | F24: Istri | G24: 0 | H24: P | I24: Kawin | K24: 16802 | L24: 1945 | M24: =2019-L24 -> 74 | P24: SLTP/MTSN | R24: -
B25: 6 | D25: 18 | E25: Haji Asmah | F25: KK | G25: 0 | H25: P | I25: Belum kawin | K25: 16802 | L25: 1945 | M25: =2019-L25 -> 74 | P25: - | R25: -
B26: 7 | D26: 19 | E26: Muhammad Ali Hidayat S.Ag | F26: KK | G26: 520101 1008750002 | H26: L | I26: Kawin | K26: 27616 | L26: 1975 | M26: =2019-L26 -> 44 | P26: PT/Akademi | R26: Wiraswasta
D27: 20 | E27: Maemanah | F27: Istri | G27: 520101 7112860112 | H27: P | I27: Kawin | K27: 31777 | L27: 1986 | M27: =2019-L27 -> 33 | P27: SLTA/MA | R27: Wiraswasta
D28: 21 | E28: Anggun Zulaikha | F28: Anak | G28: 520101 5712060004 | H28: P | I28: Belum kawin | K28: 39078 | L28: 2006 | M28: =2019-L28 -> 13 | P28: - | R28: -
D29: 22 | E29: Nesya Amelia Putri | F29: Anak | G29: 520101 4112110002 | H29: P | I29: Belum kawin | K29: 40878 | L29: 2011 | M29: =2019-L29 -> 8 | P29: - | R29: -
B30: 8 | D30: 23 | E30: Haji Muksin Usman | F30: KK | G30: 0 | H30: L | I30: Kawin | K30: 14245 | L30: 1938 | M30: =2019-L30 -> 81 | P30: SLTA/MA | R30: Pensiunan
D31: 24 | E31: Hajjah Mukminah | F31: Istri | G31: 0 | H31: P | I31: Kawin | K31: 15706 | L31: 1942 | M31: =2019-L31 -> 77 | P31: SD/MI | R31: -
B32: 9 | D32: 25 | E32: Muhammad Zamroni S.Ag | F32: KK | G32: 0 | H32: L | I32: Kawin | K32: 27029 | L32: 1973 | M32: =2019-L32 -> 46 | P32: PT/Akademi | R32: PNS/TNI/ POLRI
D33: 26 | E33: Sri Yuniarti | F33: Istri | G33: 0 | H33: P | I33: Kawin | K33: 27759 | L33: 1975 | M33: =2019-L33 -> 44 | P33: PT/Akademi | R33: -
D34: 27 | E34: Muhammad Febrian Haikal | F34: Anak | G34: 0 | H34: L | I34: Belum kawin | K34: 38384 | L34: 2005 | M34: =2019-L34 -> 14 | P34: - | R34: -
D35: 28 | E35: Salsa Zafira | F35: Anak | G35: 0 | H35: P | I35: Belum kawin | K35: 39098 | L35: 2007 | M35: =2019-L35 -> 12 | P35: - | R35: -
D36: 29 | E36: Afika Feliza Lusia | F36: Anak | G36: 0 | H36: P | I36: Belum kawin | K36: 40982 | L36: 2012 | M36: =2019-L36 -> 7 | P36: - | R36: -
B37: 10 | D37: 30 | E37: Ahmad Ansori S.Pd | F37: KK | G37: 520101 0710680001 | H37: L | I37: Kawin | K37: 25118 | L37: 1968 | M37: =2019-L37 -> 51 | P37: PT/Akademi | R37: PNS/TNI/ POLRI
D38: 31 | E38: KaRTini | F38: Istri | G38: 520101 7112780011 | H38: P | I38: Kawin | K38: 28855 | L38: 1978 | M38: =2019-L38 -> 41 | P38: SD/MI | R38: -
D39: 32 | E39: Nur Maulidiya Kamila | F39: Anak | G39: 520101 4306000001 | H39: P | I39: Belum kawin | K39: 36680 | L39: 2000 | M39: =2019-L39 -> 19 | P39: SD/MI | R39: -
D40: 33 | E40: Adelwais Rahma Medwina | F40: Anak | G40: 520101 6605070001 | H40: p | I40: Belum kawin | K40: 39228 | L40: 2007 | M40: =2019-L40 -> 12 | P40: - | R40: -
B41: 11 | D41: 34 | E41: Hajjah Rabiatun | F41: KK | G41: 0 | H41: P | I41: Janda | K41: 21550 | L41: 1958 | M41: =2019-L41 -> 61 | P41: SD/MI | R41: Wiraswasta
B42: 12 | D42: 35 | E42: Fawaz M.Pd.I | F42: KK | G42: 520101 0107810138 | H42: L | I42: Kawin | K42: 29768 | L42: 1981 | M42: =2019-L42 -> 38 | P42: PT/Akademi | R42: Wiraswasta
D43: 36 | E43: Indra Yani S.Pd.I | F43: Istri | G43: 520101 6708801001 | H43: P | I43: Kawin | K43: 29460 | L43: 1980 | M43: =2019-L43 -> 39 | P43: PT/Akademi | R43: Pegawai swasta
D44: 37 | E44: Annisa Riadlul Aulia Fayani | F44: Anak | G44: 520101 4801091001 | H44: P | I44: Belum kawin | K44: 39821 | L44: 2009 | M44: =2019-L44 -> 10 | P44: - | R44: -
D45: 38 | E45: Alika Oktavia Hidayatifahmi | F45: Anak | G45: 520101 4210131001 | H45: P | I45: Belum kawin | K45: 41549 | L45: 2013 | M45: =2019-L45 -> 6 | P45: - | R45: -
B46: 13 | D46: 39 | E46: Bianah | F46: KK | G46: 0 | H46: P | I46: Belum kawin | K46: 19359 | L46: 1952 | M46: =2019-L46 -> 67 | P46: - | R46: Pekerja Lepas
B47: 14 | C47: 520101 0503082499 | D47: 40 | E47: Anwar | F47: KK | G47: 520101 3121570002 | H47: L | I47: Kawin | J47: DASAN GERES | K47: 21185 | L47: 1957 | M47: =2019-L47 -> 62 | N47: Islam | O47: Sasak | P47: TAMAT SD/SEDERAJAT | R47: Wiraswasta
D48: 41 | E48: Salemah | F48: Istri | G48: 520101 7112660002 | H48: P | I48: Kawin | J48: LEMOKEK | K48: 24472 | L48: 1966 | M48: =2019-L48 -> 53 | N48: Islam | O48: Sasak | P48: TAMAT SD/SEDERAJAT | R48: Mengurus Rumah Tangga
D49: 42 | E49: Titin Julia Astini | F49: Anak | G49: 520101 5107010001 | H49: P | I49: Belum kawin | J49: DASAN GERES | K49: 37083 | L49: 2001 | M49: =2019-L49 -> 18 | N49: Islam | O49: Sasak | P49: SLTP/SEDERAJAT | R49: Pelajar/Mahasiswa
B50: 15 | D50: 43 | E50: Sofian Hadi S.Pd | F50: KK | G50: 0 | H50: L | I50: Kawin | K50: 30884 | L50: 1984 | M50: =2019-L50 -> 35 | P50: PT/Akademi | R50: PNS/TNI/ POLRI
D51: 44 | E51: Galuh Permata Sari S.Pd | F51: Istri | G51: 0 | H51: P | I51: Kawin | K51: 31354 | L51: 1985 | M51: =2019-L51 -> 34 | P51: PT/Akademi | R51: Pegawai swasta
D52: 45 | E52: Nadia Fathiaturrahma | F52: Anak | G52: 0 | H52: P | I52: Belum kawin | K52: 41188 | L52: 2012 | M52: =2019-L52 -> 7 | P52: - | R52: -
B53: 16 | D53: 46 | E53: Haji Mustiah | F53: KK | G53: 520101 3112550017 | H53: L | I53: Kawin | K53: 20454 | L53: 1955 | M53: =2019-L53 -> 64 | P53: SD/MI | R53: Petani
D54: 47 | E54: Hajjah Baiq Murniati | F54: Istri | G54: 520101 6802540001 | H54: P | I54: Kawin | K54: 19783 | L54: 1954 | M54: =2019-L54 -> 65 | P54: SD/MI | R54: Petani
B55: 17 | D55: 48 | E55: Muhammad Halawi S.E | F55: KK | G55: 520101 1304840001 | H55: L | I55: Kawn | K55: 30785 | L55: 1984 | M55: =2019-L55 -> 35 | P55: PT/Akademi | R55: Wiraswasta
D56: 49 | E56: Dwi Hardianti | F56: Istri | G56: 520101 6707890003 | H56: P | I56: Kawin | K56: 32716 | L56: 1989 | M56: =2019-L56 -> 30 | P56: SLTA/MA | R56: Pegawai swasta
D57: 50 | E57: Muhammad Yusup Iman | F57: Anak | G57: 520101 0602100002 | H57: L | I57: Belum kawin | K57: 40215 | L57: 2010 | M57: =2019-L57 -> 9 | P57: - | R57: -
D58: 51 | E58: M. Javier Aktam Khairullah | F58: Anak | G58: 520101 3011140002 | H58: L | I58: Belum kawin | K58: 41973 | L58: 2014 | M58: =2019-L58 -> 5 | P58: - | R58: -
B59: 18 | D59: 52 | E59: Mustar | F59: KK | G59: 520101 3112500109 | H59: L | I59: Kawin | K59: 21915 | L59: 1959 | M59: =2019-L59 -> 60 | P59: - | R59: Petani
D60: 53 | E60: Bianah | F60: Istri | G60: 520101 5007560001 | H60: P | I60: Kawin | K60: 20735 | L60: 1956 | M60: =2019-L60 -> 63 | P60: - | R60: Petani
D61: 54 | E61: Sifayah | F61: Anak | G61: 520101 5203830002 | H61: P | I61: Belum kawin | K61: 30387 | L61: 1983 | M61: =2019-L61 -> 36 | P61: SLTA/MA | R61: Wiraswasta
D62: 55 | E62: Ernawati | F62: Anak | G62: 520101 6304860001 | H62: P | I62: Belum kawin | K62: 31525 | L62: 1986 | M62: =2019-L62 -> 33 | P62: SLTA/MA | R62: Wiraswasta
B63: 19 | D63: 56 | E63: Mansyur | F63: KK | G63: 520101 3112730182 | H63: L | I63: Kawin | K63: 27029 | L63: 1973 | M63: =2019-L63 -> 46 | P63: SLTP/MTSN | R63: Pekerja lepas
D64: 57 | E64: Mustiarah | F64: Istri | G64: 520101 7112770186 | H64: P | I64: Kawin | K64: 28490 | L64: 1977 | M64: =2019-L64 -> 42 | P64: SLTP/MTSN | R64: Pekerja lepas
D65: 58 | E65: Khairil Umam | F65: Anak | G65: 520101 0503940004 | H65: L | I65: Belum kawin | K65: 34398 | L65: 1994 | M65: =2019-L65 -> 25 | P65: SLTA/MA | R65: -
D66: 59 | E66: Maysharoh | F66: Anak | G66: 520101 7011960004 | H66: P | I66: Belum kawin | K66: 35399 | L66: 1996 | M66: =2019-L66 -> 23 | P66: SLTP/MTSN | R66: -
D67: 60 | E67: Asmawati | F67: Anak | G67: 520101 4505000004 | H67: P | I67: Belum kawin | K67: 36651 | L67: 2000 | M67: =2019-L67 -> 19 | P67: SD/MI | R67: -
D68: 61 | E68: Ilfayanti Arsya | F68: Anak | G68: 520101 6101090006 | H68: P | I68: Belum kawin | K68: 39844 | L68: 2009 | M68: =2019-L68 -> 10 | P68: - | R68: -
B69: 20 | D69: 62 | E69: Almah | F69: KK | G69: 0 | H69: P | I69: Janda | K69: 14976 | L69: 1940 | M69: =2019-L69 -> 79 | P69: - | R69: -
D70: 63 | E70: Misnah | F70: Anak | G70: 0 | H70: P | I70: Belum kawin | K70: 29220 | L70: 1979 | M70: =2019-L70 -> 40 | P70: SD/MI | R70: Pedagang
B71: 21 | D71: 64 | E71: Sohdi | F71: KK | G71: 520101 0107580148 | H71: L | I71: Kawin | K71: 22281 | L71: 1960 | M71: =2019-L71 -> 59 | P71: SD/MI | R71: Wiraswasta
D72: 65 | E72: Sariah | F72: Istri | G72: 520101 4107630112 | H72: P | I72: Kawin | K72: 22646 | L72: 1961 | M72: =2019-L72 -> 58 | P72: - | R72: Wiraswasta
D73: 66 | E73: Siti Dakiyah | F73: Anak | G73: 520101 6412810001 | H73: p | I73: Belum kawin | K73: 29579 | L73: 1980 | M73: =2019-L73 -> 39 | P73: SLTA/MA | R73: -
D74: 67 | E74: Ricky Muhammad Aji Saputra | F74: Anak | G74: 520101 0107980370 | H74: L | I74: Belum kawin | K74: 35816 | L74: 1998 | M74: =2019-L74 -> 21 | P74: SLTP/MTSN | R74: -
B75: 22 | C75: 520101 3001150013 | D75: 68 | E75: Purnawirawan | F75: KK | G75: 520101 0107830121 | H75: L | I75: Kawin | J75: DASAN GERES BARAT | K75: 30397 | L75: 1983 | M75: =2019-L75 -> 36 | N75: Islam | O75: Sasak | P75: SLTA/SEDERAJAT | R75: Wiraswasta
D76: 69 | E76: Fatmawati | F76: Istri | G76: 520101 5805850002 | H76: P | I76: Kawin | J76: DASAN GERES | K76: 31168 | L76: 1985 | M76: =2019-L76 -> 34 | N76: Islam | O76: Sasak | P76: SLTA/SEDERAJAT | R76: Wiraswasta
D77: 70 | E77: Agha Abrisaam Arsyat | F77: Anak | G77: 520101 0512100001 | H77: L | I77: Belum kawin | J77: DASAN GERES | K77: 40517 | L77: 2010 | M77: =2019-L77 -> 9 | N77: Islam | O77: Sasak | P77: TIDAK/BELUM SEKOLAH | R77: Belum/Tidak Bekerja
D78: 71 | E78: Ayyana Aila Farisya | F78: Anak | G78: 520101 4611150004 | H78: P | I78: Belum kawin | J78: DASAN GERES | K78: 42314 | L78: 2015 | M78: =2019-L78 -> 4 | N78: Islam | O78: Sasak | P78: TIDAK/BELUM SEKOLAH | R78: Tidak/Belum Bekerja
B79: 23 | D79: 72 | E79: Haji Mahyudin | F79: KK | G79: 520101 3112500126 | H79: L | I79: Kawin | K79: 18628 | L79: 1950 | M79: =2019-L79 -> 69 | P79: SD/MI | R79: Wiraswasta
D80: 73 | E80: Khairiah | F80: Istri | G80: 520101 4911510001 | H80: P | I80: Kawin | K80: 18941 | L80: 1951 | M80: =2019-L80 -> 68 | P80: SD/MI | R80: Pedagang
D81: 74 | E81: Budiman Saputra | F81: Anak | G81: 520101 1307900003 | H81: L | I81: Belum kawin | K81: 33067 | L81: 1990 | M81: =2019-L81 -> 29 | P81: SLTA/MA | R81: -
D82: 75 | E82: Anisa Apriani | F82: Anak | G82: 520101 4604010003 | H82: P | I82: Belum kawin | K82: 36987 | L82: 2001 | M82: =2019-L82 -> 18 | P82: SD/MI | R82: -
B83: 24 | C83: 520101 0503082524 | D83: 76 | E83: Annahar | F83: KK | G83: 520101 1312520001 | H83: L | I83: Kawin | J83: DASAN GERES | K83: 19341 | L83: 1952 | M83: =2019-L83 -> 67 | N83: Islam | O83: Sasak | P83: TAMAT SD/SEDERAJAT | R83: Buruh Tani/Perkebunan
D84: 77 | E84: Inah | F84: Istri | G84: 520101 7112550002 | H84: P | I84: Kawin | J84: DASAN GERES | K84: 20454 | L84: 1955 | M84: =2019-L84 -> 64 | N84: Islam | O84: Sasak | P84: TAMAT SD/SEDERAJAT | R84: Buruh Tani/Perkebunan
B85: 25 | D85: 78 | E85: Agus Widianto | F85: KK | G85: 0 | H85: L | I85: Kawin | K85: 21550 | L85: 1958 | M85: =2019-L85 -> 61 | P85: PT/Akademi | R85: PNS/TNI/ POLRI
D86: 79 | E86: Baiq Komalawati S.Pd | F86: Istri | G86: 0 | H86: P | I86: Kawin | K86: 22281 | L86: 1960 | M86: =2019-L86 -> 59 | P86: PT/Akademi | R86: PNS/TNI/ POLRI
D87: 80 | E87: Ginti Dwi Sasmita | F87: Anak | G87: 0 | H87: L | I87: Belum kawin | K87: 32873 | L87: 1989 | M87: =2019-L87 -> 30 | P87: SLTA/MA | R87: Pegawai swasta
D88: 81 | E88: Danu Pamungkas | F88: Anak | G88: 0 | H88: L | I88: Belum kawin | K88: 35064 | L88: 1995 | M88: =2019-L88 -> 24 | P88: SLTA/MA | R88: -
D89: 82 | E89: Muhammad Dimas Ananda | F89: Anak | G89: 0 | H89: L | I89: Belum kawin | K89: 37673 | L89: 2003 | M89: =2019-L89 -> 16 | P89: - | R89: -
B90: 26 | C90: 520101 0503083644 | D90: 83 | E90: Sae'an | F90: KK | G90: 520101 0107760190 | H90: L | I90: Kawin | J90: DASAN GERES BARAT | K90: 24654 | L90: 1967 | M90: =2019-L90 -> 52 | N90: Islam | O90: Sasak | P90: SLTP/SEDERAJAT | R90: Wiraswasta
D91: 84 | E91: Hainiah | F91: Istri | G91: 520101 4107700638 | H91: P | I91: Kawin | J91: DASAN GERES SELATAN | K91: 25568 | L91: 1969 | M91: =2019-L91 -> 50 | N91: Islam | O91: Sasak | P91: SLTP/SEDERAJAT | R91: Mengurus Rumah Tangga
D92: 85 | E92: Samsul Bahari | F92: Anak | G92: 520101 0906960003 | H92: L | I92: Belum kawin | J92: DASAN GERES | K92: 35225 | L92: 1996 | M92: =2019-L92 -> 23 | N92: Islam | O92: Sasak | P92: SLTA/SEDERAJAT | R92: Pelajar/Mahasiswa
B93: 27 | C93: 520101 2705111274 | D93: 86 | E93: Muchtar Said | F93: KK | G93: 520101 1009790001 | H93: L | I93: Kawin | J93: SULAWESI | K93: 29108 | L93: 1979 | M93: =2019-L93 -> 40 | N93: Islam | O93: Bugis | P93: SLTP/SEDERAJAT | R93: Buruh Harian lepas
D94: 87 | E94: Suryani | F94: Istri | G94: 520101 4107870485 | H94: P | I94: Kawin | J94: DASAN GERES BARAT | K94: 30864 | L94: 1984 | M94: =2019-L94 -> 35 | N94: Islam | O94: Sasak | P94: SLTP/SEDERAJAT | R94: Mengurus Rumah Tangga
D95: 88 | E95: Amrina Rosyada | F95: Anak | G95: 520101 5308070001 | H95: P | I95: Belum kawin | J95: DASAN GERES | K95: 39307 | L95: 2007 | M95: =2019-L95 -> 12 | N95: Islam | O95: Sasak | P95: BELUM TAMAT SD | R95: Pelajar/Mahasiswa
D96: 89 | E96: Ibadurrohman | F96: Anak | G96: 520101 0108090001 | H96: L | I96: Belum kawin | J96: DASAN GERES | K96: 40026 | L96: 2009 | M96: =2019-L96 -> 10 | N96: Islam | O96: Sasak | P96: TIDAK/BELUM SEKOLAH | R96: Belum/Tidak Bekerja
D97: 90 | E97: Muhammad 'Athoullah Bukhari | F97: Anak | G97: 520101 1209170002 | H97: L | I97: Belum kawin | J97: DASAN GERES | K97: 42990 | L97: 2017 | M97: =2019-L97 -> 2 | N97: Islam | O97: Sasak | P97: TIDAK/BELUM SEKOLAH | R97: Belum/Tidak Bekerja
B98: 28 | D98: 91 | E98: Jasmanik S.Pd | F98: KK | G98: 0 | H98: L | I98: Kawin | K98: 22281 | L98: 1960 | M98: =2019-L98 -> 59 | P98: PT/Akademi | R98: PNS/TNI/ POLRI
D99: 92 | E99: Murni S.Pd | F99: Istri | G99: 0 | H99: P | I99: Kawin | K99: 22281 | L99: 1960 | M99: =2019-L99 -> 59 | P99: PT/Akademi | R99: PNS/TNI/ POLRI
D100: 93 | E100: Reza Sambadi | F100: Anak | G100: 0 | H100: L | I100: Belum kawin | K100: 33642 | L100: 1992 | M100: =2019-L100 -> 27 | P100: SLTA/MA | R100: -
D101: 94 | E101: Neli Nirmala | F101: Anak | G101: 0 | H101: P | I101: Belum kawin | K101: 34491 | L101: 1994 | M101: =2019-L101 -> 25 | P101: SLTA/MA | R101: -
...

Sheet Sheet1
A1: 53 | C1: 195
A2: 45 | C2: 146
A3: 49 | C3: 161
A4: 66 | C4: 240
A5: =SUM(A1:A4) -> 213 | C5: =SUM(C1:C4) -> 742

Sheet pindah keluar
B2: No | C2: NO. KK | D2: Jumlah Jiwa | E2: Nama Lengkap/Panggilan | F2: Kedudukan Dalam Keluarga | G2: NIK | H2: Jenis Kelamin L/P | I2: Status Perkawinan | J2: Lahir | M2: Usia | N2: Agama | O2: Etnis | P2: Pendidikan Terakhir | Q2: Jurusan | R2: Pekerjaan | S2: Cacat | U2: Ada/tidak
J3: Tempat | K3: Tanggal | L3: Tahun | S3: Mental | T3: Fisik | U3: KK | V3: KTP/KIA | W3: Buku Niikah
A5: rt 3 | C5: 43 | D5: Ramli | E5: Anak | F5: 0 | G5: L | H5: Belum kawin | I5: Pekerja lepas | J5: 28125 | M5: Islam | O5: SD/MI
A6: rt 2 | C6: 49 | D6: Erna Nurmawati | E6: Anak | F6: 520101 4303890001 | G6: P | H6: Belum kawin | J6: 32601 | L6: =2019-K6 -> 2019 | M6: Islam | O6: PT/Akademi | Q6: Pegawai swasta
A7: RT 3 | C7: 94 | D7: Muhammad Saleh | E7: Anak | F7: 520101 3112910006 | G7: L | H7: Belum kawin | J7: 33603 | L7: =2019-K7 -> 2019 | M7: Islam | O7: SLTA/MA | Q7: -
D9: 62 | E9: Siti Sakrah | F9: Anak | G9: 520101 6407980001 | H9: P | I9: Belum kawin | K9: 36000 | M9: =2019-L9 -> 2019 | N9: Islam | P9: SLTP/MTSN | R9: -
D10: 42 | E10: Lina Apriani | F10: Anak | G10: 0 | H10: P | I10: Belum kawin | K10: 32976 | M10: =2019-L10 -> 2019 | P10: PT/Akademi | R10: -
A11: rt 4 | D11: 85 | E11: Muhammad Taqiyuddin | F11: Anak | G11: 520101 0107900106 | H11: L | I11: Belum kawin | J11: DASAN GERES BARAT | K11: 32903 | L11: 1990 | M11: =2019-L11 -> 29 | N11: Islam | O11: Sasak | P11: SLTA/SEDERAJAT | R11: Pelajar/Mahasiswa
A12: rt 1 | D12: 9 | E12: Ahmad Rozi Ashiddiqqi | F12: Anak | G12: 520101 1405860001 | H12: L | I12: Belum kawin | K12: 35929 | M12: =2019-L12 -> 2019 | N12: Islam | P12: PT/Akademi | R12: -
A13: rt 1 | D13: 148 | E13: Idham Halid | F13: Anak | G13: 520101 010790055 | H13: L | I13: Belum kawin | J13: DASAN GERES BARAT | K13: 32977 | L13: 1990 | M13: =2019-L13 -> 29 | N13: Islam | O13: Sasak | P13: SLTA/SEDERAJAT | R13: Wiraswasta
A14: rt 2 | D14: 12 | E14: Fatimi | F14: Anak | G14: 520101 4510880001 | H14: P | I14: Belum kawin | K14: 32421 | M14: =2019-L14 -> 2019 | N14: Islam | P14: SLTA/MA | R14: -

Sheet Sheet2
A3: No | B3: NO. KK | C3: Jumlah Jiwa | D3: Nama Lengkap/panggilan | E3: Kedudukan dalam Keluarga | F3: NIK | G3: Jenis Kelamin (L/P) | H3: Status Perkawinan | I3: Lahir | L3: Usia | M3: Agama | N3: Etnis | O3: Pendidikan Terakhir | P3: Jurusan | Q3: Pekerjaan | R3: Cacat | T3: Ada/tidak
I4: Tempat | J4: Tanggal | K4: tahun | R4: Mental | S4: Fisik | T4: KK | U4: KTP/KIA | V4: Buku Niikah
C6: 131 | D6: Suriani | E6: Anak | F6: 520101 5007800003 | G6: P | H6: Belum kawin | J6: 29412 | K6: 1980 | L6: =2019-K6 -> 39 | M6: Islam | O6: SLTA/MA | Q6: Wiraswasta
D7: M. Sadikin | E7: Anak | F7: 520101 0505880001 | G7: L | H7: Belum kawin | I7: DASAN GERES BARAT | J7: 32268 | K7: 1988 | L7: =2019-K7 -> 31 | M7: Islam | N7: Sasak | O7: SLTA/SEDERAJAT | Q7: Wiraswasta
C8: 136 | D8: Istiana Maisyarah | E8: Anak | F8: 520101 5205950004 | G8: P | H8: Belum kawin | J8: 34831 | L8: =2019-K8 -> 2019 | M8: Islam | O8: SLTA/MA | Q8: -
C9: 137 | D9: Ida Ayu Made Saptariani | E9: Anak | F9: 520101 5908940002 | G9: P | H9: Belum kawin | J9: 34593 | L9: =2019-K9 -> 2019 | M9: Islam | O9: SLTA/MA | Q9: -
C10: 111 | D10: Nurhayati | E10: Anak | F10: 520101 5207980002 | G10: P | H10: Belum kawin | J10: 35638 | L10: =2019-K10 -> 2019 | M10: Islam | O10: SLTP/MTSN | Q10: -
C11: 142 | D11: Reni Mardiyanti | E11: Anak | F11: 520101 4107960130 | G11: P | H11: Belum kawin | J11: 35256 | L11: =2019-K11 -> 2019 | M11: Islam | O11: SLTA/MA | Q11: -

Sheet meninggal
A2: No | B2: NO. KK | C2: Jumlah Jiwa | D2: Nama Lengkap/panggilan | E2: Kedudukan dalam Keluarga | F2: NIK | G2: Jenis Kelamin (L/P) | H2: Status Perkawinan | I2: Lahir | L2: Usia | M2: Agama | N2: Etnis | O2: Pendidikan Terakhir | P2: Jurusan | Q2: Pekerjaan | R2: Cacat | T2: Ada/tidak
I3: Tempat | J3: Tanggal | K3: tahun | R3: Mental | S3: Fisik | T3: KK | U3: KTP/KIA | V3: Buku Niikah
C5: 169 | D5: Haji Lalu Ridwan Ba | E5: KK | F5: 520101 3112530009 | G5: L | H5: Kawin | J5: 19724 | L5: =2019-K5 -> 2019 | O5: PT/Akademi | Q5: Pensiunan
A6: rt 1 | D6: 147 | E6: Patmah | F6: Istri | G6: 520101 4107600104 | H6: P | I6: Kawin | J6: DASAN GERES BARAT | K6: 22098 | L6: 1960 | M6: =2019-L6 -> 59 | N6: Islam | O6: Sasak | P6: TAMAT SD/SEDERAJAT | R6: Mengurus Rumah Tangga
