Workbook

Sheet Rekap
B2: REKAP DATA PENDUDUK
B3: LINGKUNGAN DASAN GERES BARAT
B4: RT | C4: Jumlah Penduduk | E4: Total | F4: Jumlah KK | H4: Total | I4: Jumlah Duda / Janda | K4: Total | L4: Jumlah Lansia ( =>60 ) | N4: Total
C5: L | D5: P | F5: L | G5: P | I5: L | J5: P | L5: L | M5: P
B6: RT 1 | C6: =COUNTIF('RT 01'!$H$8:$H$332,"L") -> 160 | D6: =COUNTIF('RT 01'!$H$8:$H$332,"P") -> 164 | E6: =SUM(C6:D6) -> 324 | F6: =COUNTIFS('RT 01'!$F$8:$F$332,"KK",'RT 01'!$H$8:$H$332,"L") -> 76 | G6: =COUNTIFS('RT 01'!$F$8:$F$332,"KK",'RT 01'!$H$8:$H$332,"P") -> 14 | H6: =SUM(F6:G6) -> 90 | I6: =COUNTIFS('RT 01'!$I$8:$I$332,"Cerai Mati",'RT 01'!$H$8:$H$332,"L")+COUNTIFS('RT 01'!$I$8:$I$332,"Cerai Hidup",'RT 01'!$H$8:$H$332,"L")+COUNTIFS('RT 01'!$I$8:$I$332,"Duda",'RT 01'!$H$8:$H$332,"L") -> 4 | J6: =COUNTIFS('RT 01'!$I$8:$I$332,"Cerai Mati",'RT 01'!$H$8:$H$332,"P")+COUNTIFS('RT 01'!$I$8:$I$332,"Cerai Hidup",'RT 01'!$H$8:$H$332,"P")+COUNTIFS('RT 01'!$I$8:$I$332,"Janda",'RT 01'!$H$8:$H$332,"P") -> 15 | K6: =SUM(I6:J6) -> 19 | L6: 19 | M6: 13 | N6: =SUM(L6:M6) -> 32
B7: RT 2 | C7: =COUNTIF('RT 02'!$H$8:$H$188,"L") -> 90 | D7: =COUNTIF('RT 02'!$H$8:$H$188,"P") -> 91 | E7: =SUM(C7:D7) -> 181 | F7: =COUNTIFS('RT 02'!$F$8:$F$188,"KK",'RT 02'!$H$8:$H$188,"L") -> 42 | G7: =COUNTIFS('RT 02'!$F$8:$F$188,"KK",'RT 02'!$H$8:$H$188,"P") -> 11 | H7: =SUM(F7:G7) -> 53 | I7: =COUNTIFS('RT 02'!$I$8:$I$188,"Cerai Mati",'RT 02'!$H$8:$H$188,"L")+COUNTIFS('RT 02'!$I$8:$I$188,"Cerai Hidup",'RT 02'!$H$8:$H$188,"L")+COUNTIFS('RT 02'!$I$8:$I$188,"Duda",'RT 02'!$H$8:$H$188,"L") -> 2 | J7: =COUNTIFS('RT 02'!$I$8:$I$188,"Cerai Mati",'RT 02'!$H$8:$H$188,"P")+COUNTIFS('RT 02'!$I$8:$I$188,"Cerai Hidup",'RT 02'!$H$8:$H$188,"P")+COUNTIFS('RT 02'!$I$8:$I$188,"Janda",'RT 02'!$H$8:$H$188,"P") -> 11 | K7: =SUM(I7:J7) -> 13 | L7: 7 | M7: 11 | N7: =SUM(L7:M7) -> 18
B8: RT 3 | C8: =COUNTIF('RT 03'!$H$8:$H$252,"L") -> 110 | D8: =COUNTIF('RT 03'!$H$8:$H$252,"P") -> 135 | E8: =SUM(C8:D8) -> 245 | F8: =COUNTIFS('RT 03'!$F$8:$F$252,"KK",'RT 03'!$H$8:$H$252,"L") -> 45 | G8: =COUNTIFS('RT 03'!$F$8:$F$252,"KK",'RT 03'!$H$8:$H$252,"P") -> 20 | H8: =SUM(F8:G8) -> 65 | I8: =COUNTIFS('RT 03'!$I$8:$I$252,"Cerai Mati",'RT 03'!$H$8:$H$252,"L")+COUNTIFS('RT 03'!$I$8:$I$252,"Cerai Hidup",'RT 03'!$H$8:$H$252,"L")+COUNTIFS('RT 03'!$I$8:$I$252,"Duda",'RT 03'!$H$8:$H$252,"L") -> 3 | J8: =COUNTIFS('RT 03'!$I$8:$I$252,"Cerai Mati",'RT 03'!$H$8:$H$252,"P")+COUNTIFS('RT 03'!$I$8:$I$252,"Cerai Hidup",'RT 03'!$H$8:$H$252,"P")+COUNTIFS('RT 03'!$I$8:$I$252,"Janda",'RT 03'!$H$8:$H$252,"P") -> 24 | K8: =SUM(I8:J8) -> 27 | L8: 6 | M8: 13 | N8: =SUM(L8:M8) -> 19
B9: RT 4 | C9: =COUNTIF('RT 04'!$H$8:$H$223,"L") -> 112 | D9: =COUNTIF('RT 04'!$H$8:$H$223,"P") -> 104 | E9: =SUM(C9:D9) -> 216 | F9: =COUNTIFS('RT 04'!$F$8:$F$223,"KK",'RT 04'!$H$8:$H$223,"L") -> 49 | G9: =COUNTIFS('RT 04'!$F$8:$F$223,"KK",'RT 04'!$H$8:$H$223,"P") -> 13 | H9: =SUM(F9:G9) -> 62 | I9: =COUNTIFS('RT 04'!$I$8:$I$223,"Cerai Mati",'RT 04'!$H$8:$H$223,"L")+COUNTIFS('RT 04'!$I$8:$I$223,"Cerai Hidup",'RT 04'!$H$8:$H$223,"L")+COUNTIFS('RT 04'!$I$8:$I$223,"Duda",'RT 04'!$H$8:$H$223,"L") -> 1 | J9: =COUNTIFS('RT 04'!$I$8:$I$223,"Cerai Mati",'RT 04'!$H$8:$H$223,"P")+COUNTIFS('RT 04'!$I$8:$I$223,"Cerai Hidup",'RT 04'!$H$8:$H$223,"P")+COUNTIFS('RT 04'!$I$8:$I$223,"Janda",'RT 04'!$H$8:$H$223,"P") -> 12 | K9: =SUM(I9:J9) -> 13 | L9: 10 | M9: 14 | N9: =SUM(L9:M9) -> 24
B10: RT 5 | C10: =COUNTIF('RT 05'!$H$8:$H$152,"L") -> 77 | D10: =COUNTIF('RT 05'!$H$8:$H$152,"P") -> 68 | E10: =SUM(C10:D10) -> 145 | F10: =COUNTIFS('RT 05'!$F$8:$F$152,"KK",'RT 05'!$H$8:$H$152,"L") -> 30 | G10: =COUNTIFS('RT 05'!$F$8:$F$152,"KK",'RT 05'!$H$8:$H$152,"P") -> 10 | H10: =SUM(F10:G10) -> 40 | I10: =COUNTIFS('RT 05'!$I$8:$I$152,"Cerai Mati",'RT 05'!$H$8:$H$152,"L")+COUNTIFS('RT 05'!$I$8:$I$152,"Cerai Hidup",'RT 05'!$H$8:$H$152,"L")+COUNTIFS('RT 05'!$I$8:$I$152,"Duda",'RT 05'!$H$8:$H$152,"L") -> 1 | J10: =COUNTIFS('RT 05'!$I$8:$I$152,"Cerai Mati",'RT 05'!$H$8:$H$152,"P")+COUNTIFS('RT 05'!$I$8:$I$152,"Cerai Hidup",'RT 05'!$H$8:$H$152,"P")+COUNTIFS('RT 05'!$I$8:$I$152,"Janda",'RT 05'!$H$8:$H$152,"P") -> 11 | K10: =SUM(I10:J10) -> 12 | L10: 5 | M10: 7 | N10: =SUM(L10:M10) -> 12
B11: JUMLAH TOTAL | C11: =SUM(C6:C10) -> 549 | D11: =SUM(D6:D10) -> 562 | E11: =SUM(E6:E10) -> 1111 | F11: =SUM(F6:F10) -> 242 | G11: =SUM(G6:G10) -> 68 | H11: =SUM(H6:H10) -> 310 | I11: =SUM(I6:I10) -> 11 | J11: =SUM(J6:J10) -> 73 | ... N11: =SUM(N6:N10) -> 105
C15: Mengetahui
C16: Lurah Dasan Geres | K16: Kepala Lingkungan
C20: Hulaifi, S.H. | K20: Halawi
C21: NIP. 19841231 201101 1 023

Sheet RT 01
B1: DATA INDUK PENDUDUK KELURAHAN DASAN GERES
B2: TAHUN 2019
B3: LINGKUNGAN DASAN GERES BARAT
B4: RT 01
B5: No | C5: NO. KK | D5: Jumlah Jiwa | E5: Nama Lengkap/ Panggilan | F5: Kedudukan dalam Keluarga | G5: NIK | H5: Jenis Kelamin (L/P) | I5: Status Perkawinan | J5: Lahir | M5: Usia | N5: Agama | O5: Etnis | P5: Pendidikan Terakhir | Q5: Jurusan | R5: Pekerjaan
J6: Tempat | K6: Tanggal | L6: Tahun
B8: 1 | C8: 520101 0503082772 | D8: 1 | E8: Syamsudin | F8: KK | G8: 520101 0901650002 | H8: L | I8: Kawin | J8: sumbawa | K8: 23986 | L8: 1965 | M8: =2019-1965 -> 54 | N8: Islam | O8: Sasak | P8: SLTA/Sederajat | R8: Wiraswasta
D9: 2 | E9: Saerah | F9: Istri | G9: 520101 4707650001 | H9: P | I9: Kawin | J9: Dasan Geres Barat | K9: 23930 | L9: 1965 | M9: =2019-1965 -> 54 | N9: Islam | O9: Sasak | P9: SLTA/Sederajat | R9: Wiraswasta
D10: 3 | E10: Budi Setiawan | F10: Anak | G10: 520101 2007880001 | H10: L | I10: Belum kawin | J10: Dasan Geres Barat | K10: 32344 | L10: 1988 | M10: =2019-1988 -> 31 | N10: Islam | O10: Sasak | P10: SLTA/Sederajat | R10: Wiraswasta
D11: 4 | E11: Suhardi | F11: Lain-lain | G11: 520101 0410780001 | H11: L | I11: Belum kawin | J11: Dasan Geres Barat | K11: 28590 | L11: 1978 | M11: =2019-1978 -> 41 | N11: Islam | O11: Sasak | P11: SLTA/Sederajat | R11: Wiraswasta
B12: 2 | C12: 5.2010115e+15 | D12: 5 | E12: Muhammadun | F12: KK | G12: 520101 1009700001 | H12: L | I12: Kawin | J12: Denpasar | K12: 43686 | L12: 1970 | M12: =2019-L12 -> 49 | N12: Islam | O12: Sasak | P12: SLTA/MA | R12: Wiraswasta
D13: 6 | E13: Nurjannah | F13: Istri | G13: 520101 6104700001 | H13: p | I13: Kawin | J13: Dasan Geres | K13: 25679 | L13: 1970 | M13: =2019-L13 -> 49 | N13: Islam | O13: Sasak | P13: SLTA/MA | R13: Pedagang
D14: 7 | E14: Muhammad Cahyadi Putra | F14: Anak | G14: 520101 0603950001 | H14: L | I14: Belum kawin | J14: Denpasar | K14: 34764 | L14: 1995 | M14: =2019-L14 -> 24 | N14: Islam | O14: Sasak | P14: SLTA/MA | R14: Pelajar/Mahasiswa
D15: 8 | E15: Muhammad Nur Alfaridzi | F15: Anak | G15: 520101 0302990003 | H15: L | I15: Belum kawin | J15: Dasan Geres | K15: 36194 | L15: 1999 | M15: =2019-L15 -> 20 | N15: Islam | O15: Sasak | P15: SLTP/MTSN
D16: 9 | E16: Salsabila Norma Seftiana | F16: Anak | G16: 520101 6609050001 | H16: P | I16: Belum kawin | J16: Denpasar | K16: 38621 | L16: 2005 | M16: =2019-L16 -> 14 | N16: Islam | O16: Sasak | R16: -
B17: 3 | C17: 520101 0503082767 | D17: 10 | E17: Fauzi | F17: KK | G17: 520101 1506650002 | H17: L | I17: Kawin | J17: Dasan Geres Barat | K17: 23908 | L17: 1965 | M17: =2019-1965 -> 54 | N17: Islam | O17: Sasak | P17: Tamat SD/Sederajat | R17: Pedagang
D18: 11 | E18: Hasanah | F18: Istri | G18: 520101 5006660001 | H18: P | I18: Kawin | J18: Dasan Geres Barat | K18: 24386 | L18: 1966 | M18: =2019-1966 -> 53 | N18: Islam | O18: Sasak | P18: Tidak/Belum Sekolah | R18: Pedagang
D19: 12 | E19: M. Hendrayadi | F19: Anak | G19: 520101 3003890001 | H19: L | I19: Belum kawin | J19: Dasan Geres Barat | K19: 32597 | L19: 1989 | M19: =2019-1989 -> 30 | N19: Islam | O19: Sasak | P19: SLTA/Sederajat | R19: Wiraswasta
D20: 13 | E20: Nurhalis Aji Majid | F20: Anak | G20: 520101 2703990002 | H20: L | I20: Belum kawin | J20: Dasan Geres Barat | K20: 36246 | L20: 1999 | M20: =2019-1999 -> 20 | N20: Islam | O20: Sasak | P20: SLTP/Sederajat | R20: Pelajar/Mahasiswa
D21: 14 | E21: Dewi Rahmawati | F21: Cucu | G21: 520101 4610060001 | H21: P | I21: Belum kawin | J21: Dasan Geres | K21: 38995 | L21: 2006 | M21: =2019-2006 -> 13 | N21: Islam | O21: Sasak | P21: Belum Tamat SD/Sederajat | R21: Pelajar/Mahasiswa
B22: 4 | C22: 520101 2710160025 | D22: 15 | E22: Hasan Basri | F22: KK | G22: 520101 1506650001 | H22: L | I22: Kawin | J22: Dasan Geres Barat | K22: 28345 | L22: 1977 | M22: =2019-1977 -> 42 | N22: Islam | O22: Sasak | P22: Belum Tamat SD/Sederajat | R22: Wiraswasta
D23: 16 | E23: Misnawati | F23: Istri | G23: 520101 4107670554 | H23: P | I23: Kawin | J23: Dasan Geres | K23: 29586 | L23: 1980 | M23: =2019-1980 -> 39 | N23: Islam | O23: Sasak | P23: SLTA/Sederajat | R23: Wiraswasta
D24: 17 | E24: Maulana Ibrahim Hasan | F24: Anak | G24: 520101 1112060002 | H24: L | I24: Belum kawin | J24: Dasan Geres | K24: 39062 | L24: 2006 | M24: =2019-2006 -> 13 | N24: Islam | O24: Sasak | P24: Tidak/Belum Bekerja | R24: Belum/Tidak Bekerja
D25: 18 | E25: Maizar Algifari | F25: Anak | G25: 520101 0811120002 | H25: L | I25: Belum kawin | J25: Dasan Geres | K25: 41221 | L25: 2012 | M25: =2019-2012 -> 7 | N25: Islam | O25: Sasak | P25: Tidak/Belum Sekolah | R25: Belum/Tidak Bekerja
D26: 19 | E26: Muhamad | F26: Orang Tua | G26: 520101 0606310001 | H26: L | I26: Kawin | J26: Dasan Geres Barat | K26: 11480 | L26: 1931 | M26: =2019-1931 -> 88 | N26: Islam | O26: Sasak | P26: Tidak Belum Sekolah | R26: Buruh Harian Lepas
D27: 20 | E27: Sahnun | F27: Orang Tua | G27: 520101 5506400001 | H27: P | I27: Kawin | J27: Dasan Geres Barat | K27: 14777 | L27: 1940 | M27: =2019-1940 -> 79 | N27: Islam | O27: Sasak | P27: Tidak/Belum Sekolah | R27: Buruh Harian Lepas
B28: 5 | C28: 520101 0503082847 | D28: 21 | E28: Azhar | F28: KK | G28: 520101 0107510029 | H28: L | I28: Kawin | J28: Dasan Geres Barat | K28: 18810 | L28: 1951 | M28: =2019-1958 -> 61 | N28: Islam | O28: Sasak | P28: Tamat SD/Sederajat | R28: Tukang Kayu
D29: 22 | E29: Sahariyah | F29: Istri | G29: 520101 7112580025 | H29: L | I29: Kawin | J29: Dasan Geres Barat | K29: 21550 | L29: 1958 | M29: =2019-1958 -> 61 | N29: Islam | O29: Sasak | P29: Belum Tamat SD/Sederajat | R29: Mengurus Rumah Tangga
D30: 23 | E30: M. Iqbal | F30: Anak | G30: 520101 0709890001 | H30: L | I30: Belum kawin | J30: Dasan Geres Barat | K30: 32758 | L30: 1989 | M30: =2019-1989 -> 30 | N30: Islam | O30: Sasak | P30: SLTA/Sederajat | R30: Pelajar/Mahasiswa
D31: 24 | E31: Fahmi Idris | F31: Anak | G31: 520101 2209000002 | H31: L | I31: Belum kawin | J31: Dasan Geres Barat | K31: 36791 | L31: 2000 | M31: =2019-2000 -> 19 | N31: Islam | O31: Sasak | P31: SLTA/Sederajat | R31: Pelajar/Mahasiswa
B32: 6 | C32: 520101 0503082860 | D32: 25 | E32: Mahzan | F32: KK | G32: 520101 0204580002 | H32: L | I32: Kawin | J32: Dasan Geres Barat | K32: 21277 | L32: 1958 | M32: =2019-L32 -> 61 | N32: Islam | O32: Sasak | P32: SD/MI | R32: Pedagang
D33: 26 | E33: Sairah | F33: Istri | G33: 520101 4607630002 | H33: P | I33: Kawin | J33: Bug Bug | K33: 23198 | L33: 1963 | M33: =2019-L33 -> 56 | N33: Islam | O33: Sasak | P33: Belum Tamat SD/Sederajat | R33: Pembantu Rumah Tangga
D34: 27 | E34: Hayu Nurpa | F34: Anak | G34: 520101 5805920001 | H34: P | I34: Belum kawin | J34: Dasan Geres Barat | K34: 33742 | L34: 1992 | M34: =2019-L34 -> 27 | N34: Islam | O34: Sasak | P34: Belum Tamat SD/Sederajat | R34: Belum/Tidak Bekerja
D35: 28 | E35: Luh Marzana | F35: Anak | G35: 520101 4209940004 | H35: P | I35: Belum kawin | J35: Dasan Geres Barat | K35: 34579 | L35: 1994 | M35: =2019-L35 -> 25 | N35: Islam | O35: Sasak | P35: SLTP/Sederajat | R35: Pelajar/Mahasiswa
B36: 7 | C36: 520101 0304130001 | D36: 29 | E36: Muhammad Fahrizal | F36: KK | G36: 520101 1010790001 | H36: L | I36: Kawin | J36: Dasan geres barat | K36: 29138 | L36: 1979 | M36: =2019-1979 -> 40 | N36: Islam | O36: Sasak | P36: SLTA/Sederajat | R36: Karyawan Honorer
D37: 30 | E37: Baiq Fitrianingsih | F37: Istri | G37: 520805 6906840001 | H37: P | I37: Kawin | J37: Karang Baro | K37: 30862 | L37: 1984 | M37: =2019-1984 -> 35 | N37: Islam | O37: Sasak | P37: SLTA/Sederajat | R37: Wiraswasta
B38: 8 | D38: 31 | E38: Muhammad Ali Jedi,S.Ip | F38: KK | G38: 520101 1509770003 | H38: L | I38: Kawin | K38: 28171 | L38: =YEAR(K38) -> 1977 | M38: =2019-L38 -> 42 | N38: Islam | P38: PT/Akademi | R38: Pegawai swasta
D39: 32 | E39: Evi Silvia | F39: Istri | G39: 520101 5701770003 | H39: P | I39: Kawin | K39: 28142 | L39: =YEAR(K39) -> 1977 | M39: =2019-L39 -> 42 | N39: Islam | P39: SLTA/MA | R39: Pekerja lepas
D40: 33 | E40: Shabriena Alvi Ghassani | F40: Anak | G40: 520101 5932050004 | H40: P | I40: Belum kawin | K40: 37662 | L40: =YEAR(K40) -> 2003 | M40: =2019-L40 -> 16 | N40: Islam | P40: - | R40: -
D41: 34 | E41: Rafiq Alvi Ghassani | F41: Anak | G41: 520101 1736090003 | H41: L | I41: Belum kawin | K41: 39950 | L41: =YEAR(K41) -> 2009 | M41: =2019-L41 -> 10 | N41: Islam | P41: - | R41: -
D42: 35 | E42: Sakhi Alvi Anaqi | F42: Anak | G42: 520101 2404120002 | H42: L | I42: Belum kawin | K42: 40932 | L42: =YEAR(K42) -> 2012 | M42: =2019-L42 -> 7 | N42: Islam | P42: - | R42: -
B43: 9 | C43: 520101 1201850003 | D43: 36 | E43: Suhari | F43: KK | G43: 520101 1201850003 | H43: L | I43: Kawin | J43: Dasan Geres | K43: 31059 | L43: 1965 | M43: =2019-1965 -> 54 | N43: Islam | O43: Sasak | P43: SLTP/Sederajat | R43: Wiraswasta
D44: 37 | E44: Nurhayati | F44: Istri | G44: 520307 4202790005 | H44: P | I44: Kawin | J44: Rumbuk | K44: 28888 | L44: 1979 | M44: =2019-1979 -> 40 | N44: Islam | O44: Sasak | P44: SLTA/Sederajat | R44: PNS
D45: 38 | E45: Agung Setiawansyah | F45: Anak | G45: 520307 2908060002 | H45: L | I45: Belum kawin | J45: Selong | K45: 38958 | L45: 2006 | M45: =2019-2006 -> 13 | N45: Islam | O45: Sasak | P45: Tamat SD/Sederajat | R45: Pelajar/Mahasiswa
D46: 39 | E46: Arsyaka Ferdinan Syah | F46: Anak | G46: 520101 0506160001 | H46: L | I46: Belum kawin | J46: Dasan Geres | K46: 42526 | L46: 2016 | M46: =2019-2016 -> 3 | N46: Islam | O46: Sasak | P46: Tidak/Belum Sekolah | R46: Belum/Tidak Bekerja
B47: 10 | C47: 520101 2508160012 | D47: 40 | E47: Siti Hajar | F47: KK | G47: 520101 5212640002 | H47: P | I47: Cerai Mati | J47: Sumbawa | K47: 23723 | L47: 1964 | M47: =2019-1964 -> 55 | N47: Islam | O47: Sasak | P47: SLTP/Sederajat | R47: Mengurus Rumah Tangga
D48: 41 | E48: Teguh Nurdiansyah | F48: Anak | G48: 520101 1507950001 | H48: L | I48: Belum kawin | J48: Gerung | K48: 34895 | L48: 1995 | M48: =2019-1995 -> 24 | N48: Islam | O48: Sasak | P48: SLTA/Sederajat | R48: Pelajar/Mahasiswa
B49: 11 | C49: 520101 0503084305 | D49: 42 | E49: Muhammad Sutiaris | F49: KK | G49: 520101 0107680082 | H49: L | I49: Kawin | J49: Dasan geres barat | K49: 21692 | L49: 1959 | M49: =2019-1959 -> 60 | N49: Islam | O49: Sasak | P49: SLTP/Sederajat | R49: Wiraswasta
D50: 43 | E50: Mukminah | F50: Istri | G50: 520101 52047220001 | H50: P | I50: Kawin | J50: Pelembak | K50: 29858 | L50: 1981 | M50: =2019-1981 -> 38 | N50: Islam | O50: Sasak | P50: SLTP/Sederajat | R50: Mengururs Rumah Tangga
D51: 44 | E51: Dikhiyat Al Qalbi | F51: Anak | G51: 520101 1510020004 | H51: L | I51: Belum kawin | J51: Dasan Geres | K51: 37544 | L51: 2002 | M51: =2019-2002 -> 17 | N51: Islam | O51: Sasak | P51: Tamat SD/Sederajat | R51: Pelajar/Mahasiswa
D52: 45 | E52: Risna Apriliana | F52: Anak | G52: 520101 6404040009 | H52: P | I52: Belum kawin | J52: Dasan Geres | K52: 38101 | L52: 2004 | M52: =2019-2004 -> 15 | N52: Islam | O52: Sasak | P52: Belum Tamat SD/Sederajat | R52: Belum Bekerja
B53: 12 | C53: 520101 0503082794 | D53: 46 | E53: Sanip | F53: KK | G53: 520101 1506580001 | H53: L | I53: Kawin | J53: Dasan Geres Barat | K53: 21351 | L53: 1958 | M53: =2019-1958 -> 61 | N53: Islam | O53: Sasak | P53: Tamat SD/Sederajat | R53: Tukang Kayu
D54: 47 | E54: Hairiah | F54: Istri | G54: 520101 5506610001 | H54: P | I54: Kawin | J54: Daan Geres Barat | K54: 22447 | L54: 1961 | M54: =2019-1961 -> 58 | N54: Islam | O54: Sasak | P54: Tamat SD/Sederajat | R54: Mengurus Rumah Tangga
D55: 48 | E55: Marzuki | F55: Anak | G55: 520101 0306840001 | H55: L | I55: Belum kawin | J55: Dasan Geres Barat | K55: 31109 | L55: 1984 | M55: =2019-1984 -> 35 | N55: Islam | O55: Sasak | P55: SLTP/Sederajat | R55: Wiraswasta
D56: 49 | E56: Rohani | F56: Anak | G56: 520101 7005850003 | H56: P | I56: Belum kawin | J56: Daan Geres Barat | K56: 31197 | L56: 1985 | M56: =2019-1985 -> 34 | N56: Islam | O56: Sasak | P56: SLTP/Sederajat | R56: Belum/Tidak Bekerja
B57: 13 | C57: 520101 0503082987 | D57: 50 | E57: Sinie | F57: KK | G57: 520101 0107600327 | H57: L | I57: Kawin | J57: Lingsar | K57: 22098 | L57: 1960 | M57: =2019-1960 -> 59 | N57: Islam | O57: Sasak | P57: Tamat SD/Sederajat | R57: Buruh Tani/Perkebunan
D58: 51 | E58: Hikmah | F58: Istri | G58: 520101 4706720001 | H58: P | I58: Kawin | J58: Dasan Geres Barat | K58: 26457 | L58: 1972 | M58: =2019-1972 -> 47 | N58: Islam | O58: Sasak | P58: Tamat SD/Sederajat | R58: Mengurus Rumah Tangga
D59: 52 | E59: Muhammad Riki Muladi | F59: Anak | G59: 520101 0607980002 | H59: L | I59: Belum kawin | J59: Dasan Geres Barat | K59: 35982 | L59: 1998 | M59: =2019-1998 -> 21 | N59: Islam | O59: Sasak | P59: SLTA/Sederajat | R59: Pelajar/Mahasiswa
D60: 53 | E60: Muhaimi | F60: Anak | G60: 520101 0107040276 | H60: L | I60: Belum kawin | J60: Dasan Geres Barat | K60: 38776 | L60: 2005 | M60: =2019-2005 -> 14 | N60: Islam | O60: Sasak | P60: Belum Tamat SD/Sederajat | R60: Pelajar/Mahasiswa
B61: 14 | D61: 54 | E61: Tursiah | F61: KK | G61: 520101 4604330002 | H61: P | I61: Janda | K61: 30411 | L61: =YEAR(K61) -> 1983 | M61: =2019-L61 -> 36 | N61: Islam | P61: SLTA/MA | R61: Pekerja lepas
D62: 55 | E62: M. Ikromi Asyari | F62: Anak | G62: 520101 1411020001 | H62: L | I62: Belum kawin | K62: 37574 | L62: =YEAR(K62) -> 2002 | M62: =2019-L62 -> 17 | N62: Islam | P62: - | R62: -
B63: 15 | D63: 56 | E63: Mahyun | F63: KK | G63: 520101 3112410003 | H63: L | I63: Kawin | K63: 15341 | L63: =YEAR(K63) -> 1941 | M63: =2019-L63 -> 78 | N63: Islam | P63: SD/MI | R63: Pensiunan
D64: 57 | E64: Pesah | F64: Istri | G64: 520101 7112450003 | H64: P | I64: Kawin | K64: 16802 | L64: =YEAR(K64) -> 1945 | M64: =2019-L64 -> 74 | N64: Islam | P64: SD/MI | R64: -
B65: 16 | D65: 58 | E65: Muhammad Sefti Rosidi | F65: KK | G65: 520101 1909840001 | H65: L | I65: Kawin | K65: 30944 | L65: =YEAR(K65) -> 1984 | M65: =2019-L65 -> 35 | N65: Islam | P65: PT/Akademi | R65: Pegawai swasta
D66: 59 | E66: Liawinati | F66: Istri | G66: 520101 5608890001 | H66: P | I66: Kawin | K66: 32750 | L66: =YEAR(K66) -> 1989 | M66: =2019-L66 -> 30 | N66: Islam | P66: SLTA/MA | R66: Pegawai swasta
B67: 17 | C67: 520101 0503084342 | D67: 60 | E67: Horiah | F67: KK | G67: 520101 4107640114 | H67: P | I67: Cerai Mati | J67: Dasan Geres | K67: 23559 | L67: 1964 | M67: =2019-1964 -> 55 | N67: Islam | O67: Sasak | P67: Tidak/Belum Sekolah | R67: Buruh Tani/Perkebunan
D68: 61 | E68: Budiman Apriandi | F68: Anak | G68: 520101 1204940001 | H68: L | I68: Belum kawin | J68: Dasan Geres Barat | K68: 34436 | L68: 1994 | M68: =2019-1994 -> 25 | N68: Islam | O68: Sasak | P68: SLTA/Sederajat | R68: Belum/Tidak Bekerja
D69: 62 | E69: Yudi Kurniawan | F69: Anak | G69: 520101 2512001002 | H69: L | I69: Belum kawin | J69: Dasan Geres | K69: 36885 | L69: 2000 | M69: =2019-2000 -> 19 | N69: Islam | O69: Sasak | P69: SLTP/Sederajat | R69: Pelajar/Mahasiswa
D70: 63 | E70: Wahyu Hartati | F70: Anak | G70: 520101 4605040001 | H70: P | I70: Belum kawin | J70: Dasan Geres | K70: 38113 | L70: 2004 | M70: =2019-2004 -> 15 | N70: Islam | O70: Sasak | P70: Tamat SD/Sederajat | R70: Pelajar/Mahasiswa
B71: 18 | C71: 520101 0503082883 | D71: 64 | E71: Muhinah | F71: KK | G71: 520101 4107520249 | H71: P | I71: Cerai Mati | J71: Dasan Geres Barat | K71: 19176 | L71: 1952 | M71: =2019-1952 -> 67 | N71: Islam | O71: Sasak | P71: Tidak/Belum Sekolah | R71: Mengurus Rumah Tangga
D72: 65 | E72: Sahman | F72: Anak | G72: 520101 0803760001 | H72: L | I72: Belum kawin | J72: Dasan Geres Barat | K72: 27827 | L72: 1976 | M72: =2019-1976 -> 43 | N72: Islam | O72: Sasak | P72: Tamat SD/Sederajat | R72: Buruh Tani/Perkebunan
D73: 66 | E73: Murianah | F73: Anak | G73: 520101 4107880143 | H73: P | I73: Belum kawin | J73: Dasan Geres Barat | K73: 32508 | L73: 1988 | M73: =2019-1988 -> 31 | N73: Islam | O73: Sasak | P73: SLTA/Sederajat | R73: Pelajar/Mahasiswa
D74: 67 | E74: Wasniatun | F74: Anak | G74: 520101 4107900045 | H74: P | I74: Belum kawin | J74: Dasan Geres Barat | K74: 33103 | L74: 1990 | M74: =2019-1990 -> 29 | N74: Islam | O74: Sasak | P74: SLTA/Sederajat | R74: Wiraswasta
B75: 19 | D75: 68 | E75: Safi’i | F75: KK | G75: 520101 200402521 | H75: L | I75: Kawin | K75: 28125 | L75: =YEAR(K75) -> 1976 | M75: =2019-L75 -> 43 | N75: Islam | P75: SLTP/MTSN | R75: Pedagang
D76: 69 | E76: Munajah | F76: Istri | G76: 520101 200402522 | H76: P | I76: Kawin | K76: 28855 | L76: =YEAR(K76) -> 1978 | M76: =2019-L76 -> 41 | N76: Islam | P76: SLTA/MA | R76: Pedagang
D77: 70 | E77: Safiatun Najah | F77: Anak | G77: 520101 200402524 | H77: P | I77: Belum kawin | K77: 38264 | L77: =YEAR(K77) -> 2004 | M77: =2019-L77 -> 15 | N77: Islam | P77: - | R77: -
B78: 20 | C78: 520101 0503083000 | D78: 71 | E78: Muhamad | F78: KK | G78: 520101 0107550084 | H78: L | I78: Kawin | J78: Dasan Geres Barat | K78: 21941 | L78: 1960 | M78: =2019-1960 -> 59 | N78: Islam | O78: Sasak | P78: SLTP/Sederajat | R78: Wiraswasta
D79: 72 | E79: Maah | F79: Istri | G79: 520101 4107600074 | H79: P | I79: Kawwin | J79: Dasan geres barat | K79: 22098 | L79: 1960 | M79: =2019-1960 -> 59 | N79: Islam | O79: Sasak | P79: SLTP/Sederajat | R79: Mengururs Rumah Tangga
D80: 73 | E80: Eliza Afriani | F80: Anak | G80: 520101 65004980001 | H80: P | I80: Belum kawin | J80: Dasan geres barat | K80: 35910 | L80: 1998 | M80: =2019-1998 -> 21 | N80: Islam | O80: Sasak | P80: SLTA/Sederajat | R80: Belum/Tidak Bekerja
B81: 21 | D81: 74 | E81: Munawir | F81: KK | G81: 520101 0902840002 | H81: L | I81: Kawin | K81: 30721 | L81: =YEAR(K81) -> 1984 | M81: =2019-L81 -> 35 | N81: Islam | P81: SLTA/MA | R81: Wiraswasta
D82: 75 | E82: Ida Sri Purnamasari | F82: Istri | G82: 5.2710543e+15 | H82: P | I82: Kawin | K82: 30470 | L82: =YEAR(K82) -> 1983 | M82: =2019-L82 -> 36 | N82: Islam | P82: PT/Akademi | R82: PNS/TNI/ POLRI
D83: 76 | E83: Qairin Insyirah | F83: Anak | G83: 520101 6609140002 | H83: P | I83: Belum kawin | K83: 41908 | L83: =YEAR(K83) -> 2014 | M83: =2019-L83 -> 5 | N83: Islam | P83: - | R83: -
B84: 22 | D84: 77 | E84: Ishaq | F84: KK | G84: 520101 0107730070 | H84: L | I84: Kawin | K84: 27029 | L84: =YEAR(K84) -> 1973 | M84: =2019-L84 -> 46 | N84: Islam | P84: - | R84: Pekerja lepas
D85: 78 | E85: Sri Suryani | F85: Istri | G85: 520101 4107750158 | H85: P | I85: Kawin | K85: 29409 | L85: =YEAR(K85) -> 1980 | M85: =2019-L85 -> 39 | N85: Islam | P85: SLTP/MTSN | R85: Pedagang
D86: 79 | E86: Najwa Sakila | F86: Anak | G86: 520101 5100701002 | H86: P | I86: Belum kawin | K86: 37083 | L86: =YEAR(K86) -> 2001 | M86: =2019-L86 -> 18 | N86: Islam | P86: SD/MI | R86: -
D87: 80 | E87: Nuri Putih Diniyanti | F87: Anak | G87: 520101 5005110002 | H87: P | I87: Belum kawin | K87: 40704 | L87: =YEAR(K87) -> 2011 | M87: =2019-L87 -> 8 | N87: Islam | P87: - | R87: -
B88: 23 | D88: 81 | E88: Haerudin | F88: KK | G88: 520101 1705801001 | H88: L | I88: Kawin | K88: 29358 | L88: =YEAR(K88) -> 1980 | M88: =2019-L88 -> 39 | N88: Islam | P88: SLTP/MTSN | R88: Pekerja lepas
D89: 82 | E89: Rohani | F89: Istri | G89: 520101 6412801001 | H89: P | I89: Kawin | K89: 29579 | L89: =YEAR(K89) -> 1980 | M89: =2019-L89 -> 39 | N89: Islam | P89: SLTP/MTSN | R89: Pedagang
D90: 83 | E90: Laili Handayani | F90: Anak | G90: 520101 6904101001 | H90: P | I90: Belum kawin | K90: 40297 | L90: =YEAR(K90) -> 2010 | M90: =2019-L90 -> 9 | N90: Islam | P90: - | R90: -
D91: 84 | E91: Mohamad Fayat | F91: Anak | G91: 520101 1012121001 | H91: L | I91: Belum kawin | K91: 41253 | L91: =YEAR(K91) -> 2012 | M91: =2019-L91 -> 7 | N91: Islam | P91: - | R91: -
B92: 24 | D92: 85 | E92: H. L. Maesur | F92: KK | G92: 520101 3112540001 | H92: L | I92: Kawin | K92: 23742 | L92: =YEAR(K92) -> 1964 | M92: =2019-L92 -> 55 | N92: Islam | P92: SD/MI | R92: Wiraswasta
D93: 86 | E93: Paridah | F93: Istri | G93: 520101 7112690026 | H93: P | I93: Kawin | K93: 25568 | L93: =YEAR(K93) -> 1969 | M93: =2019-L93 -> 50 | N93: Islam | P93: SD/MI | R93: -
D94: 87 | E94: Lalu Hidayat | F94: Anak | G94: 520101 1511040001 | H94: L | I94: Belum kawin | K94: 38306 | L94: =YEAR(K94) -> 2004 | M94: =2019-L94 -> 15 | N94: Islam | P94: - | R94: -
B95: 25 | C95: 520101 0503082715 | D95: 88 | E95: Maesah | F95: KK | G95: 520101 6012700001 | H95: P | I95: Cerai Mati | J95: Dasan Geres Barat | K95: 25922 | L95: 1970 | M95: =2019-1970 -> 49 | N95: Islam | O95: Sasak | P95: Belum Tamat SD/Sederajat | R95: Buruh Tani/Perkebunan
B96: 26 | C96: 520101 0503084332 | D96: 89 | E96: Faisal | F96: KK | G96: 520101 0107620049 | H96: L | I96: Kawin | J96: Dasan geres barat | K96: 25568 | L96: 1969 | M96: =2019-1969 -> 50 | N96: Islam | O96: Sasak | P96: Tamat SD/Sederajat | R96: Petani/Perkebunan
D97: 90 | E97: Janakyah | F97: Istri | G97: 520101 4107640116 | H97: P | I97: Kawin | J97: Dasan geres barat | K97: 23383 | L97: 1964 | M97: =2019-1964 -> 55 | N97: Islam | O97: Sasak | P97: tidak/belum sekolah | R97: Buruh Tani/Perkebunan
D98: 91 | E98: Muhammad Solihi | F98: Anak | G98: 520101 0107980271 | H98: L | I98: Belum kawin | J98: Dasan geres barat | K98: 35596 | L98: 1997 | M98: =2019-1997 -> 22 | N98: Islam | O98: Sasak | P98: SLTA/Sederajat | R98: Pelajar/Mahasiswa
D99: 92 | E99: Ahmad Ramdani | F99: Anak | G99: 520101 4510050001 | H99: L | I99: Belum kawin | J99: Dasan geres barat | K99: 38035 | L99: 2004 | M99: =2019-2004 -> 15 | N99: Islam | O99: Sasak | P99: Tamat SD/Sederajat | R99: Pelajar/Mahasiswa
B100: 27 | D100: 93 | E100: H. Zuryatun | F100: KK | G100: 520101 5506730001 | H100: P | I100: Janda | K100: 20682 | L100: =YEAR(K100) -> 1956 | M100: =2019-L100 -> 63 | N100: Islam | P100: SD/MI | R100: Pegawai swasta
D101: 94 | E101: Miftahurrizki | F101: Anak | G101: 520101 4309540001 | H101: P | I101: Belum kawin | K101: 32759 | L101: =YEAR(K101) -> 1989 | M101: =2019-L101 -> 30 | N101: Islam | P101: PT/Akademi | R101: PNS/TNI/ POLRI
...

Sheet RT 02
B1: DATA INDUK PENDUDUK KELURAHAN DASAN GERES
B2: TAHUN 2019
B3: LINGKUNGAN DASAN GERES BARAT
B4: RT 02
B5: No | C5: Nomor KK | D5: Jumlah Jiwa | E5: Nama Lengkap/ Panggilan | F5: Kedudukan dalam Keluarga | G5: NIK | H5: Jenis Kelamin (L/P) | I5: Status Perkawinan | J5: Lahir | M5: Usia | N5: Agama | O5: Etnis | P5: Pendidikan Terakhir | Q5: Jurusan | R5: Pekerjaan
J6: Tempat | K6: Tanggal | L6: Tahun
B8: 1 | D8: 1 | E8: Nurholis Jamil | F8: KK | G8: 520101 2901850001 | H8: L | I8: Kawin | K8: 31071 | L8: =YEAR(K8) -> 1985 | M8: =2019-L8 -> 34 | N8: Islam | P8: SLTA/MA | R8: PNS/TNI/ POLRI
D9: 2 | E9: Juliyanti | F9: Istri | G9: 527101 4507900000 | H9: P | I9: Kawin | K9: 33059 | L9: =YEAR(K9) -> 1990 | M9: =2019-L9 -> 29 | N9: Islam | P9: PT/Akademi | R9: Pegawai swasta
B10: 2 | D10: 3 | E10: Hajjah Nurhidayah | F10: KK | G10: 520101 4107590149 | H10: P | I10: Janda | K10: 21915 | L10: =YEAR(K10) -> 1959 | M10: =2019-L10 -> 60 | N10: Islam | P10: SLTA/MA | R10: Petani
D11: 4 | E11: Anis Sujudi | F11: Anak | G11: 520101 2007920001 | H11: L | I11: Belum kawin | K11: 33805 | L11: =YEAR(K11) -> 1992 | M11: =2019-L11 -> 27 | N11: Islam | P11: SLTA/MA | R11: -
D12: 5 | E12: Wazir Fahmi | F12: Anak | G12: 520101 2908950001 | H12: L | I12: Belum kawin | K12: 34935 | L12: =YEAR(K12) -> 1995 | M12: =2019-L12 -> 24 | N12: Islam | P12: SLTA/MA | R12: -
B13: 3 | D13: 6 | E13: M Tauhid S.P | F13: KK | G13: 520101 3009700002 | H13: L | I13: Kawin | K13: 25841 | L13: =YEAR(K13) -> 1970 | M13: =2019-L13 -> 49 | N13: Islam | P13: PT/Akademi | R13: Wiraswasta
D14: 7 | E14: Nurhasanah S.Pd | F14: Istri | G14: 520101 4806820001 | H14: P | I14: Kawin | K14: 30110 | L14: =YEAR(K14) -> 1982 | M14: =2019-L14 -> 37 | N14: Islam | P14: PT/Akademi | R14: PNS/TNI/ POLRI
D15: 8 | E15: M Nabil Asnawi | F15: Anak | G15: 520101 2108060001 | H15: L | I15: Belum kawin | K15: 38889 | L15: =YEAR(K15) -> 2006 | M15: =2019-L15 -> 13 | N15: Islam | P15: - | R15: -
D16: 9 | E16: M Rizki Firdaus | F16: Anak | G16: 520101 0806111002 | H16: L | I16: Belum kawin | K16: 40702 | L16: =YEAR(K16) -> 2011 | M16: =2019-L16 -> 8 | N16: Islam | P16: - | R16: -
D17: 10 | E17: M Ammar Sya’bani | F17: Anak | G17: 520101 1906131004 | H17: L | I17: Belum kawin | K17: 41444 | L17: =YEAR(K17) -> 2013 | M17: =2019-L17 -> 6 | N17: Islam | P17: - | R17: -
B18: 4 | C18: 520101 0503084555 | D18: 11 | E18: Halawi | F18: KK | G18: 520101 0107730241 | H18: L | I18: Kawin | J18: Dasan Geres Barat | K18: 28125 | L18: 1976 | M18: =2019-L18 -> 43 | N18: Islam | O18: Sasak | P18: SLTA/Sederajat | R18: Wiraswasta
D19: 12 | E19: Maemunah | F19: Istri | G19: 520101 4107800377 | H19: P | I19: Kawin | J19: Dasan Geres Barat | K19: 29373 | L19: 1980 | M19: =2019-L19 -> 39 | N19: Islam | O19: Sasak | P19: SLTP/Sederajat | R19: Mengurus Rumah Tangga
D20: 13 | E20: Mutia Sakina | F20: Anak | G20: 520101 6303050001 | H20: P | I20: Belum kawin | J20: Dasan Geres Barat | K20: 38414 | L20: 2005 | M20: =2019-L20 -> 14 | N20: Islam | O20: Sasak | P20: Belum Tamat SD/Sederajat | R20: Pelajar/Mahasiswa
D21: 14 | E21: Nur Salisa | F21: Anak | G21: 520101 4206070001 | H21: P | I21: Belum kawin | J21: Dasan Geres Barat | K21: 39265 | L21: 2007 | M21: =2019-L21 -> 12 | N21: Islam | O21: Sasak | P21: Belum Tamat SD/Sederajat | R21: Pelajar/Mahasiswa
D22: 15 | E22: Madina Latifa | F22: Anak | G22: 520101 6702110003 | H22: P | I22: Belum kawin | J22: Dasan Geres Barat | K22: 40601 | L22: 2011 | M22: =2019-L22 -> 8 | N22: Islam | O22: Sasak | P22: Tidak/Belum Sekolah | R22: Belum/Tidak Bekerja
D23: 16 | E23: Sadariah | F23: Orang Tua | G23: 520101 7112430034 | H23: P | I23: Cerai Mati | J23: Dasan Geres Barat | K23: 16802 | L23: 1945 | M23: =2019-L23 -> 74 | N23: Islam | O23: Sasak | P23: Tidak/Belum Sekolah | R23: Belum/Tidak Bekerja
B24: 5 | C24: 520101 0503084551 | D24: 17 | E24: Saefudin | F24: KK | G24: 520101 0107780066 | H24: L | I24: Kawin | J24: Dasan Geres | K24: 29325 | L24: 1980 | M24: =2019-L24 -> 39 | N24: Islam | O24: Sasak | P24: SLTA/Sederajat | R24: Wiraswasta
D25: 18 | E25: Asturiyanti | F25: Istri | G25: 520101 4107860089 | H25: P | I25: Kawin | J25: Bangket Gawah | K25: 31430 | L25: 1986 | M25: =2019-L25 -> 33 | N25: Islam | O25: Sasak | P25: SLTA/Sederajat | R25: Wiraswasta
D26: 19 | E26: Najib Afriyandi | F26: Anak | G26: 520101 2306090003 | H26: L | I26: Belum kawin | J26: Dasan Geres | K26: 39987 | L26: 2009 | M26: =2019-L26 -> 10 | N26: Islam | O26: Sasak | P26: Belum Tamat SD/Sederajat | R26: Pelajar/Mahasiswa
B27: 6 | D27: 20 | E27: Haji Nazar Naamy M. Si | F27: KK | G27: 520101 0107720166 | H27: L | I27: Kawin | K27: 26330 | L27: =YEAR(K27) -> 1972 | M27: =2019-L27 -> 47 | N27: Islam | P27: PT/Akademi | R27: PNS/TNI/ POLRI
D28: 21 | E28: Hajjah Zuhaeranah S. Ag | F28: Istri | G28: 520101 4107770505 | H28: P | I28: Kawin | K28: 28260 | L28: =YEAR(K28) -> 1977 | M28: =2019-L28 -> 42 | N28: Islam | P28: PT/Akademi | R28: -
D29: 22 | E29: A Irfan Ghifary | F29: Anak | G29: 520101 0407031002 | H29: L | I29: Belum kawin | K29: 37806 | L29: =YEAR(K29) -> 2003 | M29: =2019-L29 -> 16 | N29: Islam | P29: - | R29: -
D30: 23 | E30: Luna Febriana S | F30: Anak | G30: 520101 4402081001 | H30: P | I30: Belum kawin | K30: 39482 | L30: =YEAR(K30) -> 2008 | M30: =2019-L30 -> 11 | N30: Islam | P30: - | R30: -
D31: 24 | E31: Muhammad Nizar Fatria | F31: Anak | G31: 520101 1202141003 | H31: L | I31: Belum kawin | K31: 41682 | L31: =YEAR(K31) -> 2014 | M31: =2019-L31 -> 5 | N31: Islam | P31: - | R31: -
B32: 7 | D32: 25 | E32: Junainah | F32: KK | G32: 520101 7112630030 | H32: P | I32: Janda | K32: 23376 | L32: =YEAR(K32) -> 1963 | M32: =2019-L32 -> 56 | N32: Islam | P32: SLTP/MTSN | R32: Pedagang
D33: 26 | E33: Siti Rahmi | F33: Anak | G33: 520103 6011850000 | H33: P | I33: Janda | K33: 31371 | L33: =YEAR(K33) -> 1985 | M33: =2019-L33 -> 34 | N33: Islam | P33: PT/Akademi | R33: Lainnya
D34: 27 | E34: Auro Zakia Andini | F34: Lain-lain | G34: 520103 5709110000 | H34: P | I34: Belum kawin | K34: 40803 | L34: =YEAR(K34) -> 2011 | M34: =2019-L34 -> 8 | N34: Islam | P34: - | R34: -
B35: 8 | C35: 520101 0503084573 | D35: 28 | E35: Buniamin | F35: KK | G35: 520101 0107660136 | H35: L | I35: Kawin | J35: Dasan Geres Barat | K35: 24114 | L35: 1966 | M35: =2019-L35 -> 53 | N35: Islam | P35: SLTA/Sederajat | R35: Petani/Pekebun
D36: 29 | E36: Masitah | F36: Istri | G36: 520101 4107730296 | H36: P | I36: Kawin | J36: Dasan Geres Barat | K36: 28862 | L36: 1979 | M36: =2019-L36 -> 40 | N36: Islam | P36: SLTA/Sederajat | R36: Mengurus Rumah Tangga
D37: 30 | E37: Zainul Anam | F37: Anak | G37: 520101 0706010001 | H37: L | I37: Belum kawin | J37: Dasan Geres | K37: 37078 | L37: 2001 | M37: =2019-L37 -> 18 | N37: Islam | P37: Tamat SD/Sederajat | R37: Pelajar/Mahasiswa
D38: 31 | E38: Ulia Hopipah | F38: Anak | G38: 520101 4107050151 | H38: P | I38: Belum kawin | J38: Dasan Geres | K38: 38499 | L38: 2005 | M38: =2019-L38 -> 14 | N38: Islam | P38: Belum Tamat SD/Sederajat | R38: Pelajar/Mahasiswa
D39: 32 | E39: Muhammad Riadil Jinan | F39: Anak | G39: 520101 2112090003 | H39: L | I39: Belum kawin | J39: Gerung | K39: 40168 | L39: 2009 | M39: =2019-L39 -> 10 | N39: Islam | P39: Tidak/Belum Sekolah | R39: Belum/Tidak Bekerja
B40: 9 | D40: 33 | E40: Haji Ridwan | F40: KK | G40: 520101 3112560003 | H40: L | I40: Kawin | K40: 31412 | L40: =YEAR(K40) -> 1985 | M40: =2019-L40 -> 34 | N40: Islam | P40: SLTA/MA | R40: Pensiunan
D41: 34 | E41: Rohaniah | F41: Istri | G41: 520101 5303660001 | H41: P | I41: Kawin | K41: 24179 | L41: =YEAR(K41) -> 1966 | M41: =2019-L41 -> 53 | N41: Islam | P41: SLTP/MTSN | R41: -
D42: 35 | E42: Safina Grahana | F42: Anak | G42: 520101 6304880001 | H42: P | I42: Janda | K42: 32256 | L42: =YEAR(K42) -> 1988 | M42: =2019-L42 -> 31 | N42: Islam | P42: PT/Akademi | R42: Pegawai swasta
D43: 36 | E43: Dandalina | F43: Anak | G43: 520101 6305900002 | H43: P | I43: Belum kawin | K43: 33016 | L43: =YEAR(K43) -> 1990 | M43: =2019-L43 -> 29 | N43: Islam | P43: PT/Akademi | R43: -
B44: 10 | D44: 37 | E44: Ramli | F44: KK | G44: 0 | H44: L | I44: Kawin | K44: 29586 | L44: =YEAR(K44) -> 1980 | M44: =2019-L44 -> 39 | N44: Islam | P44: SLTA/MA | R44: PNS/TNI/ POLRI
D45: 38 | E45: Quratul Aini | F45: Istri | G45: 0 | H45: P | I45: Kawin | K45: 29586 | L45: =YEAR(K45) -> 1980 | M45: =2019-L45 -> 39 | N45: Islam | P45: SLTA/MA | R45: --
D46: 39 | E46: Aulia Nabila | F46: Anak | G46: 0 | H46: P | I46: Belum kawin | K46: 35795 | L46: =YEAR(K46) -> 1997 | M46: =2019-L46 -> 22 | N46: Islam | P46: SLTP/MTSN | R46: -
D47: 40 | E47: Humaira | F47: Anak | G47: 0 | H47: P | I47: Belum kawin | K47: 37256 | L47: =YEAR(K47) -> 2001 | M47: =2019-L47 -> 18 | N47: Islam | P47: SD/MI | R47: -
D48: 41 | E48: Subulal Huda | F48: Anak | G48: 0 | H48: L | I48: Belum kawin | K48: 38717 | L48: =YEAR(K48) -> 2005 | M48: =2019-L48 -> 14 | N48: Islam | P48: - | R48: -
D49: 42 | E49: Uman | F49: Anak | G49: 0 | H49: L | I49: Belum kawin | K49: 42004 | L49: =YEAR(K49) -> 2014 | M49: =2019-L49 -> 5 | N49: Islam | P49: - | R49: -
B50: 11 | D50: 43 | E50: Mustakim | F50: KK | G50: 520101 3112640001 | H50: L | I50: Kawin | K50: 23742 | L50: =YEAR(K50) -> 1964 | M50: =2019-L50 -> 55 | N50: Islam | P50: - | R50: Pekerja lepas
D51: 44 | E51: Hadijah | F51: Istri | G51: 520101 4601690001 | H51: P | I51: Kawin | K51: 25209 | L51: =YEAR(K51) -> 1969 | M51: =2019-L51 -> 50 | N51: Islam | P51: - | R51: Pedagang
D52: 45 | E52: Hamzan Wadi | F52: Anak | G52: 520101 2809890001 | H52: L | I52: Belum kawin | K52: 32779 | L52: =YEAR(K52) -> 1989 | M52: =2019-L52 -> 30 | N52: Islam | P52: PT/Akademi | R52: Pegawai swasta
D53: 46 | E53: Ahmad Syukri | F53: Anak | G53: 520101 2112970001 | H53: L | I53: Belum kawin | K53: 35785 | L53: =YEAR(K53) -> 1997 | M53: =2019-L53 -> 22 | N53: Islam | P53: SLTP/MTSN | R53: -
B54: 12 | C54: 520101 0503084560 | D54: 47 | E54: Mansur | F54: KK | G54: 520101 2004650001 | H54: L | I54: Kawin | J54: Dasan Geres Barat | K54: 23852 | L54: 1965 | M54: =2019-L54 -> 54 | N54: Islam | O54: Sasak | P54: Belum Tamat SD | R54: Wiraswasta
D55: 48 | E55: Radiah | F55: Istri | G55: 520101 5401680001 | H55: p | I55: Kawin | J55: Dasan Geres Barat | K55: 24851 | L55: 1968 | M55: =2019-L55 -> 51 | N55: Islam | O55: Sasak | P55: SLTA/Sederajat | R55: Mengurus Rumah Tangga
D56: 49 | E56: Ahmad Haironi | F56: Anak | G56: 520101 0505940001 | H56: L | I56: Belum kawin | J56: Dasan Geres Barat | K56: 34459 | L56: 1994 | M56: =2019-L56 -> 25 | N56: Islam | O56: Sasak | P56: SLTA/Sederajat | R56: Wiraswasta
D57: 50 | E57: Mustafa Kamal | F57: Anak | G57: 520101 2610100002 | H57: L | I57: Duda | J57: Mataram | K57: 40477 | L57: 2010 | M57: =2019-L57 -> 9 | N57: Islam | O57: Sasak | P57: Tidak/Belum Sekolah | R57: Belum/Tidak Bekerja
B58: 13 | D58: 51 | E58: Adnan S.Ip | F58: KK | G58: 520101 3112780181 | H58: L | I58: Belum kawin | K58: 28855 | L58: =YEAR(K58) -> 1978 | M58: =2019-L58 -> 41 | N58: Islam | P58: PT/Akademi | R58: Pegawai swasta
D59: 52 | E59: Nurlaily Hasan Basyri A.Md Keb | F59: Istri | G59: 520101 5307910001 | H59: P | I59: Kawin | K59: 33431 | L59: =YEAR(K59) -> 1991 | M59: =2019-L59 -> 28 | N59: Islam | P59: PT/Akademi | R59: -
D60: 53 | E60: Muhammad Adly Abdillah | F60: Anak | G60: 520101 2711130002 | H60: L | I60: Belum kawin | K60: 41605 | L60: =YEAR(K60) -> 2013 | M60: =2019-L60 -> 6 | N60: Islam | P60: - | R60: -
B61: 14 | D61: 54 | E61: Yasin | F61: KK | G61: 520101 3112790115 | H61: L | I61: Kawin | K61: 28855 | L61: =YEAR(K61) -> 1978 | M61: =2019-L61 -> 41 | N61: Islam | P61: SD/MI | R61: Petani
D62: 55 | E62: Zakiah | F62: Istri | G62: 520101 7112780135 | H62: P | I62: Kawin | K62: 28855 | L62: =YEAR(K62) -> 1978 | M62: =2019-L62 -> 41 | N62: Islam | P62: SLTP/MTSN | R62: Petani
D63: 56 | E63: Martati | F63: Anak | G63: 520101 6007030001 | H63: P | I63: Belum kawin | K63: 37822 | L63: =YEAR(K63) -> 2003 | M63: =2019-L63 -> 16 | N63: Islam | P63: - | R63: -
D64: 57 | E64: Abdi Rahman | F64: Anak | G64: 520101 1910120001 | H64: L | I64: Belum kawin | K64: 41201 | L64: =YEAR(K64) -> 2012 | M64: =2019-L64 -> 7 | N64: Islam | P64: - | R64: -
B65: 15 | C65: 520101 0503084374 | D65: 58 | E65: Muhammad Akil | F65: KK | G65: 520101 3112660107 | H65: P | I65: Kawin | J65: Dasan Geres Barat | K65: 24472 | L65: 1966 | M65: =2019-L65 -> 53 | N65: Islam | O65: Sasak | P65: SLTA/Sederajat | R65: Buruh Tani/Perkebunan
D66: 59 | E66: Munawarah | F66: Istri | G66: 520101 4206740003 | H66: P | I66: Kawin | J66: Dasan Geres | K66: 27066 | L66: 1974 | M66: =2019-L66 -> 45 | N66: Islam | O66: Sasak | P66: Tamat SD/Sederajat | R66: Mengurus Rumah Tangga
D67: 60 | E67: Dayang Maesarah | F67: Anak | G67: 520101 4109980002 | H67: P | I67: Belum kawin | J67: Dasan Geres Barat | K67: 35804 | L67: 1998 | M67: =2019-L67 -> 21 | N67: Islam | O67: Sasak | P67: SLTP/Sederajat | R67: Pelajar/Mahasiswa
D68: 61 | E68: Ali Hasbi | F68: Anak | G68: 520101 2407090004 | H68: L | I68: Belum kawin | J68: Dasan Geres Barat | K68: 40018 | L68: 2009 | M68: =2019-L68 -> 10 | N68: Islam | O68: Sasak | P68: Belum Tamat SD/Sederajat | R68: Pelajar/Mahasiswa
D69: 62 | E69: Muhammad Farhan Fatihan | F69: Anak | G69: 520101 0405150002 | H69: L | I69: Belum kawin | J69: Dasan Geres Barat | K69: 42099 | L69: 2015 | M69: =2019-L69 -> 4 | N69: Islam | O69: Sasak | P69: Tidak/Belum Sekolah | R69: Belum/Tidak Bekerja
B70: 16 | D70: 63 | E70: Ilyas Munir | F70: KK | G70: 520101 2303880001 | H70: L | I70: Kawin | K70: 32222 | L70: =YEAR(K70) -> 1988 | M70: =2019-L70 -> 31 | N70: Islam | P70: SLTA/MA | R70: Petani
D71: 64 | E71: Sahmin | F71: Istri | G71: 520101 7112890001 | H71: P | I71: Kawin | K71: 32873 | L71: =YEAR(K71) -> 1989 | M71: =2019-L71 -> 30 | N71: Islam | P71: SLTP/MTSN | R71: -
D72: 65 | E72: Muhammad Dayat Saputra | F72: Anak | G72: 520101 0808090001 | H72: L | I72: Belum kawin | K72: 40033 | L72: =YEAR(K72) -> 2009 | M72: =2019-L72 -> 10 | N72: Islam | P72: - | R72: -
B73: 17 | C73: 520101 0503084389 | D73: 66 | E73: Muhammad Tahir | F73: KK | G73: 520101 1208870001 | H73: L | I73: Kawin | J73: SLTA/Sederajat | K73: 30658 | L73: 1983 | M73: =2019-L73 -> 36 | N73: Islam | O73: Sasak | P73: SLTA/Sederajat | R73: Wiraswasta
D74: 67 | E74: Endang Zuriani | F74: Istri | G74: 520101 4107910066 | H74: P | I74: Kawin | J74: SLTA/Sederajat | K74: 31882 | L74: 1987 | M74: =2019-L74 -> 32 | N74: Islam | O74: Sasak | P74: SLTA/Sederajat | R74: Guru
D75: 68 | E75: Sakina Lathifa | F75: anak | G75: 520101 6105130003 | H75: P | I75: Belum kawin | J75: Tidak/Belum Sekolah | K75: 41415 | L75: 2013 | M75: =2019-L75 -> 6 | N75: Islam | O75: Sasak | P75: Tidak/Belum Sekolah | R75: Belum/Tidak Bekerja
B76: 18 | C76: 520101 0609120071 | D76: 69 | E76: Hariyanto | F76: KK | G76: 520101 1808790001 | H76: L | I76: Kawin | J76: Kangean | K76: 29085 | L76: 1979 | M76: =2019-L76 -> 40 | N76: Islam | O76: Sasak | P76: Diploma 1/11 | R76: Wiraswasta
D77: 70 | E77: Susilawati | F77: Istri | G77: 520101 6108800003 | H77: P | I77: Kawin | J77: Dasan Geres | K77: 29454 | L77: 1980 | M77: =2019-L77 -> 39 | N77: Islam | O77: Sasak | P77: SLTP/Sederajat | R77: Mengurus Rumah Tangga
D78: 71 | E78: Haris Syafwan | F78: Anak | G78: 520101 2303060004 | H78: L | I78: Belum kawin | J78: Dasan Geres | K78: 38799 | L78: 2006 | M78: =2019-L78 -> 13 | N78: Islam | O78: Sasak | P78: Belum Tamat SD | R78: Pelajar/Mahasiswa
B79: 19 | D79: 72 | E79: Mahsun | F79: KK | G79: 520101 3112420010 | H79: L | I79: Kawin | K79: 15706 | L79: =YEAR(K79) -> 1942 | M79: =2019-L79 -> 77 | N79: Islam | P79: SLTA/MA | R79: Wiraswasta
D80: 73 | E80: Marhamah | F80: Anak | G80: 520101 5906640001 | H80: P | I80: Belum kawin | K80: 30852 | L80: =YEAR(K80) -> 1984 | M80: =2019-L80 -> 35 | N80: Islam | P80: SD/MI | R80: -
D81: 74 | E81: Sakia Aulia Humairo | F81: Lain-lain | G81: 0 | H81: P | I81: Belum kawin | K81: 38943 | L81: =YEAR(K81) -> 2006 | M81: =2019-L81 -> 13 | N81: Islam | P81: - | R81: -
B82: 20 | C82: 520101 05030842559 | D82: 75 | E82: M.Tamrin | F82: KK | G82: 520101 2709850001 | H82: L | I82: Kawin | J82: Dasan Geres Barat | K82: 21182 | L82: 1957 | M82: =2019-L82 -> 62 | N82: Islam | P82: SLTA/Sederajat | R82: Wiraswasta
D83: 76 | E83: Munawarah | F83: Istri | G83: 520101 4107650344 | H83: P | I83: Kawin | J83: Dasan Geres Barat | K83: 24106 | L83: 1965 | M83: =2019-L83 -> 54 | N83: Islam | P83: Tamat SD/Sederajat | R83: Pedagang
D84: 77 | E84: Ibrahim Asyari | F84: Anak | G84: 520101 1204980003 | H84: L | I84: Belum kawin | J84: Dasan Geres Barat | K84: 36133 | L84: 1998 | M84: =2019-L84 -> 21 | N84: Islam | P84: SLTA/Sederajat | R84: Pelajar/Mahasiswa
B85: 21 | C85: 520101 2710160020 | D85: 78 | E85: Lukman Hakim | F85: KK | G85: 520101 1708820002 | H85: L | I85: Kawin | J85: Dasan Geres Barat | K85: 29815 | L85: 1981 | M85: =2019-L85 -> 38 | N85: Islam | P85: SLTA/Sederajat | R85: Wiraswasta
D86: 79 | E86: Leha Fatimi | F86: Istri | G86: 520101 4709920001 | H86: P | I86: Kawin | J86: Dasan Geres Barat | K86: 33428 | L86: 1991 | M86: =2019-L86 -> 28 | N86: Islam | P86: SLTA/Sederajat | R86: Mengurus Rumah Tangga
D87: 80 | E87: Muhammad Luthfi Ibrahim | F87: Anak | G87: 520101 1001130001 | H87: L | I87: Belum kawin | J87: Dasan Geres Barat | K87: 41548 | L87: 2013 | M87: =2019-L87 -> 6 | N87: Islam | P87: Tidak/Belum Sekolah | R87: Belum/Tidak Bekerja
B88: 22 | C88: 520101 0804150006 | D88: 81 | E88: Maesun | F88: KK | G88: 520101 0107790354 | H88: L | I88: Kawin | J88: Dasan Geres Barat | K88: 29227 | L88: 1980 | M88: =2019-L88 -> 39 | N88: Islam | O88: Sasak | P88: SLTA/Sederajat | R88: Wiraswasta
D89: 82 | E89: Rabitah | F89: Istri | G89: 520101 6107800001 | H89: P | I89: Kawin | J89: Dasan Geres | K89: 29423 | L89: 1980 | M89: =2019-L89 -> 39 | N89: Islam | O89: Sasak | P89: Tamat SD/Sederajat | R89: Mengurus Rumah Tangga
D90: 83 | E90: Khumair Adelia | F90: Anak | G90: 520101 8480252865 | H90: P | I90: Belum kawin | J90: Dasan Geres | K90: 41786 | L90: 2014 | M90: =2019-L90 -> 5 | N90: Islam | O90: Sasak | P90: Tidak/Belum Sekolah | R90: Belum/Tidak Bekerja
B91: 23 | D91: 84 | E91: Salmah | F91: KK | G91: 520101 4107470050 | H91: P | I91: Janda | K91: 17349 | L91: =YEAR(K91) -> 1947 | M91: =2019-L91 -> 72 | N91: Islam | P91: - | R91: -
D92: 85 | E92: Helmi Sadikin | F92: Lain-lain | G92: 520101 0212940002 | H92: L | I92: Belum kawin | K92: 34670 | L92: =YEAR(K92) -> 1994 | M92: =2019-L92 -> 25 | N92: Islam | P92: SLTA/MA | R92: Pekerja lepas
D93: 86 | E93: Isnaini | F93: Lain-lain | G93: 520101 5707991001 | H93: L | I93: Belum kawin | K93: 36358 | L93: =YEAR(K93) -> 1999 | M93: =2019-L93 -> 20 | N93: Islam | P93: SLTP/MTSN | R93: -
B94: 24 | C94: 520101 0503084278 | D94: 87 | E94: Haji Muslim | F94: KK | G94: 520101 0107430030 | H94: L | I94: Kawin | K94: 16071 | L94: 1943 | M94: =2019-L94 -> 76 | N94: Islam | O94: Sasak | P94: Tamat SD/Sederajat | R94: Buruh Harian Lepas
D95: 88 | E95: Munirah | F95: Istri | G95: 520101 4107520240 | H95: P | I95: Kawin | K95: 19359 | L95: 1952 | M95: =2019-L95 -> 67 | N95: Islam | O95: Sasak | P95: SLTP/Sederajat | R95: Mengurus Rumah Tangga
D96: 89 | E96: Ruslihan | F96: Anak | G96: 520101 1004880004 | H96: L | I96: Belum kawin | K96: 32420 | L96: 1988 | M96: =2019-L96 -> 31 | N96: Islam | O96: Sasak | P96: SLTA/Sederajat | R96: Wiraswasta
B97: 25 | C97: 520101 1909131003 | D97: 90 | E97: Muhammad Idris | F97: KK | G97: 520101 0107980202 | H97: L | I97: Kawin | K97: 31412 | L97: =YEAR(K97) -> 1985 | M97: =2019-L97 -> 34 | N97: Islam | P97: PT/Akademi | R97: Wiraswasta
D98: 91 | E98: Rusniah | F98: Istri | G98: 520101 4504910005 | H98: P | I98: Kawin | K98: 33333 | L98: =YEAR(K98) -> 1991 | M98: =2019-L98 -> 28 | N98: Islam | P98: SLTA/MA | R98: Pedagang
D99: 92 | E99: Muhammad Fatih Alfarizi | F99: Anak | G99: 520101 1908131001 | H99: L | I99: Belum kawin | K99: 41505 | L99: =YEAR(K99) -> 2013 | M99: =2019-L99 -> 6 | N99: Islam | P99: - | R99: -
B100: 26 | D100: 93 | E100: Lukman Hakim | F100: KK | G100: 520101 0107780072 | H100: L | I100: Kawin | K100: 28855 | L100: =YEAR(K100) -> 1978 | M100: =2019-L100 -> 41 | N100: Islam | P100: SD/MI | R100: Pekerja lepas
D101: 94 | E101: Baiq Nur Aisah | F101: Istri | G101: 520101 4107820729 | H101: P | I101: Kawin | K101: 30133 | L101: =YEAR(K101) -> 1982 | M101: =2019-L101 -> 37 | N101: Islam | P101: SLTP/MTSN | R101: -
...

Sheet RT 03
B1: DATA INDUK PENDUDUK KELURAHAN DASAN GERES
B2: TAHUN 2019
B3: LINGKUNGAN DASAN GERES BARAT
B4: RT 03
B5: No | C5: No.KK | D5: Jumlah Jiwa | E5: Nama Lengkap/ Panggilan | F5: Kedudukan dalam Keluarga | G5: NIK | H5: Jenis Kelamin (L/P) | I5: Status Perkawinan | J5: Tanggal Lahir | N5: Agama | O5: Etnis | P5: Pendidikan Terakhir | Q5: Jurusan | R5: Pekerjaan
J6: Tempat | K6: Tanggal | L6: tahun | M6: usia
B8: 1 | D8: 1 | E8: Khairudin, S.Ag | F8: KK | G8: 520101 200403236 | H8: L | I8: Kawin | K8: 26893 | L8: =YEAR(K8) -> 1973 | M8: =2019-L8 -> 46 | N8: Islam | P8: PT/Akademi | R8: Pegawai swasta
D9: 2 | E9: Muslimah | F9: Istri | G9: 520101 200403237 | H9: P | I9: Kawin | K9: 28125 | L9: =YEAR(K9) -> 1976 | M9: =2019-L9 -> 43 | N9: Islam | P9: PT/Akademi | R9: PNS/TNI/ POLRI
D10: 3 | E10: Farhan Nauval Rifqy Firdaus | F10: Anak | G10: 520101 200403238 | H10: L | I10: Belum kawin | K10: 38268 | L10: =YEAR(K10) -> 2004 | M10: =2019-L10 -> 15 | N10: Islam | P10: - | R10: Lainnya
D11: 4 | E11: Aisya Ihsan Bilqisti | F11: Anak | G11: 520101 200403239 | H11: P | I11: Janda | K11: 39844 | L11: =YEAR(K11) -> 2009 | M11: =2019-L11 -> 10 | N11: Islam | P11: - | R11: -
D12: 5 | E12: Muhammad Farras Habiburrahman | F12: Lain-lain | G12: 520101 200403240 | H12: L | I12: Belum kawin | K12: 41918 | L12: =YEAR(K12) -> 2014 | M12: =2019-L12 -> 5 | N12: Islam | P12: - | R12: Lainnya
B13: 2 | D13: 6 | E13: Hj. Siti Hawari | F13: KK | G13: 520101 6307731001 | H13: P | I13: Janda | K13: 26868 | L13: =YEAR(K13) -> 1973 | M13: =2019-L13 -> 46 | N13: Islam | P13: SLTA/MA | R13: Pekerja lepas
D14: 7 | E14: Fadilah | F14: Anak | G14: 520101 5508931001 | H14: P | I14: Belum kawin | K14: 34196 | L14: =YEAR(K14) -> 1993 | M14: =2019-L14 -> 26 | N14: Islam | P14: PT/Akademi | R14: -
D15: 8 | E15: Fahmi | F15: Anak | G15: 520101 1802971001 | H15: L | I15: Belum kawin | K15: 35479 | L15: =YEAR(K15) -> 1997 | M15: =2019-L15 -> 22 | N15: Islam | P15: SLTA/MA | R15: -
D16: 9 | E16: Yusriah | F16: Anak | G16: 520101 7009991001 | H16: P | I16: Belum kawin | K16: 36433 | L16: =YEAR(K16) -> 1999 | M16: =2019-L16 -> 20 | N16: Islam | P16: SLTP/MTSN | R16: -
B17: 3 | C17: 520101 1703150021 | D17: 10 | E17: Hj. Siti Patimah | F17: KK | G17: 520101 4107520233 | H17: P | I17: Cerai Mati | J17: Rumak | K17: 18628 | L17: =YEAR(K17) -> 1950 | M17: =2019-L17 -> 69 | N17: Islam | O17: Sasak | P17: Tamat SD/Sederajat | R17: Mengurus Rumah Tangga
D18: 11 | E18: Rukyah | F18: Anak | G18: 520101 4107760284 | H18: P | I18: Belum kawin | J18: Dasan Geres | K18: 28589 | L18: =YEAR(K18) -> 1978 | M18: =2019-L18 -> 41 | N18: Islam | O18: Sasak | P18: SLTA/Sederajat | R18: Wiraswasta
D19: 12 | E19: Dewi Santi Suryani, SE | F19: Anak | G19: 520101 5402890007 | H19: P | I19: Belum kawin | J19: Dasan Geres | K19: 32691 | L19: =YEAR(K19) -> 1989 | M19: =2019-L19 -> 30 | N19: Islam | O19: Sasak | P19: DPLOMA IV | R19: Wiraswasta
B20: 4 | D20: 13 | E20: Saripah | F20: KK | G20: 520101 3112360002 | H20: P | I20: Janda | K20: 13515 | L20: =YEAR(K20) -> 1936 | M20: =2019-L20 -> 83 | N20: Islam | P20: - | R20: -
D21: 14 | E21: Rabitah | F21: Anak | G21: 520101 7112380003 | H21: P | I21: Janda | K21: 28418 | L21: =YEAR(K21) -> 1977 | M21: =2019-L21 -> 42 | N21: Islam | P21: SLTA/MA | R21: Pedagang
B22: 5 | C22: 520101 0503082273 | D22: 15 | E22: Marjanah | F22: KK | G22: 520101 0107730032 | H22: P | I22: Cerai Mati | J22: Dasan Geres Barat | K22: 28132 | L22: =YEAR(K22) -> 1977 | M22: =2019-L22 -> 42 | N22: Islam | O22: Sasak | P22: Tamat SD/Sederajat | R22: Pedagang
D23: 16 | E23: Muhammad . Amrulloh | F23: Lain-lain | G23: 520101 2304961001 | H23: L | I23: Belum kawin | J23: Dasan Geres Barat | K23: 35178 | L23: =YEAR(K23) -> 1996 | M23: =2019-L23 -> 23 | N23: Islam | O23: Sasak | P23: SLTP/Sederajat | R23: Pelajar/Mahasiswa
B24: 6 | C24: 520101 0503083822 | D24: 17 | E24: Sahwan | F24: KK | G24: 520101 0107680089 | H24: L | I24: Kawin | J24: Dasan Geres Barat | K24: 24844 | L24: =YEAR(K24) -> 1968 | M24: =2019-L24 -> 51 | N24: Islam | O24: Sasak | P24: SLTA/Sederajat | R24: Wiraswasta
D25: 18 | E25: Niswati | F25: Istri | G25: 520101 4107700259 | H25: p | I25: Kawin | J25: Gerung | K25: 25576 | L25: =YEAR(K25) -> 1970 | M25: =2019-L25 -> 49 | N25: Islam | O25: Sasak | P25: Diplomat 1V | R25: PNS
B26: 7 | C26: 520101 0503083817 | D26: 19 | E26: Hj. Nurhalimah | F26: KK | G26: 520101 4107580070 | H26: P | I26: Cerai Mati | J26: Dasan Geres | K26: 24844 | L26: =YEAR(K26) -> 1968 | M26: =2019-L26 -> 51 | N26: Islam | O26: Sasak | P26: TAMAT SD/SEDERAJAT | R26: Pedagang
D27: 20 | E27: Hj. Wahidah | F27: Anak | G27: 520101 5504790003 | H27: P | I27: Belum kawin | J27: Dasan Geres | K27: 28960 | L27: =YEAR(K27) -> 1979 | M27: =2019-L27 -> 40 | N27: Islam | O27: Sasak | P27: SLTA/SEDERAJAT | R27: Belum/Tidak Bekerja
D28: 21 | E28: Hainiah | F28: Anak | G28: 520101 5504790002 | H28: P | I28: Belum kawin | J28: Dasan Geres | K28: 28960 | L28: =YEAR(K28) -> 1979 | M28: =2019-L28 -> 40 | N28: Islam | O28: Sasak | P28: DIPLOMA IV/STRATA I | R28: Karyawan Honorer
D29: 22 | E29: Siti Aisah | F29: Anak | G29: 520101 4906890001 | H29: P | I29: Belum kawin | J29: Dasan Geres | K29: 32757 | L29: =YEAR(K29) -> 1989 | M29: =2019-L29 -> 30 | N29: Islam | O29: Sasak | P29: DIPLOMA IV/STRATA I | R29: Karyawan Honorer
B30: 8 | D30: 23 | E30: Iksan | F30: KK | G30: 520101 2512730004 | H30: L | I30: Kawin | K30: 27023 | L30: =YEAR(K30) -> 1973 | M30: =2019-L30 -> 46 | N30: Islam | P30: SLTA/MA | R30: PNS/TNI/ POLRI
D31: 24 | E31: Apriah | F31: Istri | G31: 520101 6204800004 | H31: P | I31: Kawin | K31: 29333 | L31: =YEAR(K31) -> 1980 | M31: =2019-L31 -> 39 | N31: Islam | P31: SLTP/MTSN | R31: Pedagang
D32: 25 | E32: Aisyah Ria Baeduri | F32: Anak | G32: 520101 6003040001 | H32: P | I32: Belum kawin | K32: 38066 | L32: =YEAR(K32) -> 2004 | M32: =2019-L32 -> 15 | N32: Islam | P32: - | R32: -
D33: 26 | E33: Ferdian Asramil Huda | F33: Anak | G33: 520101 0102060004 | H33: L | I33: Belum kawin | K33: 38384 | L33: =YEAR(K33) -> 2005 | M33: =2019-L33 -> 14 | N33: Islam | P33: - | R33: -
D34: 27 | E34: M. Taopan Satriaji | F34: Anak | G34: 520101 2911080002 | H34: L | I34: Belum kawin | K34: 39780 | L34: =YEAR(K34) -> 2008 | M34: =2019-L34 -> 11 | N34: Islam | P34: - | R34: -
D35: 28 | E35: Apriali Suci | F35: Anak | G35: 520101 4204120002 | H35: P | I35: Belum kawin | K35: 41001 | L35: =YEAR(K35) -> 2012 | M35: =2019-L35 -> 7 | N35: Islam | P35: - | R35: -
B36: 9 | C36: 520101 0503084613 | D36: 29 | E36: Akmal | F36: KK | G36: 520101 0107660126 | H36: L | I36: Kawin | J36: Dasan Geres Barat | K36: 24114 | L36: =YEAR(K36) -> 1966 | M36: =2019-L36 -> 53 | N36: Islam | O36: Sasak | P36: SLTA/Sederajat | R36: Karyawan SWASTA
D37: 30 | E37: Siti Patimah | F37: Istri | G37: 520101 4107710115 | H37: P | I37: Kawin | J37: Lemokek | K37: 26146 | L37: =YEAR(K37) -> 1971 | M37: =2019-L37 -> 48 | N37: Islam | O37: Sasak | P37: SLTA/Sederajat | R37: Wiraswasta
D38: 31 | E38: Fatmi Maliham | F38: anak | G38: 520101 0909960002 | H38: p | I38: Belum kawin | J38: Dasan Geres Barat | K38: 35317 | L38: =YEAR(K38) -> 1996 | M38: =2019-L38 -> 23 | N38: Islam | O38: Sasak | P38: SLTA/Sederajat | R38: Pelajar/Mahasiswa
D39: 32 | E39: Dina Malika | F39: Anak | G39: 520101 6005040002 | H39: P | I39: Belum kawin | J39: Dasan Geres Barat | K39: 38127 | L39: =YEAR(K39) -> 2004 | M39: =2019-L39 -> 15 | N39: Islam | O39: Sasak | P39: Tamat SD/Sederajat | R39: Pelajar/Mahasiswa
B40: 10 | D40: 33 | E40: Muhali | F40: KK | G40: 520101 3112450010 | H40: L | I40: Duda | K40: 16802 | L40: =YEAR(K40) -> 1945 | M40: =2019-L40 -> 74 | N40: Islam | P40: SD/MI | R40: -
D41: 34 | E41: Amenah | F41: Anak | G41: 520101 4107620016 | H41: P | I41: Janda | K41: 22828 | L41: =YEAR(K41) -> 1962 | M41: =2019-L41 -> 57 | N41: Islam | P41: SD/MI | R41: Pekerja lepas
D42: 35 | E42: Saimah | F42: Anak | G42: 520101 7112690034 | H42: P | I42: Janda | K42: 35430 | L42: =YEAR(K42) -> 1996 | M42: =2019-L42 -> 23 | N42: Islam | P42: SD/MI | R42: Pekerja lepas
D43: 36 | E43: Fikriawan | F43: Lain-lain | G43: 520101 2511950004 | H43: L | I43: Belum kawin | K43: 35028 | L43: =YEAR(K43) -> 1995 | M43: =2019-L43 -> 24 | N43: Islam | P43: SLTA/MA | R43: -
B44: 11 | C44: 520101 0503084626 | D44: 37 | E44: Ayub | F44: KK | G44: 520101 0107730069 | H44: L | I44: Kawin | J44: Dasan Geres | K44: 27029 | L44: =YEAR(K44) -> 1973 | M44: =2019-L44 -> 46 | N44: Islam | O44: Sasak | P44: SLTP/Sederajat | R44: Wiraswasta
D45: 38 | E45: Hj. Nurhayati | F45: Istri | G45: 520101 7112750095 | H45: P | I45: Kawin | J45: Dasan Geres Barat | K45: 27759 | L45: =YEAR(K45) -> 1975 | M45: =2019-L45 -> 44 | N45: Islam | O45: Sasak | P45: SLTP/Sederajat | R45: Pedagang
D46: 39 | E46: Fathurrozzak | F46: Anak | G46: 520101 2402020003 | H46: L | I46: Belum kawin | J46: Dasan Geres | K46: 37311 | L46: =YEAR(K46) -> 2002 | M46: =2019-L46 -> 17 | N46: Islam | O46: Sasak | P46: Tamat SD/Sederajat | R46: Pelajar/Mahasiswa
D47: 40 | E47: Siti Maesarah | F47: Anak | G47: 520101 5006030004 | H47: P | I47: Belum kawin | J47: Dasan Geres Barat | K47: 37690 | L47: =YEAR(K47) -> 2003 | M47: =2019-L47 -> 16 | N47: Islam | O47: Sasak | P47: Tamat SD/Sederajat | R47: Pelajar/Mahasiswa
B48: 12 | D48: 41 | E48: Mustajab, S.Sos | F48: KK | G48: 520101 0112700001 | H48: L | I48: Kawin | K48: 25903 | L48: =YEAR(K48) -> 1970 | M48: =2019-L48 -> 49 | N48: Islam | P48: PT/Akademi
D49: 42 | E49: Yusri Anggraini, S. Pd | F49: Istri | G49: 520101 4111780001 | H49: P | I49: Kawin | K49: 28065 | L49: =YEAR(K49) -> 1976 | M49: =2019-L49 -> 43 | N49: Islam | P49: PT/Akademi | R49: PNS/TNI/ POLRI
D50: 43 | E50: Zakirsyah Mohammad | F50: Anak | G50: 520101 2409040001 | H50: L | I50: Belum kawin | K50: 38254 | L50: =YEAR(K50) -> 2004 | M50: =2019-L50 -> 15 | N50: Islam | P50: - | R50: -
D51: 44 | E51: Musleha Bt Abdul Hamid Tohir | F51: Lain-lain | G51: 520101 7112730075 | H51: P | I51: Janda | K51: 27029 | L51: =YEAR(K51) -> 1973 | M51: =2019-L51 -> 46 | N51: Islam | P51: - | R51: Pekerja lepas
B52: 13 | D52: 45 | E52: Hj. Sumaemah | F52: KK | G52: 520101 7112700149 | H52: P | I52: Janda | K52: 25933 | L52: =YEAR(K52) -> 1970 | M52: =2019-L52 -> 49 | N52: Islam | P52: SD/MI | R52: Wiraswasta
D53: 46 | E53: Jawahir | F53: Lain-lain | G53: 0 | H53: P | I53: Janda | K53: 366 | L53: =YEAR(K53) -> 1900 | M53: =2019-L53 -> 119 | N53: islam | P53: - | R53: -
B54: 14 | C54: 520101 0503084692 | D54: 47 | E54: Hamdani | F54: KK | G54: 520101 0107690067 | H54: L | I54: Kawin | J54: Dasan Geres Barat | K54: 25721 | L54: =YEAR(K54) -> 1970 | M54: =2019-L54 -> 49 | N54: Islam | O54: Sasak | P54: SLTP/SEDERAJAT | R54: Wiraswasta
D55: 48 | E55: Sri Munawati | F55: Istri | G55: 520101 4107700250 | H55: P | I55: Kawin | J55: Dasan Geres Barat | K55: 26869 | L55: =YEAR(K55) -> 1973 | M55: =2019-L55 -> 46 | N55: Islam | O55: Sasak | P55: SLTP/SEDERAJAT | R55: Mengurus Rumah Tangga
D56: 49 | E56: Lina Pebrilia | F56: Anak | G56: 520101 4107950341 | H56: P | I56: Belum kawin | J56: Dasan Geres | K56: 34386 | L56: =YEAR(K56) -> 1994 | M56: =2019-L56 -> 25 | N56: Islam | O56: Sasak | P56: SLTA/SEDERAJAT | R56: Karyawan Honorer
D57: 50 | E57: Irna Apriani | F57: Anak | G57: 520101 4107970338 | H57: P | I57: Belum kawin | J57: Dasan Geres | K57: 35903 | L57: =YEAR(K57) -> 1998 | M57: =2019-L57 -> 21 | N57: Islam | O57: Sasak | P57: SLTA/SEDERAJAT | R57: Pelajar/Mahasiswa
D58: 51 | E58: Irma Yuliani | F58: Anak | G58: 520101 4311020001 | H58: P | I58: Belum kawin | J58: Dasan Geres | K58: 37823 | L58: =YEAR(K58) -> 2003 | M58: =2019-L58 -> 16 | N58: Islam | O58: Sasak | P58: SLTP/SEDERAJAT | R58: Pelajar/Mahasiswa
D59: 52 | E59: Muhamad Aldian Maulani | F59: Anak | G59: 520101 1209050001 | H59: L | I59: Belum kawin | J59: Dasan Geres Barat | K59: 38561 | L59: =YEAR(K59) -> 2005 | M59: =2019-L59 -> 14 | N59: Islam | O59: Sasak | P59: BELUM TAMAT SD/SEDERAJAT | R59: Pelajar/Mahasiswa
B60: 15 | C60: 520101 0503084700 | D60: 53 | E60: Haikal Mani | F60: KK | G60: 520101 0107820568 | H60: L | I60: Kawin | J60: Dasan Geres | K60: 29585 | L60: =YEAR(K60) -> 1980 | M60: =2019-L60 -> 39 | N60: Islam | O60: Sasak | P60: TIDAK/BELUM SEKOLAH | R60: Pekerja lepas
D61: 54 | E61: Siti Maryam | F61: Istri | G61: 520101 4108850003 | H61: P | I61: Kawin | J61: Pohdana Gerung | K61: 31155 | L61: =YEAR(K61) -> 1985 | M61: =2019-L61 -> 34 | N61: Islam | O61: Sasak | P61: Tidak/Belum Sekolah | R61: -
D62: 55 | E62: Muhamad Alvan Maulani | F62: Anak | G62: 520101 1502060005 | H62: L | I62: Belum kawin | J62: Dasan Geres | K62: 38763 | L62: =YEAR(K62) -> 2006 | M62: =2019-L62 -> 13 | N62: Islam | O62: Sasak | P62: Belum Tamat SD/Sederajat | R62: -
D63: 56 | E63: Muhamad Alvan Maulana | F63: Anak | G63: 520101 2806100001 | H63: L | I63: Belum kawin | J63: Gerung | K63: 40357 | L63: =YEAR(K63) -> 2010 | M63: =2019-L63 -> 9 | N63: Islam | O63: Sasak | P63: Tidak/Belum Sekolah | R63: -
D64: 57 | E64: Muhamad Halqi Khoir | F64: Anak | G64: 520101 2301160001 | H64: L | I64: Belum kawin | J64: Dasan Geres | K64: 42392 | L64: =YEAR(K64) -> 2016 | M64: =2019-L64 -> 3 | N64: Islam | O64: Sasak | P64: Belum Tamat SD/Sederajat
B65: 16 | D65: 58 | E65: Haji Kamaludin | F65: KK | G65: 520101 1407390001 | H65: L | I65: Kawin | K65: 14440 | L65: =YEAR(K65) -> 1939 | M65: =2019-L65 -> 80 | N65: Islam | P65: - | R65: -
D66: 59 | E66: Muniah | F66: Istri | G66: 520101 4107450136 | H66: P | I66: Kawin | K66: 18628 | L66: =YEAR(K66) -> 1950 | M66: =2019-L66 -> 69 | N66: Islam | P66: - | R66: -
B67: 17 | C67: 520101 0609120058 | D67: 60 | E67: Haji Zaenudin | F67: KK | G67: 520101 1512810006 | H67: L | I67: Kawin | J67: Dasan Geres | K67: 29935 | L67: =YEAR(K67) -> 1981 | M67: =2019-L67 -> 38 | N67: Islam | O67: Sasak | P67: SLTA/Sederajat | R67: Wiraswasta
D68: 61 | E68: Rabiatul Hairi | F68: Istri | G68: 520101 6001850005 | H68: P | I68: Kawin | J68: Montong Sari | K68: 31067 | L68: =YEAR(K68) -> 1985 | M68: =2019-L68 -> 34 | N68: islam | O68: Sasak | P68: SLTA/Sederajat | R68: Mengurus Rumah Tangga
D69: 62 | E69: M. Heza Andar Abdillah | F69: Anak | G69: 520101 2803041001 | H69: L | I69: Belum kawin | J69: Dasan Geres | K69: 38074 | L69: =YEAR(K69) -> 2004 | M69: =2019-L69 -> 15 | N69: Islam | O69: Sasak | P69: Belum Tamat SD/Sederajat | R69: Pelajar/Mahasiswa
D70: 63 | E70: Airin Hasan Abdillah | F70: Anak | G70: 520101 4810131003 | H70: P | I70: Belum kawin | J70: Dasan Geres | K70: 41494 | L70: =YEAR(K70) -> 2013 | M70: =2019-L70 -> 6 | N70: Islam | O70: Sasak | P70: Tidak/Belum Sekolah | R70: Belum/Tidak Bekerja
B71: 18 | C71: 520101 050 3083722 | D71: 64 | E71: Mahmudah | F71: KK | G71: 520101 4107670544 | H71: P | I71: Janda | J71: Dasan Geres Barat | K71: 24479 | L71: =YEAR(K71) -> 1967 | M71: =2019-L71 -> 52 | N71: Islam | O71: Sasak | P71: SLTP/Sederajat | R71: Pedagang
D72: 65 | E72: Sopian Hadi | F72: Anak | G72: 520101 1310870001 | H72: L | I72: Belum kawin | J72: Dasan Geres Barat | K72: 32063 | L72: =YEAR(K72) -> 1987 | M72: =2019-L72 -> 32 | N72: Islam | O72: Sasak | P72: SLTA/Sederajat | R72: Belum/Tidak Bekerja
D73: 66 | E73: Hidayanti | F73: Anak | G73: 520101 1581089002 | H73: P | I73: Belum kawin | J73: Dasan Geres Barat | K73: 32797 | L73: =YEAR(K73) -> 1989 | M73: =2019-L73 -> 30 | N73: Islam | O73: Sasak | P73: SLTA/Sederajat | R73: Wiraswasta
B74: 19 | C74: 520101 0911090037 | D74: 67 | E74: Rizal Umami | F74: KK | G74: 520101 2408840002 | H74: L | I74: Kawin | J74: Dasan Geres | K74: 30918 | L74: =YEAR(K74) -> 1984 | M74: =2019-L74 -> 35 | N74: Islam | O74: Sasak | P74: SLTA/Sederajat | R74: Wiraswasta
D75: 68 | E75: Farida Hardiyanti | F75: Istri | G75: 520101 5010890003 | H75: P | I75: Kawin | J75: Dasan Geres | K75: 32791 | L75: =YEAR(K75) -> 1989 | M75: =2019-L75 -> 30 | N75: Islam | O75: Sasak | P75: SLTA/Sederajat | R75: Wiraswasta
D76: 69 | E76: Ghinan Algifari | F76: Anak | G76: 520101 0609090001 | H76: L | I76: Belum kawin | J76: Dasan Geres | K76: 39973 | L76: =YEAR(K76) -> 2009 | M76: =2019-L76 -> 10 | N76: Islam | O76: Sasak | P76: Tidak/Belum Sekolah | R76: Belum/Tidak Bekerja
D77: 70 | E77: Naufal Akbar | F77: Anak | G77: 520101 0511130001 | H77: L | I77: Belum kawin | J77: Dasan Geres | K77: 41583 | L77: =YEAR(K77) -> 2013 | M77: =2019-L77 -> 6 | N77: Islam | O77: Sasak | P77: Tidak/Belum Sekolah | R77: Belum/Tidak Bekerja
B78: 20 | C78: 520101 0711070008 | D78: 71 | E78: Musanip | F78: KK | G78: 520101 3112570007 | H78: L | I78: Kawin | J78: Dasan Geres | K78: 21185 | L78: =YEAR(K78) -> 1957 | M78: =2019-L78 -> 62 | N78: Islam | O78: Sasak | P78: Tamat SD/Sederajat | R78: Pedagang
D79: 72 | E79: Aminah | F79: Istri | G79: 520101 7112590006 | H79: P | I79: Kawin | J79: Dasan Geres | K79: 21915 | L79: =YEAR(K79) -> 1959 | M79: =2019-L79 -> 60 | N79: Islam | O79: Sasak | P79: Tamat SD/Sederajat | R79: Pedagang
D80: 73 | E80: Susi Wahyuni | F80: Anak | G80: 520101 6305860001 | H80: P | I80: Belum kawin | J80: Dasan Geres | K80: 31555 | L80: =YEAR(K80) -> 1986 | M80: =2019-L80 -> 33 | O80: Sasak | P80: SLTA/Sederajat | R80: Pelajar/Mahasiswa
D81: 74 | E81: Muhammad Agus Soni | F81: Anak | G81: 520101 1808880001 | H81: L | I81: Belum kawin | J81: Dasan Geres | K81: 32373 | L81: =YEAR(K81) -> 1988 | M81: =2019-L81 -> 31 | N81: Islam | O81: Sasak | P81: SLTP/Sederajat | R81: Pelajar/Mahasiswa
D82: 75 | E82: Muhammad Prastolni | F82: Anak | G82: 520101 2610920001 | H82: L | I82: Belum kawin | J82: Dasan Geres | K82: 33660 | L82: =YEAR(K82) -> 1992 | M82: =2019-L82 -> 27 | N82: Islam | O82: Sasak | P82: SLTP/Sederajat | R82: Pelajar/Mahasiswa
D83: 76 | E83: Muhammad Muhazar | F83: Anak | G83: 520101 1606950001 | H83: L | I83: Belum kawin | J83: Dasan Geres | K83: 34866 | L83: =YEAR(K83) -> 1995 | M83: =2019-L83 -> 24 | N83: Islam | O83: Sasak | P83: Tamat SD/Sederajat | R83: Pelajar/Mahasiswa
B84: 21 | C84: 520101 1009120062 | D84: 77 | E84: Muhammad Zuhri | F84: KK | G84: 520101 1806820003 | H84: L | I84: Kawin | J84: Dasan Geres Barat | K84: 30170 | L84: =YEAR(K84) -> 1982 | M84: =2019-L84 -> 37 | N84: Islam | O84: Sasak | P84: SLTA/Sederajat | R84: Wiraswasta
D85: 78 | E85: Melisa Ivani | F85: Istri | G85: 520101 5610810002 | H85: P | I85: Kawin | J85: Praya | K85: 29875 | L85: =YEAR(K85) -> 1981 | M85: =2019-L85 -> 38 | N85: Islam | O85: Sasak | P85: SLTA/Sederajat | R85: Wiraswasta
D86: 79 | E86: Yazid Abdillah | F86: Anak | G86: 520101 1101090005 | H86: P | I86: Belum kawin | J86: Mataram | K86: 40118 | L86: =YEAR(K86) -> 2009 | M86: =2019-L86 -> 10 | N86: Islam | O86: Sasak | P86: Tidak/Belum Sekolah | R86: Belum/Tidak Bekerja
B87: 22 | C87: 520101 0503083717 | D87: 80 | E87: Hj. Budumah | F87: KK | G87: 520101 4107430009 | H87: P | I87: Kawin | J87: Dasan Geres Barat | K87: 15713 | L87: =YEAR(K87) -> 1943 | M87: =2019-L87 -> 76 | N87: Islam | O87: sasak | P87: Tidak/Belum Sekolah | R87: Mengurus Rumah Tangga
B88: 23 | C88: 520101 0503083706 | D88: 81 | E88: Maemunah | F88: KK | G88: 520101 4107530094 | H88: P | I88: Kawin | J88: Dasan Geres Barat | K88: 19366 | L88: =YEAR(K88) -> 1953 | M88: =2019-L88 -> 66 | N88: Islam | O88: Sasak | P88: Tidak/Belum Sekolah | R88: Buruh Tani/Perkebunan
D89: 82 | E89: Halid | F89: Anak | G89: 520101 3112820172 | H89: L | I89: Belum kawin | J89: Dasan Geres Barat | K89: 30316 | L89: =YEAR(K89) -> 1982 | M89: =2019-L89 -> 37 | N89: Islam | O89: Sasak | P89: SLTA/Sederajat | R89: Buruh Harian Lepas
D90: 83 | E90: Halil | F90: Anak | G90: 520101 200400166 | H90: L | I90: Belum kawin | J90: Dasan Geres Barat | K90: 30688 | L90: =YEAR(K90) -> 1984 | M90: =2019-L90 -> 35 | N90: Islam | O90: Sasak | P90: SLTA/Sederajat | R90: Pedagang
B91: 24 | C91: 520101 0503083712 | D91: 84 | E91: Hamid | F91: KK | G91: 520101 0406790003 | H91: L | I91: Kawin | J91: Dasan Geres Barat | K91: 28951 | L91: =YEAR(K91) -> 1979 | M91: =2019-L91 -> 40 | N91: Islam | O91: Sasak | P91: SLTP/Sederajat | R91: Sopir
D92: 85 | E92: Munawarah | F92: Istri | G92: 520101 6606820002 | H92: P | I92: Kawin | J92: Denpasar | K92: 30128 | L92: =YEAR(K92) -> 1982 | M92: =2019-L92 -> 37 | N92: Islam | O92: Sasak | P92: SLTP/Sederajat | R92: Mengurus Rumah Tangga
D93: 86 | E93: Amelia Pratami | F93: Anak | G93: 520101 4808010003 | H93: P | I93: Belum kawin | J93: Dasan Geres | K93: 37111 | L93: =YEAR(K93) -> 2001 | M93: =2019-L93 -> 18 | N93: Islam | O93: Sasak | P93: Tamat SD/Sederajat | R93: Pelajar/Mahasiswa
D94: 87 | E94: Irsya Sabila | F94: anak | G94: 520101 6003060001 | H94: P | I94: Belum kawin | J94: Dasan Geres | K94: 38796 | L94: =YEAR(K94) -> 2006 | M94: =2019-L94 -> 13 | N94: Islam | O94: Sasak | P94: Belum Tamat SD/Sederajat | R94: Pelajar/Mahasiswa
D95: 88 | E95: Kasief Arroziq | F95: Anak | G95: 520101 1409130001 | H95: L | I95: Belum kawin | J95: Dasan Geres | K95: 41531 | L95: =YEAR(K95) -> 2013 | M95: =2019-L95 -> 6 | N95: Islam | O95: Sasak | P95: Tidak/Belum Sekolah | R95: Belum/Tidak Bekerja
B96: 25 | C96: 520101 0503083693 | D96: 89 | E96: Saat | F96: KK | G96: 520101 0107650237 | H96: L | I96: Belum kawin | J96: Dasan Geres Barat | K96: 23749 | L96: =YEAR(K96) -> 1965 | M96: =2019-L96 -> 54 | N96: Islam | O96: Sasak | P96: Tamat SD/Sederajat | R96: Buruh Tani/Perkebunan
D97: 90 | E97: Mukmini | F97: Istri | G97: 520101 4107650111 | H97: P | I97: Belum kawin | J97: Bremi | K97: 23749 | L97: =YEAR(K97) -> 1965 | M97: =2019-L97 -> 54 | N97: Islam | O97: Sasak | P97: Tamat SD/Sederajat | R97: Buruh Tani/Perkebunan
D98: 91 | E98: Ahmad Roni | F98: Anak | G98: 520101 2910950001 | H98: L | I98: Belum kawin | J98: Dasan Geres | K98: 35367 | L98: =YEAR(K98) -> 1996 | M98: =2019-L98 -> 23 | N98: Islam | O98: Sasak | P98: Tamat SD/Sederajat | R98: Pelajar/Mahasiswa
B99: 26 | C99: 520101 3001150010 | D99: 92 | E99: Salmah | F99: KK | G99: 520101 4107470051 | H99: P | I99: Cerai Mati | J99: Dasan Geres Barat | K99: 17174 | L99: =YEAR(K99) -> 1947 | M99: =2019-L99 -> 72 | N99: Islam | O99: Sasak | P99: Tidak/Belum Sekolah | R99: Petani/Pekebun
D100: 93 | E100: Jumlah | F100: Anak | G100: 520101 5708730001 | H100: P | I100: Belum kawin | J100: Dasan Geres Barat | K100: 26893 | L100: =YEAR(K100) -> 1973 | M100: =2019-L100 -> 46 | N100: Islam | O100: Sasak | P100: SLTP/MTSN | R100: Pedagang
B101: 27 | D101: 94 | E101: Haji Marwan | F101: KK | G101: 520101 0107760182 | H101: L | I101: Kawin | K101: 27827 | L101: =YEAR(K101) -> 1976 | M101: =2019-L101 -> 43 | N101: Islam | P101: SLTP/MTSN | R101: Pekerja lepas
...

Sheet RT 04
B1: DATA INDUK PENDUDUK KELURAHAN DASAN GERES
B2: TAHUN 2019
B3: LINGKUNGAN DASAN GERES BARAT
B4: RT 04
B5: No | C5: No. KK | D5: Jumlah Jiwa | E5: Nama Lengkap/ Panggilan | F5: Kedudukan dalam Keluarga | G5: NIK | H5: Jenis Kelamin (L/P) | I5: Status Perkawinan | J5: Lahir | M5: usia | N5: Agama | O5: etnis | P5: Pendidikan Terakhir | Q5: Jurusan | R5: Pekerjaan
J6: tempat | K6: tanggal | L6: tahun
B8: 1 | D8: 1 | E8: Ramli | F8: KK | G8: 520101 2808840001 | H8: L | I8: Kawin | K8: 30922 | L8: =YEAR(K8) -> 1984 | M8: =2019-L8 -> 35 | N8: Islam | P8: SLTA/MA | R8: Wiraswasta
D9: 2 | E9: Juriah | F9: Istri | G9: 520101 5203870004 | H9: P | I9: Kawin | K9: 31848 | L9: =YEAR(K9) -> 1987 | M9: =2019-L9 -> 32 | N9: Islam | P9: SLTA/MA | R9: Pekerja lepas
D10: 3 | E10: Muhammad Rizki Maulana | F10: Anak | G10: 520101 1503220001 | H10: L | I10: Belum kawin | K10: 40983 | L10: =YEAR(K10) -> 2012 | M10: =2019-L10 -> 7 | N10: Islam | P10: - | R10: -
B11: 2 | C11: 520101 0503083439 | D11: 4 | E11: Muhali | F11: KK | G11: 520101 0107540099 | H11: L | I11: Kawin | J11: Dasan Geres Barat | K11: 19731 | L11: 1954 | M11: =2019-L11 -> 65 | N11: Islam | O11: Sasak | P11: Tamat SD/Sederajat | R11: Buruh Tani/Perkebunan
D12: 5 | E12: Safiah | F12: Istri | G12: 520101 4107580085 | H12: P | I12: Kawin | J12: Dasan Geres Barat | K12: 21192 | L12: 1958 | M12: =2019-L12 -> 61 | N12: Islam | O12: Sasak | P12: Tamat SD/Sederajat | R12: Buruh Tani/Perkebunan
D13: 6 | E13: Nikmatul Akairani | F13: Anak | G13: 520101 5503860001 | H13: P | I13: Belum kawin | J13: Lombok Barat | K13: 30817 | L13: 1984 | M13: =2019-L13 -> 35 | N13: Islam | O13: Sasak | P13: SLTP/Sederajat | R13: Karyawan Swasta
D14: 7 | E14: Roaida | F14: Anak | G14: 520101 4107930140 | H14: P | I14: Belum kawin | J14: Dasan Geres | K14: 34253 | L14: 1993 | M14: =2019-L14 -> 26 | N14: Islam | O14: Sasak | P14: DIPLOMA IV | R14: Pelajar/Mahasiswa
B15: 3 | D15: 8 | E15: Muhammad Salehudin | F15: KK | G15: 520101 2108710001 | H15: L | I15: Kawin | K15: 26166 | L15: =YEAR(K15) -> 1971 | M15: =2019-L15 -> 48 | N15: Islam | P15: SLTA/MA | R15: Wiraswasta
D16: 9 | E16: Yuhaeni | F16: Istri | G16: 520101 4202780001 | H16: P | I16: Kawin | K16: 28543 | L16: =YEAR(K16) -> 1978 | M16: =2019-L16 -> 41 | N16: Islam | P16: SLTA/MA | R16: Wiraswasta
D17: 10 | E17: Yazid Albastomy | F17: Anak | G17: 520101 2104880001 | H17: L | I17: Belum kawin | K17: 35906 | L17: =YEAR(K17) -> 1998 | M17: =2019-L17 -> 21 | N17: Islam | P17: SD/MI | R17: -
D18: 11 | E18: Muladi Rawalidya Putra | F18: Anak | G18: 520101 2808990003 | H18: L | I18: Belum kawin | K18: 36308 | L18: =YEAR(K18) -> 1999 | M18: =2019-L18 -> 20 | N18: Islam | P18: SD/MI | R18: -
D19: 12 | E19: Trimannisa Shabrina | F19: Anak | G19: 520101 4101070003 | H19: P | I19: Belum kawin | K19: 39103 | L19: =YEAR(K19) -> 2007 | M19: =2019-L19 -> 12 | N19: Islam | P19: - | R19: -
B20: 4 | D20: 13 | E20: Asmu’i | F20: KK | G20: 520101 2012690001 | H20: L | I20: Kawin | K20: 25557 | L20: =YEAR(K20) -> 1969 | M20: =2019-L20 -> 50 | N20: Islam | P20: SLTA/MA | R20: PNS/TNI/
D21: 14 | E21: Raodah | F21: Istri | G21: 520101 7112720246 | H21: P | I21: Kawin | K21: 26664 | L21: =YEAR(K21) -> 1972 | M21: =2019-L21 -> 47 | N21: Islam | P21: SLTA/MA | R21: Wiraswasta
D22: 15 | E22: Muhammad Ray Andiko | F22: Anak | G22: 520101 1601930001 | H22: L | I22: Belum kawin | K22: 33985 | L22: =YEAR(K22) -> 1993 | M22: =2019-L22 -> 26 | N22: Islam | P22: SLTA/MA | R22: PNS/TNI/
D23: 16 | E23: Muhammad Rovan Andrianto | F23: Anak | G23: 520101 1606940003 | H23: L | I23: Belum kawin | K23: 34470 | L23: =YEAR(K23) -> 1994 | M23: =2019-L23 -> 25 | N23: Islam | P23: SLTA/MA | R23: -
D24: 17 | E24: Muhammad Agi As’attrio | F24: Anak | G24: 520101 0303990001 | H24: L | I24: Belum kawin | K24: 36222 | L24: =YEAR(K24) -> 1999 | M24: =2019-L24 -> 20 | N24: Islam | P24: SLTP/MTSN | R24: -
D25: 18 | E25: Asmara Yauma Putri Farahdia | F25: Anak | G25: 520101 0312010001 | H25: P | I25: Belum kawin | K25: 37248 | L25: =YEAR(K25) -> 2001 | M25: =2019-L25 -> 18 | N25: Islam | P25: SD/MI | R25: -
D26: 19 | E26: Andina Maharani Putri | F26: Anak | G26: 520101 3311120003 | H26: P | I26: Belum kawin | K26: 41228 | L26: =YEAR(K26) -> 2012 | M26: =2019-L26 -> 7 | N26: Islam | P26: - | R26: -
B27: 5 | C27: 520101 0303150005 | D27: 20 | E27: Suhirman | F27: KK | G27: 520112 0107840413 | H27: L | I27: Kawin | J27: Lingsar-Keling | K27: 29586 | L27: 1980 | M27: =2019-L27 -> 39 | N27: Islam | O27: Sasak | P27: Tamat SD/Sederajat | R27: Buruh Harian Lepas
D28: 21 | E28: Sakdiah | F28: Istri | G28: 520101 7112690246 | H28: P | I28: Kawin | J28: Dasan Geres | K28: 25568 | L28: 1969 | M28: =2019-L28 -> 50 | N28: Islam | O28: Sasak | P28: Belum Tamat SD/Sederajat | R28: Buruh Harian Lepas
D29: 22 | E29: Sri yanti Faradila | F29: Anak | G29: 520101 5101900002 | H29: P | I29: Belum kawin | J29: Dasan Geres Barat | K29: 33178 | L29: 1990 | M29: =2019-L29 -> 29 | N29: Islam | O29: Sasak | P29: SLTP/Sederajat | R29: Wiraswasta
B30: 6 | D30: 23 | E30: Hajjah Nafizah | F30: KK | G30: 520101 7112540010 | H30: P | I30: Janda | K30: 20089 | L30: =YEAR(K30) -> 1954 | M30: =2019-L30 -> 65 | N30: Islam | P30: SD/MI | R30: Wiraswata
B31: 7 | C31: 520101 0503083434 | D31: 24 | E31: Muhidi | F31: KK | G31: 520101 0107620075 | H31: L | I31: Kawin | J31: Dasan Geres Barat | K31: 22653 | L31: 1962 | M31: =2019-L31 -> 57 | N31: Islam | O31: Sasak | P31: SLTP/MTSN | R31: Wiraswasta
D32: 25 | E32: Hj. Zuriatun Toibah | F32: Istri | G32: 520101 5506610002 | H32: P | I32: Kawin | J32: Dasan Geres Barat | K32: 22447 | L32: 1961 | M32: =2019-L32 -> 58 | N32: Islam | O32: Sasak | P32: Tamat SD/Sederajat | R32: Pedagang
D33: 26 | E33: Muhammad Takdir Rizal | F33: Anak | G33: 520101 2609961001 | H33: L | I33: Belum kawin | J33: Dasan Geres Barat | K33: 35334 | L33: 1996 | M33: =2019-L33 -> 23 | N33: Islam | O33: Sasak | P33: SLTA/Sederajat | R33: Wiraswasta
D34: 27 | E34: Ferawati | F34: Anak | G34: 520101 7005993331 | H34: P | I34: Belum kawin | J34: Dasan Geres Barat | K34: 36310 | L34: 1999 | M34: =2019-L34 -> 20 | N34: Islam | O34: Sasak | P34: SLTP/Sederajat | R34: Pelajar/Mahasiswa
B35: 8 | C35: 520101 0503083860 | D35: 28 | E35: Radiah | F35: KK | G35: 520101 4107390025 | H35: P | I35: Belum kawin | J35: Dasan Geres Barat | K35: 21192 | L35: 1958 | M35: =2019-L35 -> 61 | N35: Islam | O35: Sasak | P35: Tidak/Belum Sekolah | R35: Buruh Tani/Perkebunan
D36: 29 | E36: HJ. Rosita | F36: Famili Lain | G36: 520101 4112600004 | H36: P | I36: Belum kawin | J36: Dasan Geres Barat | K36: 20820 | L36: 1956 | M36: =2019-L36 -> 63 | N36: Islam | O36: Sasak | P36: Tamat SD/Sederajat | R36: Buruh Harian Lepas
B37: 9 | C37: 520101 0503082293 | D37: 30 | E37: Sahir | F37: KK | G37: 520101 0107730081 | H37: L | I37: Kawin | J37: Dasan Geres Barat | K37: 27061 | L37: 1974 | M37: =2019-L37 -> 45 | N37: Islam | O37: Sasak | P37: Tamat SD/Sederajat | R37: Wiraswasta
D38: 31 | E38: Hajjah Anisah | F38: Istri | G38: 520101 4107730293 | H38: P | I38: Kawin | J38: Dasan Geres Barat | K38: 27266 | L38: 1974 | M38: =2019-L38 -> 45 | N38: Islam | O38: Sasak | P38: Tamat SD/Sederajat | R38: Pedagang
D39: 32 | E39: Anang Sahrial | F39: Anak | G39: 520101 2203000001 | H39: L | I39: Belum kawin | J39: Dasan Geres | K39: 36607 | L39: 2000 | M39: =2019-L39 -> 19 | N39: Islam | O39: Sasak | P39: Tamat SD/Sederajat | R39: Pelajar/Mahasiswa
D40: 33 | E40: Ananda Sahira | F40: Anak | G40: 520101 4206060003 | H40: P | I40: Belum kawin | J40: Dasan Geres | K40: 38754 | L40: 2006 | M40: =2019-L40 -> 13 | N40: Islam | O40: Sasak | P40: Belum Tamat SD/Sederajat | R40: Pelajar/Mahasiswa
D41: 34 | E41: Sucita Anisa | F41: Anak | G41: 520101 6011140001 | H41: P | I41: Belum kawin | J41: Dasan Geres | K41: 41963 | L41: 2014 | M41: =2019-L41 -> 5 | N41: Islam | O41: Sasak | P41: Tidak/Belum Sekolah | R41: Tidak/Belum Sekolah
B42: 10 | D42: 35 | E42: Musanip | F42: KK | G42: 520101 200400015 | H42: L | I42: Kawin | K42: 24289 | L42: =YEAR(K42) -> 1966 | M42: =2019-L42 -> 53 | N42: Islam | P42: SD/MI | R42: Pekerja lepas
D43: 36 | E43: Tursiah | F43: Istri | G43: 520101 200400016 | H43: P | I43: Kawin | K43: 28307 | L43: =YEAR(K43) -> 1977 | M43: =2019-L43 -> 42 | N43: Islam | P43: SD/MI | R43: Pedagang
D44: 37 | E44: Misnatun Hasanah | F44: Anak | G44: 520101 200400017 | H44: P | I44: Belum kawin | K44: 35042 | L44: =YEAR(K44) -> 1995 | M44: =2019-L44 -> 24 | N44: Islam | P44: SLTA/MA | R44: -
D45: 38 | E45: Muh. Syukron | F45: Anak | G45: 520101 200400018 | H45: P | I45: Belum kawin | K45: 36389 | L45: =YEAR(K45) -> 1999 | M45: =2019-L45 -> 20 | N45: Islam | P45: SD/MI | R45: -
B46: 11 | D46: 39 | E46: Hajjah Nurlaila | F46: KK | G46: 520101 5507820003 | H46: P | I46: Janda | K46: 25182 | L46: =YEAR(K46) -> 1968 | M46: =2019-L46 -> 51 | N46: Islam | P46: SD/MI | R46: Wiraswasta
B47: 12 | D47: 40 | E47: Akmaludin | F47: KK | G47: 520101 1607030001 | H47: L | I47: Kawin | K47: 30513 | L47: =YEAR(K47) -> 1983 | M47: =2019-L47 -> 36 | N47: Islam | P47: SLTP/MTSN | R47: Wiraswasta
D48: 41 | E48: Siti Aminah | F48: Istri | G48: 520101 4707030001 | H48: P | I48: Kawin | K48: 30504 | L48: =YEAR(K48) -> 1983 | M48: =2019-L48 -> 36 | N48: Islam | P48: SLTP/MTSN | R48: Wiraswasta
D49: 42 | E49: Muhammad Khaeruman | F49: Anak | G49: 520101 2203070001 | H49: L | I49: Belum kawin | K49: 39163 | L49: =YEAR(K49) -> 2007 | M49: =2019-L49 -> 12 | N49: Islam | P49: - | R49: -
B50: 13 | D50: 43 | E50: Nurdiah | F50: KK | G50: 520101 200401382 | H50: P | I50: Janda | K50: 22281 | L50: =YEAR(K50) -> 1960 | M50: =2019-L50 -> 59 | N50: Islam | P50: SD/MI | R50: Petani
D51: 44 | E51: Rabi’ah | F51: Lain-lain | G51: 520101 200401385 | H51: P | I51: Belum kawin | K51: 34944 | L51: =YEAR(K51) -> 1995 | M51: =2019-L51 -> 24 | N51: Islam | P51: SLTP/MTSN | R51: -
B52: 14 | D52: 45 | E52: Sahar | F52: KK | G52: 520101 1812720091 | H52: L | I52: Kawin | K52: 26651 | L52: =YEAR(K52) -> 1972 | M52: =2019-L52 -> 47 | N52: Islam | P52: SD/MI | R52: Pekerja lepas
D53: 46 | E53: Rabitah | F53: Istri | G53: 520101 4908780091 | H53: P | I53: Kawin | K53: 28711 | L53: =YEAR(K53) -> 1978 | M53: =2019-L53 -> 41 | N53: Islam | P53: - | R53: Petani
D54: 47 | E54: Dita Aulia | F54: Anak | G54: 520101 5802930091 | H54: P | I54: Belum kawin | K54: 35844 | L54: =YEAR(K54) -> 1998 | M54: =2019-L54 -> 21 | N54: Islam | P54: SLTP/MTSN | R54: -
D55: 48 | E55: M. Fadli Akbar | F55: Anak | G55: 520101 3005050091 | H55: L | I55: Belum kawin | K55: 38502 | L55: =YEAR(K55) -> 2005 | M55: =2019-L55 -> 14 | N55: Islam | P55: - | R55: -
D56: 49 | E56: M. Fadlan Akbar | F56: Anak | G56: 520101 3005050092 | H56: L | I56: Belum kawin | K56: 38502 | L56: =YEAR(K56) -> 2005 | M56: =2019-L56 -> 14 | N56: Islam | P56: - | R56: -
B57: 15 | C57: 520101 0503083834 | D57: 50 | E57: Muhasim | F57: KK | G57: 520101 0107640077 | H57: L | I57: Kawin | J57: Dasan Geres Barat | K57: 23383 | L57: 1964 | M57: =2019-L57 -> 55 | N57: Islam | O57: Sasak | P57: Tamat SD/Sederajat | R57: Tukang Batu
D58: 51 | E58: Sahmin | F58: Istri | G58: 520101 7112600202 | H58: P | I58: Kawin | J58: Dasan Geres | K58: 22281 | L58: 1960 | M58: =2019-L58 -> 59 | N58: Islam | O58: Sasak | P58: Tamat SD/Sederajat | R58: Mengurus Rumah Tangga
D59: 52 | E59: Rukiah | F59: Anak | G59: 520101 4105940001 | H59: P | I59: Belum kawin | J59: Dasan Geres | K59: 34340 | L59: 1994 | M59: =2019-L59 -> 25 | N59: Islam | O59: Sasak | P59: PT/Akademi | R59: Pelajar/Mahasiswa
B60: 16 | C60: 520101 0609120083 | D60: 53 | E60: Sapdi | F60: KK | G60: 520101 1710830001 | H60: L | I60: Kawin | J60: Selat | K60: 30606 | L60: 1983 | M60: =2019-L60 -> 36 | N60: Islam | O60: Sasak | P60: SLTP/Sederajat | R60: Buruh Tani/Perkebunan
D61: 54 | E61: Hj. Salwa | F61: Istri | G61: 520101 7112760192 | H61: P | I61: Kawin | J61: Dasan Geres | K61: 27029 | L61: 1973 | M61: =2019-L61 -> 46 | N61: Islam | O61: Sasak | P61: SLTP/Sederajat | R61: Pedagang
D62: 55 | E62: Hanandi | F62: Anak | G62: 520101 1006040003 | H62: L | I62: Belum kawin | J62: Selat | K62: 38265 | L62: 2004 | M62: =2019-L62 -> 15 | N62: Islam | O62: Sasak | P62: Belum Tamat SD/Sederajat | R62: Pelajar/Mahasiswa
D63: 56 | E63: Nurul Fadila | F63: Anak | G63: 520101 4505080002 | H63: P | I63: Belum kawin | J63: Dasan Geres | K63: 38477 | L63: 2005 | M63: =2019-L63 -> 14 | N63: Islam | O63: Sasak | P63: Tidak/Belum Sekolah | R63: Belum/Tidak Bekerja
B64: 17 | C64: 520101 0503084076 | D64: 57 | E64: Kamar | F64: KK | G64: 520101 0107560090 | H64: L | I64: Kawin | J64: Dasan Geres Barat | K64: 20461 | L64: 1956 | M64: =2019-L64 -> 63 | N64: Islam | O64: Sasak | P64: SLTP/Sederajat | R64: Buruh Harian Lepas
D65: 58 | E65: Siah | F65: Istri | G65: 520101 4107570144 | H65: P | I65: Kawin | J65: Dasan Geres Barat | K65: 20827 | L65: 1957 | M65: =2019-L65 -> 62 | N65: Islam | O65: Sasak | P65: Tamat SD/Sederajat | R65: Mengurus Rumah Tangga
D66: 59 | E66: Sudirman | F66: Anak | G66: 520101 2212940001 | H66: L | I66: Belum kawin | J66: Dasan Geres Barat | K66: 34690 | L66: 1994 | M66: =2019-L66 -> 25 | N66: Islam | O66: Sasak | P66: SLTA/Sederajat | R66: Karyawan Swasta
B67: 18 | D67: 60 | E67: Muhasan | F67: KK | G67: 520101 0107680235 | H67: L | I67: Kawin | K67: 25020 | L67: =YEAR(K67) -> 1968 | M67: =2019-L67 -> 51 | N67: Islam | P67: SD/MI | R67: Petani
D68: 61 | E68: Almah | F68: Istri | G68: 520101 4107700449 | H68: P | I68: Kawin | K68: 25750 | L68: =YEAR(K68) -> 1970 | M68: =2019-L68 -> 49 | N68: Islam | P68: SD/MI | R68: Petani
D69: 62 | E69: Budiawan | F69: Anak | G69: 520101 1403550001 | H69: L | I69: Belum kawin | K69: 34042 | L69: =YEAR(K69) -> 1993 | M69: =2019-L69 -> 26 | N69: Islam | P69: SLTA/MA | R69: -
D70: 63 | E70: Didik Setiawan | F70: Anak | G70: 520101 0910980001 | H70: L | I70: Belum kawin | K70: 36077 | L70: =YEAR(K70) -> 1998 | M70: =2019-L70 -> 21 | N70: Islam | P70: SLTP/MTSN | R70: -
B71: 19 | D71: 64 | E71: Manfuz | F71: KK | G71: 520101 1607360002 | H71: L | I71: Kawin | K71: 31243 | L71: =YEAR(K71) -> 1985 | M71: =2019-L71 -> 34 | N71: Islam | P71: SLTA/MA | R71: Wiraswasta
D72: 65 | E72: Sirol Fahmi | F72: Istri | G72: 520101 6204910003 | H72: P | I72: Kawin | K72: 33350 | L72: =YEAR(K72) -> 1991 | M72: =2019-L72 -> 28 | N72: Islam | P72: SLTA/MA | R72: Pekerja lepas
D73: 66 | E73: Istikomah | F73: Anak | G73: 520101 5805100002 | H73: P | I73: Belum kawin | K73: 40317 | L73: =YEAR(K73) -> 2010 | M73: =2019-L73 -> 9 | N73: Islam | P73: - | R73: -
D74: 67 | E74: Puspita sari | F74: Anak | G74: 520101 5807120001 | H74: P | I74: Belum kawin | K74: 41108 | L74: =YEAR(K74) -> 2012 | M74: =2019-L74 -> 7 | N74: Islam | P74: - | R74: -
B75: 20 | D75: 68 | E75: Munawar | F75: KK | G75: 520101 0212710005 | H75: L | I75: Kawin | K75: 28076 | L75: =YEAR(K75) -> 1976 | M75: =2019-L75 -> 43 | N75: Islam | P75: SLTA/MA | R75: Wiraswasta
D76: 69 | E76: Herawati S.Pd | F76: Istri | G76: 520101 7112770157 | H76: P | I76: Kawin | K76: 28490 | L76: =YEAR(K76) -> 1977 | M76: =2019-L76 -> 42 | N76: Islam | P76: PT/Akademi | R76: PNS/TNI/
D77: 70 | E77: Ifka Wanda Novia Hidayati | F77: Anak | G77: 520101 6611990003 | H77: P | I77: Belum kawin | K77: 36489 | L77: =YEAR(K77) -> 1999 | M77: =2019-L77 -> 20 | N77: Islam | P77: SLTP/MTSN | R77: -
D78: 71 | E78: Moh. Sahindra Rico Pratama | F78: Anak | G78: 520101 1910020006 | H78: L | I78: Belum kawin | K78: 37548 | L78: =YEAR(K78) -> 2002 | M78: =2019-L78 -> 17 | N78: Islam | P78: SD/MI | R78: -
D79: 72 | E79: Maicha Soraya Nursasih | F79: Anak | G79: 520101 4505120002 | H79: P | I79: Belum kawin | K79: 41054 | L79: =YEAR(K79) -> 2012 | M79: =2019-L79 -> 7 | N79: Islam | P79: - | R79: -
D80: 73 | E80: Moh. Farid Galid Husyaddad | F80: Anak | G80: 0 | H80: L | I80: Belum kawin | K80: 41544 | L80: =YEAR(K80) -> 2013 | M80: =2019-L80 -> 6 | N80: Islam | P80: - | R80: -
B81: 21 | C81: 520101 2801150009 | D81: 74 | E81: Hamidah | F81: KK | G81: 520101 4107650116 | H81: P | I81: Cerai Mati | J81: Dasan Geres | K81: 16783 | L81: 1945 | M81: =2019-L81 -> 74 | N81: Islam | O81: Sasak | P81: SD/MI | R81: Ibu Rumah Tangga
B82: 22 | D82: 75 | E82: Haji Ilmi Najamudin | F82: KK | G82: 520101 3112730028 | H82: L | I82: Kawin | K82: 27029 | L82: =YEAR(K82) -> 1973 | M82: =2019-L82 -> 46 | N82: Islam | P82: SLTA/MA | R82: Wiraswasta
D83: 76 | E83: Hajjah Hulaefa | F83: Istri | G83: 520101 7112720058 | H83: P | I83: Kawin | K83: 26664 | L83: =YEAR(K83) -> 1972 | M83: =2019-L83 -> 47 | N83: Islam | P83: SLTA/MA | R83: Wiraswasta
D84: 77 | E84: M. Hasan Amir Husen | F84: Anak | G84: 520101 0201882001 | H84: L | I84: Belum kawin | K84: 35797 | L84: =YEAR(K84) -> 1998 | M84: =2019-L84 -> 21 | N84: Islam | P84: SLTP/MTSN | R84: -
D85: 78 | E85: Rizka Ridho Illahi | F85: Anak | G85: 520101 6311020002 | H85: P | I85: Belum kawin | K85: 37948 | L85: =YEAR(K85) -> 2003 | M85: =2019-L85 -> 16 | N85: Islam | P85: SD/MI | R85: -
D86: 79 | E86: Farhat Abdul Aziz | F86: Anak | G86: 520101 0503060001 | H86: L | I86: Belum kawin | K86: 39512 | L86: =YEAR(K86) -> 2008 | M86: =2019-L86 -> 11 | N86: Islam | P86: -
D87: 80 | E87: Moh. Lutfi Abdurrahman | F87: Anak | G87: 520101 1212120001 | H87: L | I87: Belum kawin | K87: 41255 | L87: =YEAR(K87) -> 2012 | M87: =2019-L87 -> 7 | N87: Islam | P87: - | R87: -
B88: 23 | D88: 81 | E88: Suniah | F88: KK | G88: 520101 4107500128 | H88: P | I88: Janda | K88: 18445 | L88: =YEAR(K88) -> 1950 | M88: =2019-L88 -> 69 | N88: Islam | P88: - | R88: Petani
B89: 24 | C89: 520101 2504180001 | D89: 82 | E89: Ramlah | F89: KK | G89: 520101 4107600123 | H89: P | I89: Cerai Mati | J89: Dasan Geres Barat | K89: 21922 | L89: 1960 | M89: =2019-L89 -> 59 | N89: Islam | O89: Sasak | P89: Tidak/Belum Sekolah | R89: Mengurus Rumah Tangga
B90: 25 | D90: 83 | E90: Mashur | F90: KK | G90: 520101 0107600313 | H90: L | I90: Kawin | K90: 22098 | L90: =YEAR(K90) -> 1960 | M90: =2019-L90 -> 59 | N90: Islam | P90: - | R90: Petani
D91: 84 | E91: Mahnim | F91: Istri | G91: 520101 4107610056 | H91: P | I91: Kawin | K91: 22463 | L91: =YEAR(K91) -> 1961 | M91: =2019-L91 -> 58 | N91: Islam | P91: - | R91: Petani
B92: 26 | D92: 85 | E92: Nawiyah | F92: KK | G92: 520101 4107560101 | H92: P | I92: Janda | K92: 20637 | L92: =YEAR(K92) -> 1956 | M92: =2019-L92 -> 63 | N92: Islam | P92: SD/MI | R92: Petani
B93: 27 | C93: 520101 2601110044 | D93: 86 | E93: Ibrahim | F93: KK | G93: 520101 2206830004 | H93: L | I93: Kawin | J93: Dasan Geres Barat | K93: 30489 | L93: 1983 | M93: =2019-L93 -> 36 | N93: Islam | O93: Sasak | P93: SLTA/Sederajat | R93: Wiraswasta
D94: 87 | E94: Ayu Ningsih | F94: Istri | G94: 520101 7112850097 | H94: P | I94: Kawin | J94: Reyan, Gerung | K94: 31412 | L94: 1985 | M94: =2019-L94 -> 34 | N94: Islam | O94: Sasak | P94: Tamat SD/Sederajat | R94: Pedagang
D95: 88 | E95: Ana Aprilia | F95: Anak | G95: 520101 4204110003 | H95: P | I95: Belum kawin | J95: Gerung Utara | K95: 40578 | L95: 2011 | M95: =2019-L95 -> 8 | N95: Islam | O95: Sasak | P95: Tidak/Belum Sekolah | R95: Belum Bekerja
B96: 28 | D96: 89 | E96: ulul Azmi | F96: KK | G96: 520101 2203170001 | H96: P | I96: Janda | J96: Dasan Geres | K96: 42816 | L96: 2017 | M96: =2019-L96 -> 2 | N96: Islam | O96: Sasak | P96: Tidak/Belum Sekolah | R96: Belum Bekerja
D97: 90 | E97: Rian Sahmi Sagito | F97: Anak | G97: 520101 3011990021 | H97: L | I97: Belum kawin | K97: 36494 | L97: =YEAR(K97) -> 1999 | M97: =2019-L97 -> 20 | N97: Islam | P97: SD/MI | R97: -
B98: 29 | C98: 520101 0503083403 | D98: 91 | E98: Jamaludin | F98: KK | G98: 520101 0107420157 | H98: L | I98: Kawin | J98: Dasan Geres Barat | K98: 15348 | L98: 1942 | M98: =2019-L98 -> 77 | N98: Islam | O98: Sasak | P98: Tamat SD/Sederajat | R98: Buruh Tani/Perkebunan
D99: 92 | E99: Sabenah | F99: Istri | G99: 520101 4107500143 | H99: P | I99: Kawin | J99: Dasan Geres Barat | K99: 18270 | L99: 1950 | M99: =2019-L99 -> 69 | N99: Islam | O99: Sasak | P99: Tidak/Belum Sekolah | R99: Buruh Tani/Perkebunan
D100: 93 | E100: Masiah | F100: Anak | G100: 520101 4107770551 | H100: P | I100: Belum kawin | J100: Dasan Geres Barat | K100: 28132 | L100: 1977 | M100: =2019-L100 -> 42 | N100: Islam | O100: Sasak | P100: Tamat SD/Sederajat | R100: Pedagang
D101: 94 | E101: Muksin | F101: Anak | G101: 520101 0107780076 | H101: L | I101: Belum kawin | J101: Dasan Geres Barat | K101: 28497 | L101: 1978 | M101: =2019-L101 -> 41 | N101: Islam | O101: Sasak | P101: Tamat SD/Sederajat | R101: Buruh Tani/Perkebunan
...

Sheet RT 05
B1: DATA INDUK PENDUDUK KELURAHAN DASAN GERES
B2: TAHUN 2019
B3: LINGKUNGAN DASAN GERES BARAT
B4: RT 05
B5: No | C5: Nomor KK | D5: Jumlah Jiwa | E5: Nama Lengkap/ Panggilan | F5: Kedudukan dalam Keluarga | G5: NIK | H5: Jenis Kelamin (L/P) | I5: Status Perkawinan | J5: Lahir | M5: Usia | N5: Agama | O5: Etnis | P5: Pendidikan Terakhir | Q5: Jurusan | R5: Pekerjaan
J6: Tempat | K6: Tanggal | L6: Tahun
B8: 1 | D8: 1 | E8: Lalu Masrinudin | F8: KK | G8: 520101 7977230001 | H8: L | I8: Kawin | K8: 26857 | L8: =YEAR(K8) -> 1973 | M8: =2019-L8 -> 46 | N8: Islam | P8: SLTP/MTSN | R8: Wiraswasta
D9: 2 | E9: Baiq Nismayati Darmawan | F9: Istri | G9: 520101 7001790001 | H9: P | I9: Kawin | K9: 28885 | L9: =YEAR(K9) -> 1979 | M9: =2019-L9 -> 40 | N9: Islam | P9: SLTA/MA | R9: PNS/ TNI/ POLRI
D10: 3 | E10: Baiq Puspita Ayu Anggini | F10: Anak | G10: 520101 6810980001 | H10: P | I10: Belum kawin | K10: 36086 | L10: =YEAR(K10) -> 1998 | M10: =2019-L10 -> 21 | N10: Islam | P10: SLTP/MTSN | R10: -
D11: 4 | E11: Baiq Dwi Ayu Lestari | F11: Anak | G11: 520101 6902040001 | H11: P | I11: Belum kawin | K11: 38037 | L11: =YEAR(K11) -> 2004 | M11: =2019-L11 -> 15 | N11: Islam | P11: SD/MI | R11: -
D12: 5 | E12: Baiq Desta Asri Ayu Anjani | F12: Anak | G12: 520101 6312080001 | H12: P | I12: Belum kawin | K12: 39805 | L12: =YEAR(K12) -> 2008 | M12: =2019-L12 -> 11 | N12: Islam | P12: - | R12: -
D13: 6 | E13: Lalu Faksi Widjaksa Darma | F13: Anak | G13: 520101 1704120002 | H13: L | I13: Belum kawin | K13: 41016 | L13: =YEAR(K13) -> 2012 | M13: =2019-L13 -> 7 | N13: Islam | P13: - | R13: -
B14: 2 | D14: 7 | E14: Lalu Nuhri | F14: KK | G14: 520101 0107600020 | H14: L | I14: Kawin | K14: 22251 | L14: =YEAR(K14) -> 1960 | M14: =2019-L14 -> 59 | N14: Islam | P14: SLTP/MTSN | R14: Petani
D15: 8 | E15: Saimah | F15: Istri | G15: 520101 4107740189 | H15: P | I15: Kawin | K15: 27211 | L15: =YEAR(K15) -> 1974 | M15: =2019-L15 -> 45 | N15: Islam | P15: SD/MI | R15: Lainnya
D16: 9 | E16: Baiq Maryani | F16: Anak | G16: 520101 4108820005 | H16: P | I16: Belum kawin | K16: 30164 | L16: =YEAR(K16) -> 1982 | M16: =2019-L16 -> 37 | N16: Islam | P16: SLTA/MA | R16: Wiraswasta
D17: 10 | E17: Lalu Sukmiardi | F17: Anak | G17: 520101 0108870002 | H17: L | I17: Belum kawin | K17: 31990 | L17: =YEAR(K17) -> 1987 | M17: =2019-L17 -> 32 | N17: Islam | P17: PT/ Akademi | R17: -
D18: 11 | E18: Baiq Sucitawati | F18: Anak | G18: 520101 6311870001 | H18: P | I18: Belum kawin | K18: 35757 | L18: =YEAR(K18) -> 1997 | M18: =2019-L18 -> 22 | N18: Islam | P18: SLTP/MTSN | R18: -
D19: 12 | E19: Baiq Nurul Hidayah | F19: Anak | G19: 520101 4802000001 | H19: P | I19: Belum kawin | K19: 36533 | L19: =YEAR(K19) -> 2000 | M19: =2019-L19 -> 19 | N19: Islam | P19: SD/MI | R19: -
D20: 13 | E20: Lalu Alfin Juliansah | F20: Anak | G20: 520101 3007090002 | H20: L | I20: Belum kawin | K20: 40024 | L20: =YEAR(K20) -> 2009 | M20: =2019-L20 -> 10 | N20: Islam | P20: - | R20: -
B21: 3 | D21: 14 | E21: Saparudin | F21: KK | G21: 520101 3112700079 | H21: L | I21: Kawin | K21: 25933 | L21: =YEAR(K21) -> 1970 | M21: =2019-L21 -> 49 | N21: Islam | P21: SD/MI | R21: Pekerja lepas
D22: 15 | E22: Suryah | F22: Istri | G22: 520101 7112750078 | H22: P | I22: Kawin | K22: 27759 | L22: =YEAR(K22) -> 1975 | M22: =2019-L22 -> 44 | N22: Islam | P22: SLTP/MTSN | R22: Lainnya
D23: 16 | E23: Nina Handayani | F23: Anak | G23: 520101 6106030001 | H23: P | I23: Belum kawin | K23: 37793 | L23: =YEAR(K23) -> 2003 | M23: =2019-L23 -> 16 | N23: Islam | P23: - | R23: -
D24: 17 | E24: Muhammad Handani Saputra | F24: Anak | G24: 520101 0103080005 | H24: L | I24: Belum kawin | K24: 39508 | L24: =YEAR(K24) -> 2008 | M24: =2019-L24 -> 11 | N24: Islam | P24: - | R24: -
D25: 18 | E25: Saofa Aulia Marwa | F25: Anak | G25: 520101 5611100001 | H25: P | I25: Belum kawin | K25: 40498 | L25: =YEAR(K25) -> 2010 | M25: =2019-L25 -> 9 | N25: Islam | P25: - | R25: -
B26: 4 | D26: 19 | E26: Rusdin | F26: KK | G26: 520101 3112800243 | H26: L | I26: Kawin | K26: 29586 | L26: =YEAR(K26) -> 1980 | M26: =2019-L26 -> 39 | N26: Islam | P26: SLTA/MA | R26: Wiraswasta
D27: 20 | E27: Nani Herawati | F27: Istri | G27: 520101 6402770003 | H27: P | I27: Kawin | K27: 28180 | L27: =YEAR(K27) -> 1977 | M27: =2019-L27 -> 42 | N27: Islam | P27: SLTA/MA | R27: PNS/ TNI/ POLRI
D28: 21 | E28: Haikal Aiman Tahir | F28: Anak | G28: 520101 3103130001 | H28: L | I28: Belum kawin | K28: 41364 | L28: =YEAR(K28) -> 2013 | M28: =2019-L28 -> 6 | N28: Islam | P28: - | R28: -
B29: 5 | D29: 22 | E29: Lalu Muhlil | F29: KK | G29: 520101 0107720162 | H29: L | I29: Kawin | K29: 25933 | L29: =YEAR(K29) -> 1970 | M29: =2019-L29 -> 49 | N29: Islam | P29: SLTA/MA | R29: Pekerja lepas
D30: 23 | E30: Baiq Fatmah | F30: Istri | G30: 520101 4107750399 | H30: P | I30: Kawin | K30: 27759 | L30: =YEAR(K30) -> 1975 | M30: =2019-L30 -> 44 | N30: Islam | P30: SLTA/MA | R30: Lainnya
D31: 24 | E31: Lalu Budi Hartawan | F31: Anak | G31: 520101 0711961001 | H31: L | I31: Belum kawin | K31: 35376 | L31: =YEAR(K31) -> 1996 | M31: =2019-L31 -> 23 | N31: Islam | P31: SLTA/MA | R31: -
D32: 25 | E32: Lalu Indra Hartawan | F32: Anak | G32: 520101 3009060002 | H32: L | I32: Belum kawin | K32: 37894 | L32: =YEAR(K32) -> 2003 | M32: =2019-L32 -> 16 | N32: Islam | P32: - | R32: -
D33: 26 | E33: Baiq Lizia Andini | F33: Anak | G33: 520101 4306120003 | H33: P | I33: Belum kawin | K33: 41063 | L33: =YEAR(K33) -> 2012 | M33: =2019-L33 -> 7 | N33: Islam | P33: - | R33: -
B34: 6 | C34: 520101 0503082330 | D34: 27 | E34: Lalu Muhlis | F34: KK | G34: 520101 3112590001 | H34: L | I34: Kawin | J34: Dasan Geres | K34: 21915 | L34: 1959 | M34: =2019-1959 -> 60 | N34: Islam | O34: Sasak | P34: SLTA/Sederajat | R34: Tukang Kayu
D35: 28 | E35: Rohanah | F35: Istri | G35: 520101 7112650050 | H35: P | I35: Kawin | J35: Dasan Geres | K35: 25568 | L35: 1969 | M35: =2019-1969 -> 50 | N35: Islam | O35: Sasak | P35: Tamat SD/Sederajat | R35: Pedagang
D36: 29 | E36: Lalu Heri Kuswanto | F36: Anak | G36: 520101 0502900001 | H36: L | I36: Belum kawin | J36: Dasan Geres Barat | K36: 34463 | L36: 1994 | M36: =2019-1994 -> 25 | N36: Islam | O36: Sasak | P36: Diploma lll | R36: Wiraswasta
D37: 30 | E37: Baiq Lilis Septiana | F37: Anak | G37: 520101 5409940002 | H37: P | I37: Belum kawin | J37: Dasan Geres | K37: 34591 | L37: 1994 | M37: =2019-1994 -> 25 | N37: Islam | O37: Sasak | P37: Diploma lll | R37: Pelajar/Mahasiswa
D38: 31 | E38: Baiq Yuli Desti Lisnawati | F38: Anak | G38: 520101 5212960001 | H38: P | I38: Belum kawin | J38: Dasan Geres Barat | K38: 35412 | L38: 1996 | M38: =2019-1996 -> 23 | N38: Islam | O38: Sasak | P38: Diploma lll | R38: Pelajar/Mahasiswa
B39: 7 | D39: 32 | E39: Lalu Mawardi | F39: KK | G39: 520101 3112740145 | H39: L | I39: Kawin | K39: 27394 | L39: =YEAR(K39) -> 1974 | M39: =2019-L39 -> 45 | N39: Islam | P39: SD/MI | R39: Pekerja lepas
D40: 33 | E40: Baiq Suyarni | F40: Istri | G40: 520101 5503740001 | H40: P | I40: Kawin | K40: 27225 | L40: =YEAR(K40) -> 1974 | M40: =2019-L40 -> 45 | N40: Islam | P40: SD/MI | R40: Lainnya
D41: 34 | E41: Lalu Fahrurozzi | F41: Anak | G41: 520101 0305870001 | H41: L | I41: Belum kawin | K41: 35584 | L41: =YEAR(K41) -> 1997 | M41: =2019-L41 -> 22 | N41: Islam | P41: SD/MI | R41: -
D42: 35 | E42: Lalu Rizki Waratama | F42: Anak | G42: 520101 0305030004 | H42: L | I42: Belum kawin | K42: 37775 | L42: =YEAR(K42) -> 2003 | M42: =2019-L42 -> 16 | N42: Islam | P42: - | R42: -
D43: 36 | E43: Lalu Muhammad Firmansyah | F43: Anak | G43: 520101 1703080002 | H43: L | I43: Belum kawin | K43: 39524 | L43: =YEAR(K43) -> 2008 | M43: =2019-L43 -> 11 | N43: Islam | P43: - | R43: -
D44: 37 | E44: Lalu Bayu Anggara | F44: Anak | G44: 520101 2810100002 | H44: L | I44: Belum kawin | K44: 40480 | L44: =YEAR(K44) -> 2010 | M44: =2019-L44 -> 9 | N44: Islam | P44: - | R44: -
B45: 8 | D45: 38 | E45: Lalu Marwan | F45: KK | G45: 520101 3112750114 | H45: L | I45: Kawin | K45: 27759 | L45: =YEAR(K45) -> 1975 | M45: =2019-L45 -> 44 | N45: Islam | P45: SLTP/MTSN | R45: Wiraswasta
D46: 39 | E46: Siti Zuleha | F46: Istri | G46: 520101 7112790058 | H46: P | I46: Kawin | K46: 29220 | L46: =YEAR(K46) -> 1979 | M46: =2019-L46 -> 40 | N46: Islam | P46: SLTA/MA | R46: Pedagang
D47: 40 | E47: Baiq Wanda Safitri | F47: Anak | G47: 520101 4712020003 | H47: P | I47: Belum kawin | K47: 37597 | L47: =YEAR(K47) -> 2002 | M47: =2019-L47 -> 17 | N47: Islam | P47: SD/MI | R47: -
D48: 41 | E48: Lalu Muhammad Ridwan | F48: Anak | G48: 520101 1302070005 | H48: L | I48: Belum kawin | K48: 39126 | L48: =YEAR(K48) -> 2007 | M48: =2019-L48 -> 12 | N48: Islam | P48: - | R48: -
B49: 9 | D49: 42 | E49: Lalu Marzan | F49: KK | G49: 520101 2006880002 | H49: L | I49: Kawin | K49: 25351 | L49: =YEAR(K49) -> 1969 | M49: =2019-L49 -> 50 | N49: Islam | P49: SLTA/MA | R49: Pegawai swasta
D50: 43 | E50: Mastia | F50: Istri | G50: 520101 5708720003 | H50: P | I50: Kawin | K50: 26528 | L50: =YEAR(K50) -> 1972 | M50: =2019-L50 -> 47 | N50: Islam | P50: SLTA/MA | R50: Pedagang
D51: 44 | E51: Lalu Wawan Setiawan | F51: Anak | G51: 520101 0408950003 | H51: L | I51: Belum kawin | K51: 36284 | L51: =YEAR(K51) -> 1999 | M51: =2019-L51 -> 20 | N51: Islam | P51: SLTP/MTSN | R51: -
D52: 45 | E52: Lalu Hirza Mardika | F52: Anak | G52: 520101 2702070004 | H52: L | I52: Belum kawin | K52: 39352 | L52: =YEAR(K52) -> 2007 | M52: =2019-L52 -> 12 | N52: Islam | P52: - | R52: -
B53: 10 | C53: 520101 0503082382 | D53: 46 | E53: Lalu Kamri | F53: KK | G53: 520101 3112630003 | H53: L | I53: Kawin | J53: Dasan Geres Barat | K53: 23376 | L53: 1963 | M53: =2019-1963 -> 56 | N53: Islam | O53: Sasak | P53: Tamat SD/Sederajat | R53: Buruh Tani/Perkebunan
D54: 47 | E54: Baiq Maisah | F54: Istri | G54: 520101 7112650215 | H54: P | I54: Kawin | J54: Bermi | K54: 24107 | L54: 1965 | M54: =2019-1965 -> 54 | N54: Islam | O54: Sasak | P54: Tamat SD/Sederajat | R54: Buruh Tani/Perkebunan
D55: 48 | E55: Lalu Rizal Fahmi | F55: Anak | G55: 520101 0910930001 | H55: L | I55: Belum kawin | J55: Dasan Geres Barat | K55: 34222 | L55: 1993 | M55: =2019-1993 -> 26 | N55: Islam | O55: Sasak | P55: SLTA/Sederajat | R55: Pelajar/Mahasiswa
D56: 49 | E56: Baiq Ratnaningsih | F56: Anak | G56: 520101 4209960001 | H56: P | I56: Belum kawin | J56: Dasan Geres Barat | K56: 35104 | L56: 1996 | M56: =2019-1996 -> 23 | N56: Islam | O56: Sasak | P56: SLTA/Sederajat | R56: Pelajar/Mahasiswa
D57: 50 | E57: Baiq Melia Yulianti | F57: Anak | G57: 520101 6205030001 | H57: P | I57: Belum kawin | J57: Dasan Geres Barat | K57: 37763 | L57: 2003 | M57: =2019-2003 -> 16 | N57: Islam | O57: Sasak | P57: Belum Tamat SD/Sederajat | R57: Pelajar/Mahasiswa
B58: 11 | D58: 51 | E58: Lalu Suparman | F58: KK | G58: 520101 3112670027 | H58: L | I58: Kawin | K58: 24837 | L58: =YEAR(K58) -> 1967 | M58: =2019-L58 -> 52 | N58: Islam | P58: SD/MI | R58: Wiraswasta
D59: 52 | E59: Baiq Fatmawati | F59: Istri | G59: 520101 7112690029 | H59: P | I59: Kawin | K59: 25568 | L59: =YEAR(K59) -> 1969 | M59: =2019-L59 -> 50 | N59: Islam | P59: SD/MI | R59: Pekerja lepas
D60: 53 | E60: Baiq Nurani | F60: Anak | G60: 520101 5303920001 | H60: P | I60: Belum kawin | K60: 33676 | L60: =YEAR(K60) -> 1992 | M60: =2019-L60 -> 27 | N60: Islam | P60: SD/MI | R60: -
D61: 54 | E61: Lalu Handoko | F61: Anak | G61: 520101 1509970001 | H61: L | I61: Belum kawin | K61: 35688 | L61: =YEAR(K61) -> 1997 | M61: =2019-L61 -> 22 | N61: Islam | P61: SLTP/MTSN | R61: -
D62: 55 | E62: Lalu Gilang Pranata Putra | F62: Anak | G62: 520101 2604070001 | H62: L | I62: Belum kawin | K62: 39198 | L62: =YEAR(K62) -> 2007 | M62: =2019-L62 -> 12 | N62: Islam | P62: - | R62: -
B63: 12 | D63: 56 | E63: Jaimil | F63: KK | G63: 520101 3112780104 | H63: L | I63: Kawin | K63: 25933 | L63: =YEAR(K63) -> 1970 | M63: =2019-L63 -> 49 | N63: Islam | P63: SD/MI | R63: Pekerja lepas
D64: 57 | E64: Sainip | F64: Istri | G64: 520101 4107730385 | H64: P | I64: Kawin | K64: 26846 | L64: =YEAR(K64) -> 1973 | M64: =2019-L64 -> 46 | N64: Islam | P64: SD/MI | R64: Pekerja lepas
D65: 58 | E65: Zainal Abidis | F65: Anak | G65: 520101 3112950018 | H65: L | I65: Belum kawin | K65: 35064 | L65: =YEAR(K65) -> 1995 | M65: =2019-L65 -> 24 | N65: Islam | P65: SLTP/MTSN | R65: -
D66: 59 | E66: Zainul Ishaq | F66: Anak | G66: 520101 190397001 | H66: L | I66: Belum kawin | K66: 35508 | L66: =YEAR(K66) -> 1997 | M66: =2019-L66 -> 22 | N66: Islam | P66: SD/MI | R66: -
D67: 60 | E67: Taufiq Hidayatullah | F67: Anak | G67: 520101 0310070001 | H67: L | I67: Belum kawin | K67: 39358 | L67: =YEAR(K67) -> 2007 | M67: =2019-L67 -> 12 | N67: Islam | P67: - | R67: -
B68: 13 | C68: 520101 0610140013 | D68: 61 | E68: Mahyudin Hidayatulloh | F68: KK | G68: 520101 2404940003 | H68: L | I68: Kawin | J68: Mataram | K68: 34448 | L68: 1994 | M68: =2019-1994 -> 25 | N68: Islam | P68: SLTA/Sederajat | R68: Wiraswasta
D69: 62 | E69: Khaeriyah | F69: Istri | G69: 520101 4107760195 | H69: P | I69: Kawin | J69: Dasan Geres | K69: 28192 | L69: 1977 | M69: =2019-1977 -> 42 | N69: Islam | P69: SLTA/Sederajat | R69: Mengurus Rumah Tangga
D70: 63 | E70: Khaerun Nisa’ | F70: Anak | G70: 520101 6201140002 | H70: P | I70: Belum kawin | J70: Dasan Geres | K70: 41661 | L70: 2014 | M70: =2019-2014 -> 5 | N70: Islam | P70: Tidak/Belum Sekolah | R70: Belum/Tidak Bekerja
B71: 14 | C71: 520101 2212150014 | D71: 64 | E71: Salsilah | F71: KK | G71: 520101 7112680157 | H71: P | I71: Janda | J71: Dasan Geres | K71: 25203 | L71: 1968 | M71: =2019-1968 -> 51 | N71: Islam | O71: Sasak | P71: Tamat SD/Sederajat | R71: Mengurus Rumah Tangga
D72: 65 | E72: Muhammad Syahrul Arifin | F72: Anak | G72: 520101 0103940005 | H72: L | I72: Belum kawin | J72: Gerung | K72: 34337 | L72: 1994 | M72: =2019-1994 -> 25 | N72: Islam | O72: Sasak | P72: SLTA/Sederajat | R72: Pelajar/Mahasiswa
D73: 66 | E73: Muhammad Adlan Aly | F73: Anak | G73: 520101 2707980003 | H73: L | I73: Belum kawin | J73: Dasan Geres | K73: 36368 | L73: 1999 | M73: =2019-1999 -> 20 | N73: Islam | O73: Sasak | P73: SLTP/Sederajat | R73: Pelajar/Mahasiswa
D74: 67 | E74: Muhammad Baburraziqin | F74: Anak | G74: 520101 2001030002 | H74: L | I74: Belum kawin | J74: Dasan Geres | K74: 37641 | L74: 2003 | M74: =2019-2003 -> 16 | N74: Islam | O74: Sasak | P74: Tamat SD/Sederajat | R74: Pelajar/Mahasiswa
D75: 68 | E75: Ahmad Malik Asy-Syazili | F75: Anak | G75: 520101 2907080001 | H75: L | I75: Belum kawin | J75: Dasan Geres | K75: 39658 | L75: 2008 | M75: =2019-2008 -> 11 | N75: Islam | O75: Sasak | P75: Belum Tamat SD/Sederajat | R75: Pelajar/Mahasiswa
B76: 15 | D76: 69 | F76: KK | G76: 520101 4912600003 | H76: P | I76: Janda | K76: 22259 | L76: =YEAR(K76) -> 1960 | M76: =2019-L76 -> 59 | N76: Islam | P76: PT/Akademi | R76: PNS/TNI/ POLRI
D77: 70 | E77: Indra Kesuma Jaka B.R.P | F77: Anak | G77: 520101 0202970002 | H77: L | I77: Belum kawin | K77: 31810 | L77: =YEAR(K77) -> 1987 | M77: =2019-L77 -> 32 | N77: Islam | P77: PT/Akademi | R77: Wiraswasta
D78: 71 | E78: Panji Indra Leshana R.P | F78: Anak | G78: 520101 1105910005 | H78: L | I78: Belum kawin | K78: 33369 | L78: =YEAR(K78) -> 1991 | M78: =2019-L78 -> 28 | N78: Islam | P78: PT/Akademi | R78: Wiraswasta
B79: 16 | D79: 72 | E79: Saqiyah | F79: Janda | G79: 520101 4107620264 | H79: P | I79: Janda | K79: 22828 | L79: =YEAR(K79) -> 1962 | M79: =2019-L79 -> 57 | N79: Islam | P79: SD/MI | R79: Lainnya
D80: 73 | E80: Suhardi | F80: Anak | G80: 520101 0107620264 | H80: L | I80: Belum kawin | K80: 33100 | L80: =YEAR(K80) -> 1990 | M80: =2019-L80 -> 29 | N80: Islam | P80: SLTA/MA | R80: Wiraswasta
B81: 17 | C81: 520101 0503083498 | D81: 74 | E81: Sainun | F81: KK | G81: 520101 0107450137 | H81: L | I81: Kawin | J81: Dasan Geres Barat | K81: 14983 | L81: 1941 | M81: =2019-1941 -> 78 | N81: Islam | O81: Sasak | P81: Tamat SD/Sederajat | R81: Buruh Tani/Perkebunan
D82: 75 | E82: Saminah | F82: Istri | G82: 520101 4107720593 | H82: P | I82: Kawin | J82: Dasan Geres Barat | K82: 26305 | L82: 1972 | M82: =2019-1972 -> 47 | N82: Islam | O82: Sasak | P82: Tamat SD/Sederajat | R82: Buruh Tani/Perkebunan
D83: 76 | E83: Saeful Bahri | F83: Anak | G83: 520101 0107920211 | H83: L | I83: Belum kawin | J83: Dasan Geres Barat | K83: 34036 | L83: 1993 | M83: =2019-1993 -> 26 | N83: Islam | O83: Sasak | P83: SLTP/Sederajat | R83: Wiraswasta
D84: 77 | E84: Rodiatul Janah | F84: Anak | G84: 520101 4107940222 | H84: P | I84: Belum kawin | J84: Dasan Geres Barat | K84: 34761 | L84: 1995 | M84: =2019-1995 -> 24 | N84: Islam | O84: Sasak | P84: SLTP/Sederajat | R84: Wiraswasta
D85: 78 | E85: Siti Soleha | F85: Anak | G85: 520101 4107970429 | H85: P | I85: Belum kawin | J85: Dasan Geres Barat | K85: 36160 | L85: 1998 | M85: =2019-1998 -> 21 | N85: Islam | O85: Sasak | P85: SLTA/Sederajat | R85: Pelajar/Mahasiswa
D86: 79 | E86: Siti Rakmah | F86: Anak | G86: 520101 6405080003 | H86: P | I86: Belum kawin | J86: Dasan Geres Barat | K86: 39592 | L86: 2008 | M86: =2019-2008 -> 11 | N86: Islam | O86: Sasak | P86: Belum Tamat SD/Sederajat | R86: Pelajar/Mahasiswa
B87: 18 | C87: 520101 0503083487 | D87: 80 | E87: Erun | F87: KK | G87: 520101 0107470071 | H87: L | I87: Kawin | J87: Dasan Geres Barat | K87: 17174 | L87: 1947 | M87: =2019-1947 -> 72 | N87: Islam | O87: Sasak | P87: Tamat SD/Sederajat | R87: Pengerajin
D88: 81 | E88: Muslimah | F88: Istri | G88: 520101 4107550154 | H88: P | I88: Kawin | J88: Dasan Geres Barat | K88: 20096 | L88: 1955 | M88: =2019-1955 -> 64 | N88: Islam | O88: Sasak | P88: Tamat SD/Sederajat | R88: Buruh Tani/Perkebunan
D89: 82 | E89: Mahsun | F89: Anak | G89: 520101 2102780001 | H89: L | I89: Belum kawin | J89: Dasan Geres | K89: 28542 | L89: 1978 | M89: =2019-1978 -> 41 | N89: Islam | O89: Sasak | P89: Tamat SD/Sederajat | R89: Belum/Tidak Bekerja
B90: 19 | C90: 520101 0303160008 | D90: 83 | E90: Jalaludin | F90: KK | G90: 520101 0107020504 | H90: L | I90: Kawin Belum Tercatat | J90: Dasan Geres Barat | K90: 30135 | L90: 1982 | M90: =2019-1982 -> 37 | N90: Islam | O90: Sasak | P90: SLTA/Sederajat | R90: Wiraswasta
D91: 84 | E91: Nurul Hidayah | F91: Istri | G91: 520107 4107900116 | H91: P | I91: Kawin Belum Tercatat | J91: Labuan Poh | K91: 32582 | L91: 1989 | M91: =2019-1989 -> 30 | N91: Islam | O91: Sasak | P91: SLTA/Sederajat | R91: Wiraswasta
D92: 85 | E92: Ahmad Fa'izul Bayani | F92: Anak | G92: 520101 0510130001 | H92: L | I92: Belum kawin | J92: Dasan Geres Barat | K92: 41404 | L92: 2013 | M92: =2019-2013 -> 6 | N92: Islam | O92: Sasak | P92: Tidak/Belum Sekolah | R92: Belum/Tidak Bekerja
B93: 20 | C93: 520101 1909140015 | D93: 86 | E93: Saibe | F93: KK | G93: 520101 4107810073 | H93: P | I93: Cerai Mati | J93: Dasan Geres Barat | K93: 18328 | L93: 1950 | M93: =2019-1950 -> 69 | N93: Islam | O93: Sasak | P93: Belum Tamat SD/Sederajat | R93: Mengurus Rumah Tangga
B94: 21 | C94: 520101 0107640078 | D94: 87 | E94: Sae’un | F94: KK | G94: 520101 0107640078 | H94: L | I94: Kawin | J94: Dasan Geres Barat | K94: 23559 | L94: 1964 | M94: =2019-1964 -> 55 | N94: Islam | O94: Sasak | P94: Tamat SD/Sederajat | R94: Tukang Kayu
D95: 88 | E95: Alimah | F95: Istri | G95: 520101 4107680323 | H95: P | I95: Kawin | J95: Dasan Geres Barat | K95: 24844 | L95: 1968 | M95: =2019-1968 -> 51 | N95: Islam | O95: Sasak | P95: Tamat SD/Sederajat | R95: Mengurus Rumah Tangga
D96: 89 | E96: Muhammad Baidawi | F96: Anak | G96: 520101 200403251 | H96: L | I96: Belum kawin | K96: 32001 | L96: =YEAR(K96) -> 1987 | M96: =2019-L96 -> 32 | N96: Islam | P96: SLTA/MA | R96: Wiraswasta
D97: 90 | E97: Muksia | F97: Anak | G97: 520101 2004250 | H97: P | I97: Belum kawin | K97: 31777 | L97: =YEAR(K97) -> 1986 | M97: =2019-L97 -> 33 | N97: Islam | P97: SLTA/MA | R97: Wiraswasta
B98: 22 | C98: 520101 0503083506 | D98: 91 | E98: Ihsan | F98: KK | G98: 520101 1311840001 | H98: L | I98: Belum kawin | J98: Dasan Geres Barat | K98: 30999 | L98: 1984 | M98: =2019-1984 -> 35 | N98: Islam | O98: Sasak | P98: Tamat SD/Sederajat | R98: Wiraswasta
D99: 92 | E99: Ishak | F99: Famili Lain | G99: 520101 1505910002 | H99: L | I99: Belum kawin | J99: Dasan Geres Barat | K99: 33001 | L99: 1990 | M99: =2019-1990 -> 29 | N99: Islam | O99: Sasak | P99: SLTP/Sederajat | R99: Wiraswasta
B100: 23 | D100: 93 | E100: Lalu Agus Putrawan | F100: KK | G100: 520101 1408820002 | H100: L | I100: Kawin | K100: 30177 | L100: =YEAR(K100) -> 1982 | M100: =2019-L100 -> 37 | N100: Islam | P100: SD/MI | R100: PNS/TNI/ POLRI
D101: 94 | E101: Mardiah | F101: Istri | G101: 520101 4107830181 | H101: P | I101: Kawin | K101: 30498 | L101: =YEAR(K101) -> 1983 | M101: =2019-L101 -> 36 | N101: Islam | P101: SD/MI | R101: Pekerja lepas
...

Sheet pindah kk
A1: No | B1: No. KK | C1: Jumlah | D1: Nama Lengkap/panggilan | E1: Kedudukan dalam Keluarga | F1: NIK | G1: Jenis Kelamin (L/P) | H1: Status Perkawinan | I1: Lahir | L1: Usia | M1: Agama | N1: Etnis | O1: Pendidikan Terakhir | P1: Jurusan | Q1: Pekerjaan | R1: Cacat | T1: Ada / Tidak
C2: Jiwa | I2: Tempat | J2: Tanggal | K2: Tahun | R2: Mental | S2: Fisik | T2: KK | U2: KTP/KIA | V2: Buku Nikah | W2: Akte Kelahiran
R3: 18 | S3: 19 | T3: 18 | U3: 19 | V3: 18 | W3: 19
D4: Muhamad Iksan Asgar | E4: Anak | F4: 520101 2609961001 | G4: L | I4: Dasan Geres Barat | J4: 26/09/1996 | K4: 1996 | L4: =2019-K4 -> 23 | M4: Islam | N4: sasak | O4: SLTA/Sederajat | Q4: Wiraswasta
C5: 16 | D5: Zuryati | E5: Anak | F5: 520101 4401800001 | G5: P | H5: Kawin | J5: 29224 | M5: Islam | O5: SLTP/MTSN | Q5: Pekerja lepas
C6: 17 | D6: Zaenap | E6: Anak | F6: 520101 4401830001 | G6: P | H6: Janda | J6: 30320 | M6: Islam | O6: SLTP/MTSN | Q6: Pekerja lepas
C7: 50 | D7: Nurul Anti | E7: Anak | F7: 520101 4107700250 | G7: P | H7: Belum kawin | I7: Dasan Geres | J7: 34171 | L7: =2019-K7 -> 2019 | M7: Islam | O7: SLTA/MA | Q7: - | R7: WNI | S7: Lingkungan Dasan Geres Barat No 12 RT 03 RW 01
C8: 58 | D8: Lalu Wirantana | E8: Anak | F8: 520101 1305920001 | G8: L | H8: Belum kawin | J8: 33737 | M8: Islam | O8: SLTA/MA | Q8: Pegawai swasta
C9: 4 | D9: Elisa Damasari | E9: Anak | F9: 520101 200403239 | G9: P | H9: Janda | J9: 33303 | M9: Islam | O9: SLTA/MA | Q9: -
C10: 205 | D10: Ayu Nurlianingsih | E10: Anak | F10: 520101 43 | G10: P | H10: Belum kawin | J10: 34488 | M10: Islam | N10: Sasak | O10: Belum Tamat SD/Sederajat | Q10: -
C11: 180 | D11: Muhammad Arfan | E11: Anak | G11: L | H11: Belum kawin | J11: 30498 | L11: =2019-K11 -> 2019 | M11: Islam | O11: SLTP/MTSN | Q11: Pekerja lepas | R11: WNI | S11: Lingkungan Dasan Geres Barat No 44 RT 03 RW 01
C12: 99 | D12: Suri Jawati | E12: Anak | F12: 520101 6803880001 | G12: P | H12: Kawin | J12: 32230 | M12: Islam | O12: SLTA/MA | Q12: Wiraswasta
C13: 174 | D13: Muhamad Rozi | E13: Anak | F13: 520101 0104900001 | G13: L | H13: Belum kawin | J13: 32964 | M13: Islam | O13: SLTA/MA | Q13: Pegawai swasta
C14: 216 | D14: Suhartini | E14: Anak | F14: 520101 4405970001 | G14: P | H14: Belum kawin | J14: 35554 | M14: Islam | O14: SLTP/MTSN | Q14: -
C15: 67 | D15: Lukmanudin | E15: Anak | F15: 520101 2104880001 | G15: L | H15: Belum kawin | J15: 30780 | L15: =2019-K15 -> 2019 | M15: Islam | O15: SLTA/MA | Q15: Wiraswasta
C16: 54 | D16: Alimuaddin | E16: Anak | F16: 520101 0808920001 | G16: L | H16: Belum kawin | J16: 33824 | L16: =2019-K16 -> 2019 | M16: Islam | O16: SLTA/MA | Q16: -
C17: 71 | D17: Mukinah | E17: Anak | F17: 520101 4402740001 | G17: P | H17: Belum kawin | J17: 27064 | M17: Islam | O17: SD/MI | Q17: -
C18: 73 | D18: Ramli | E18: Anak | F18: 520101 1004840001 | G18: L | H18: Belum kawin | J18: 30782 | M18: Islam | O18: SLTP/MTSN | Q18: PNS/TNI/ POLRI
C19: 137 | D19: Hamidah | E19: Anak | F19: 520101 5203340002 | G19: P | H19: Belum kawin | J19: 30906 | L19: =2019-K19 -> 2019 | M19: Islam | O19: SLTA/MA | Q19: PNS/TNI/ POLRI
C20: 138 | D20: Faozan | E20: Anak | F20: 520101 1003880002 | G20: L | H20: Belum kawin | J20: 31634 | L20: =2019-K20 -> 2019 | M20: Islam | O20: SLTA/MA | Q20: Pegawai swasta
C21: 17 | D21: Lana Mali’ah | E21: Anak | F21: 520101 6212970002 | G21: P | H21: Belum kawin | J21: 35786 | L21: =2019-K21 -> 2019 | M21: Islam | O21: SLTP/MTSN | Q21: -
C22: 149 | D22: Nurhayati | E22: Anak | F22: 520101 4304780001 | G22: L | H22: Belum kawin | J22: 28583 | L22: =2019-K22 -> 2019 | M22: Islam | O22: SD/MI | Q22: Pegawai swasta
C23: 150 | D23: Masyhun Safwan | E23: Anak | F23: 520101 1102870001 | G23: L | H23: Belum kawin | J23: 31819 | L23: =2019-K23 -> 2019 | M23: Islam | O23: PT/Akademi | Q23: Pekerja lepas
C24: 93 | D24: Yuliyarni | E24: Anak | F24: 520101 6707891001 | G24: P | H24: Belum kawin | J24: 32716 | L24: =2019-K24 -> 2019 | M24: Islam | O24: SLTA/MA | Q24: - | R24: WNI | S24: Lingkungan Dasan Geres Barat No 21 RT 03 RW 01

Sheet Sheet1
A1: 82 | C1: 303
A2: 48 | C2: 168
A3: 53 | C3: 201
A4: 58 | C4: 212
A5: 38 | C5: 139
A6: =SUM(A1:A5) -> 279 | C6: =SUM(C1:C5) -> 1023

Sheet MENINGGAL
C1: 110 | D1: Nikmah | E1: Istri | F1: 0 | G1: P | H1: Kawin | J1: 16619 | M1: Islam | O1: - | Q1: Petani

Sheet Rekap form
B2: REKAP DATA PENDUDUK
B3: LINGKUNGAN : ………………………………………….
B4: RT | C4: Jumlah Penduduk | E4: Total | F4: Jumlah KK | H4: Total | I4: Jumlah Duda / Janda | K4: Total | L4: Jumlah Lansia ( =>60 ) | N4: Total
C5: L | D5: P | F5: L | G5: P | I5: L | J5: P | L5: L | M5: P
B11: JUMLAH TOTAL
C15: Mengetahui
C16: Lurah Dasan Geres | K16: Kepala Lingkungan
C20: Hulaifi, S.H. | K20: ( )
C21: NIP. 19841231 201101 1 023

Sheet form tabel
B1: DATA INDUK PENDUDUK KELURAHAN DASAN GERES
B2: TAHUN 2021
B3: LINGKUNGAN :
B4: RT :
B5: No | C5: NO. KK | D5: Jumlah Jiwa | E5: Nama Lengkap/ Panggilan | F5: Kedudukan dalam Keluarga | G5: NIK | H5: Jenis Kelamin (L/P) | I5: Status Perkawinan | J5: Lahir | M5: Usia | N5: Agama | O5: Etnis | P5: Pendidikan Terakhir | Q5: Jurusan | R5: Pekerjaan
J6: Tempat | K6: Tanggal | L6: Tahun
B8: 1
B12: 2
B17: 3
B22: 4
B28: 5
B32: 6
B36: 7
B38: 8
B43: 9
D45: Mengetahui
D46: Lurah Dasan Geres | P46: Kepala Lingkungan
D48: Hulaifi, S.H. | P48: ( )
D49: NIP. 19841231 201101 1 023

Sheet Sheet2
