Workbook
Name _GoBack: 'RT 2'!$E$31

Sheet Rekap
B2: REKAP DATA PENDUDUK
B3: LINGKUNGAN DASAN GERES TENGAH
B4: RT | C4: Jumlah Penduduk | E4: Total | F4: Jumlah KK | H4: Total | I4: Jumlah Duda / Janda | K4: Total | L4: Jumlah Lansia ( =>60 ) | N4: Total
C5: L | D5: P | F5: L | G5: P | I5: L | J5: P | L5: L | M5: P
B6: RT 1 | C6: =COUNTIF('RT 1'!$H$8:$H$260,"L") -> 121 | D6: =COUNTIF('RT 1'!$H$8:$H$260,"P") -> 132 | E6: =SUM(C6:D6) -> 253 | F6: =COUNTIFS('RT 1'!$F$8:$F$260,"KK",'RT 1'!$H$8:$H$260,"L") -> 63 | G6: =COUNTIFS('RT 1'!$F$8:$F$260,"KK",'RT 1'!$H$8:$H$260,"P") -> 11 | H6: =SUM(F6:G6) -> 74 | I6: =COUNTIFS('RT 1'!$I$8:$I$260,"Cerai Mati",'RT 1'!$H$8:$H$260,"L")+COUNTIFS('RT 1'!$I$8:$I$260,"Cerai Hidup",'RT 1'!$H$8:$H$260,"L")+COUNTIFS('RT 1'!$I$8:$I$260,"Duda",'RT 1'!$H$8:$H$260,"L") -> 4 | J6: =COUNTIFS('RT 1'!$I$8:$I$260,"Cerai Mati",'RT 1'!$H$8:$H$260,"P")+COUNTIFS('RT 1'!$I$8:$I$260,"Cerai Hidup",'RT 1'!$H$8:$H$260,"P")+COUNTIFS('RT 1'!$I$8:$I$260,"Janda",'RT 1'!$H$8:$H$260,"P") -> 11 | K6: =SUM(I6:J6) -> 15 | L6: 11 | M6: 13 | N6: =SUM(L6:M6) -> 24
B7: RT 2 | C7: =COUNTIF('RT 2'!$H$8:$H$240,"L") -> 115 | D7: =COUNTIF('RT 2'!$H$8:$H$240,"P") -> 118 | E7: =SUM(C7:D7) -> 233 | F7: =COUNTIFS('RT 2'!$F$8:$F$240,"KK",'RT 2'!$H$8:$H$240,"L") -> 58 | G7: =COUNTIFS('RT 2'!$F$8:$F$240,"KK",'RT 2'!$H$8:$H$240,"P") -> 13 | H7: =SUM(F7:G7) -> 71 | I7: =COUNTIFS('RT 2'!$I$8:$I$240,"Cerai Mati",'RT 2'!$H$8:$H$240,"L")+COUNTIFS('RT 2'!$I$8:$I$240,"Cerai Hidup",'RT 2'!$H$8:$H$240,"L")+COUNTIFS('RT 2'!$I$8:$I$240,"Duda",'RT 2'!$H$8:$H$240,"L") -> 3 | J7: =COUNTIFS('RT 2'!$I$8:$I$240,"Cerai Mati",'RT 2'!$H$8:$H$240,"P")+COUNTIFS('RT 2'!$I$8:$I$240,"Cerai Hidup",'RT 2'!$H$8:$H$240,"P")+COUNTIFS('RT 2'!$I$8:$I$240,"Janda",'RT 2'!$H$8:$H$240,"P") -> 16 | K7: =SUM(I7:J7) -> 19 | L7: 11 | M7: 11 | N7: =SUM(L7:M7) -> 22
B8: RT 3 | C8: =COUNTIF('RT 3'!$H$8:$H$174,"L") -> 87 | D8: =COUNTIF('RT 3'!$H$8:$H$174,"P") -> 80 | E8: =SUM(C8:D8) -> 167 | F8: =COUNTIFS('RT 3'!$F$8:$F$174,"KK",'RT 3'!$H$8:$H$174,"L") -> 42 | G8: =COUNTIFS('RT 3'!$F$8:$F$174,"KK",'RT 3'!$H$8:$H$174,"P") -> 2 | H8: =SUM(F8:G8) -> 44 | I8: =COUNTIFS('RT 3'!$I$8:$I$174,"Cerai Mati",'RT 3'!$H$8:$H$174,"L")+COUNTIFS('RT 3'!$I$8:$I$174,"Cerai Hidup",'RT 3'!$H$8:$H$174,"L")+COUNTIFS('RT 3'!$I$8:$I$174,"Duda",'RT 3'!$H$8:$H$174,"L") -> 1 | J8: =COUNTIFS('RT 3'!$I$8:$I$174,"Cerai Mati",'RT 3'!$H$8:$H$174,"P")+COUNTIFS('RT 3'!$I$8:$I$174,"Cerai Hidup",'RT 3'!$H$8:$H$174,"P")+COUNTIFS('RT 3'!$I$8:$I$174,"Janda",'RT 3'!$H$8:$H$174,"P") -> 5 | K8: =SUM(I8:J8) -> 6 | L8: 10 | M8: 10 | N8: =SUM(L8:M8) -> 20
B9: RT 4 | C9: =COUNTIF('RT 4'!$H$8:$H$237,"L") -> 126 | D9: =COUNTIF('RT 4'!$H$8:$H$237,"P") -> 104 | E9: =SUM(C9:D9) -> 230 | F9: =COUNTIFS('RT 4'!$F$8:$F$237,"KK",'RT 4'!$H$8:$H$237,"L") -> 55 | G9: =COUNTIFS('RT 4'!$F$8:$F$237,"KK",'RT 4'!$H$8:$H$237,"P") -> 7 | H9: =SUM(F9:G9) -> 62 | I9: =COUNTIFS('RT 4'!$I$8:$I$237,"Cerai Mati",'RT 4'!$H$8:$H$237,"L")+COUNTIFS('RT 4'!$I$8:$I$237,"Cerai Hidup",'RT 4'!$H$8:$H$237,"L")+COUNTIFS('RT 4'!$I$8:$I$237,"Duda",'RT 4'!$H$8:$H$237,"L") -> 5 | J9: =COUNTIFS('RT 4'!$I$8:$I$237,"Cerai Mati",'RT 4'!$H$8:$H$237,"P")+COUNTIFS('RT 4'!$I$8:$I$237,"Cerai Hidup",'RT 4'!$H$8:$H$237,"P")+COUNTIFS('RT 4'!$I$8:$I$237,"Janda",'RT 4'!$H$8:$H$237,"P") -> 10 | K9: =SUM(I9:J9) -> 15 | L9: 8 | M9: 10 | N9: =SUM(L9:M9) -> 18
B10: JUMLAH TOTAL | C10: =SUM(C6:C9) -> 449 | D10: =SUM(D6:D9) -> 434 | E10: =SUM(E6:E9) -> 883 | F10: =SUM(F6:F9) -> 218 | G10: =SUM(G6:G9) -> 33 | H10: =SUM(H6:H9) -> 251 | I10: =SUM(I6:I9) -> 13 | J10: =SUM(J6:J9) -> 42 | ... N10: =SUM(N6:N9) -> 84
C14: Mengetahui
C15: Lurah Dasan Geres | K15: Kepala Lingkungan
C19: Hulaifi, S.H. | K19: M. Fahrizal
C20: NIP. 19841231 201101 1 023

Sheet RT 1
B1: DATA INDUK PENDUDUK KELURAHAN DASAN GERES
B2: TAHUN 2019
B3: LINGKUNGAN DASAN GERES TENGAH
B4: RT 01
B5: No | C5: Nomor KK | D5: Jumlah Jiwa | E5: Nama | F5: Status Dalam Keluarga | G5: NIK | H5: Jenis Kelamin | I5: Status Perkawinan | J5: Lahir | M5: Usia | N5: Agama | O5: Etnis | P5: Pendidikan | Q5: Jurusan | R5: Pekerjaan
J6: Tempat | K6: Tanggal | L6: Tahun
B8: 1 | D8: 1 | E8: Baiq Sarwati | F8: KK | G8: 520101 7112550000 | H8: P | I8: Janda | K8: 20454 | L8: 1955 | M8: =2019-L8 -> 64 | N8: Islam | P8: Tamat SD/Sederajat | R8: Lainnya
D9: 2 | E9: Baiq Trasning Ayumas Quraini | F9: Anak | G9: 520101 1661194003 | H9: P | I9: Kawin | K9: 34664 | L9: 1994 | M9: =2019-L9 -> 25 | N9: Islam | P9: PT/Akademi | R9: -
D10: 3 | E10: Alicia Ayu Khumaira | F10: Lain-lain | H10: P | I10: Belum kawin | K10: 41910 | L10: 2014 | M10: =2019-L10 -> 5 | N10: Islam | P10: - | R10: -
B11: 2 | C11: 520101 2705111425 | D11: 4 | E11: Lalu Edi Astawan | F11: KK | G11: 520101 0101840004 | H11: L | I11: Kawin | J11: Emere | K11: 30682 | L11: 1984 | M11: =2019-L11 -> 35 | N11: Islam | O11: Sasak | P11: SLTA/Sederajat | R11: Pegawai Negeri Sipil (PNS)
D12: 5 | E12: Herawati | F12: Istri | G12: 520101 7112860006 | H12: P | I12: Kawin | J12: Dasan Nyate | K12: 31777 | L12: 1986 | M12: =2019-L12 -> 33 | N12: Islam | O12: Sasak | P12: SLTA/Sederajat | R12: Mengurus Rumah Tangga
D13: 6 | E13: Baiq Siti Dira Kartika | F13: Anak | G13: 520101 5512080003 | H13: P | I13: Belum kawin | J13: Dasan Geres | K13: 39807 | L13: 2008 | M13: =2019-L13 -> 11 | N13: Islam | O13: Sasak | P13: Belum Tamat SD/Sederajat | R13: Pelajar/Mahasiswa
D14: 7 | E14: Baiq Silmi Ayudia Inara | F14: Anak | G14: 520101 4312150001 | H14: P | I14: Belum kawin | J14: Dasan Geres | K14: 42341 | L14: 2015 | M14: =2019-L14 -> 4 | N14: Islam | O14: Sasak | P14: Tidak/Belum Sekolah | R14: Belum/Tidak Bekerja
B15: 3 | C15: 520101 0503085270 | D15: 8 | E15: Lalu Muhamad Darmupik | F15: KK | G15: 520101 0107680068 | H15: L | I15: Kawin | J15: Kediri | K15: 25343 | L15: 1969 | M15: =2019-L15 -> 50 | N15: Islam | O15: Sasak | P15: SLTA/Sederajat | R15: Wiraswasta
D16: 9 | E16: Baiq Seniasih | F16: Istri | G16: 520101 4107740181 | H16: P | I16: Kawin | J16: Dasan Geres | K16: 25203 | L16: 1968 | M16: =2019-L16 -> 51 | N16: Islam | O16: Sasak | P16: SLTA/Sederajat | R16: Mengurus Rumah Tangga
D17: 10 | E17: Baiq Liza Anggraini | F17: Anak | G17: 520101 4107890437 | H17: P | I17: Belum kawin | J17: Mataram | K17: 32603 | L17: 1989 | M17: =2019-L17 -> 30 | N17: Islam | O17: Sasak | P17: SLTA/Sederajat | R17: Pelajar/Mahasiswa
D18: 11 | E18: Baiq Winda Andriani | F18: Anak | G18: 520101 4107910086 | H18: P | I18: Belum kawin | J18: Labuapi | K18: 33831 | L18: 1992 | M18: =2019-L18 -> 27 | N18: Islam | O18: Sasak | P18: SLTA/Sederajat | R18: Pelajar/Mahasiswa
D19: 12 | E19: Baiq Windi Handayani | F19: Anak | G19: 520101 4107940169 | H19: P | I19: Belum kawin | J19: Labuapi | K19: 35093 | L19: 1996 | M19: =2019-L19 -> 23 | N19: Islam | O19: Sasak | P19: SLTP/Sederajat | R19: Pelajar/Mahasiswa
D20: 13 | E20: Baiq Silvia Septiana | F20: Anak | G20: 520101 4107030202 | H20: P | I20: Belum kawin | J20: Dasan Geres | K20: 38248 | L20: 2004 | M20: =2019-L20 -> 15 | N20: Islam | O20: Sasak | P20: Belum Tamat SD/Sederajat | R20: Pelajar/Mahasiswa
D21: 14 | E21: Baiq Efril Maulidiya Putri | F21: Anak | G21: 520101 4107060195 | H21: P | I21: Belum kawin | J21: Dasan Geres | K21: 38824 | L21: 2006 | M21: =2019-L21 -> 13 | N21: Islam | O21: Sasak | P21: Belum Tamat SD/Sederajat | R21: Pelajar/Mahasiswa
B22: 4 | C22: 520101 3001150023 | D22: 15 | E22: Muksin | F22: KK | G22: 520101 0107720217 | H22: L | I22: Kawin | J22: Dasan Geres Tengah | K22: 28855 | L22: 1978 | M22: =2019-L22 -> 41 | N22: Islam | O22: Sasak | P22: Tamat SD/Sederajat | R22: Wiraswasta
D23: 16 | E23: Saniah | F23: Istri | G23: 520101 4404910006 | H23: P | I23: Kawin | J23: Sumbawa | K23: 33332 | L23: 1991 | M23: =2019-L23 -> 28 | N23: Islam | O23: Sasak | P23: SLTP/Sederajat | R23: Karyawan Swasta
D24: 17 | E24: Muhamad Alwan Taufiqurahman | F24: Anak | G24: 520101 0208080006 | H24: L | I24: Belum kawin | J24: Dasan Geres Tengah | K24: 39662 | L24: 2008 | M24: =2019-L24 -> 11 | N24: Islam | O24: Sasak | P24: Tidak/Belum Sekolah | R24: Belum/Tidak Bekerja
D25: 18 | E25: Muhammad Irwan Safwandi | F25: Anak | G25: 520101 0311150002 | H25: L | I25: Belum kawin | J25: Dasan Geres Tengah | K25: 42311 | L25: 2015 | M25: =2019-L25 -> 4 | N25: Islam | O25: Sasak | P25: Tidak/Belum Sekolah | R25: Belum/Tidak Bekerja
B26: 5 | C26: 520101 0503083751 | D26: 19 | E26: Alif | F26: KK | G26: 520101 0107570396 | H26: L | I26: Kawin | J26: Dasan Geres Tengah | K26: 21002 | L26: 1957 | M26: =2019-L26 -> 62 | N26: Islam | O26: Sasak | P26: Tidak/Belum Sekolah | R26: Buruh Harian Lepas
D27: 20 | E27: Rabiah | F27: Istri | G27: 520101 4107600091 | H27: P | I27: Kawin | J27: Dasan Geres Tengah | K27: 22098 | L27: 1960 | M27: =2019-L27 -> 59 | N27: Islam | O27: Sasak | P27: Tidak/Belum Sekolah | R27: Mengurus Rumah Tangga
B28: 6 | C28: 520101 1009120033 | D28: 21 | E28: Zaenal Abidin | F28: KK | G28: 520101 2707800005 | H28: L | I28: Kawin | J28: Dasan Geres | K28: 31985 | L28: 1987 | M28: =2019-L28 -> 32 | N28: Islam | O28: Sasak | P28: Tamat SD/Sederajat | R28: Wiraswasta
D29: 22 | E29: Sriatin Andriani | F29: Istri | G29: 520101 5005870007 | H29: P | I29: Kawin | J29: Dasan Geres | K29: 31907 | L29: 1987 | M29: =2019-L29 -> 32 | N29: Islam | O29: Sasak | P29: SLTA/Sederajat | R29: Wiraswasta
D30: 23 | E30: Argian Neza Adrian | F30: Anak | G30: 520101 2306090002 | H30: L | I30: Belum kawin | J30: Dasan Geres | K30: 39987 | L30: 2009 | M30: =2019-L30 -> 10 | N30: Islam | O30: Sasak | P30: Tidak/Belum Sekolah | R30: Belum/Tidak Bekerja
D31: 24 | E31: Indria Nielza Izzatin | F31: Anak | G31: 520101 4108180001 | H31: P | I31: Belum kawin | J31: Dasan Geres | K31: 43313 | L31: 2018 | M31: =2019-L31 -> 1 | N31: Islam | O31: Sasak | P31: Tidak/Belum Sekolah | R31: Belum/Tidak Bekerja
B32: 7 | C32: 520101 1411170024 | D32: 25 | E32: Saipudin | F32: KK | G32: 520113 0509700003 | H32: L | I32: Kawin | J32: Praya | K32: 25816 | L32: 1970 | M32: =2019-L32 -> 49 | N32: Islam | O32: Sasak | P32: SLTA/Sederajat | R32: Sopir
D33: 26 | E33: Masitah | F33: Istri | G33: 520113 7112750320 | H33: P | I33: Kawin | J33: Dasan Geres | K33: 27759 | L33: 1975 | M33: =2019-L33 -> 44 | N33: Islam | O33: Sasak | P33: SLTP/Sederajat | R33: Mengurus Rumah Tangga
D34: 27 | E34: Mohammad Ridho Suriyatama | F34: Anak | G34: 520113 2008050002 | H34: L | I34: Belum kawin | J34: Jembatan Kembar | K34: 38593 | L34: 2005 | M34: =2019-L34 -> 14 | N34: Islam | O34: Sasak | P34: Tamat SD/Sederajat | R34: Pelajar/Mahasiswa
D35: 28 | E35: Moh. Arif Sittaful Sohih | F35: Anak | G35: 520113 0109080001 | H35: L | I35: Belum kawin | J35: Jembatan Kembar | K35: 39692 | L35: 2008 | M35: =2019-L35 -> 11 | N35: Islam | O35: Sasak | P35: Belum Tamat SD/Sederajat | R35: Pelajar/Mahasiswa
D36: 29 | E36: Lingga Al Fatih | F36: Anak | G36: 520113 0906150001 | H36: L | I36: Belum kawin | J36: Dasan Geres | K36: 42164 | L36: 2015 | M36: =2019-L36 -> 4 | N36: Islam | O36: Sasak | P36: Tidak/Belum Sekolah | R36: Belum/Tidak Bekerja
B37: 8 | C37: 520101 0503082553 | D37: 30 | E37: Suandi | F37: KK | G37: 520101 0107840250 | H37: L | I37: Kawin | J37: Dasan Geres | K37: 30864 | L37: 1984 | M37: =2019-L37 -> 35 | N37: Islam | O37: Sasak | P37: Tamat SD/Sederajat | R37: Karyawan Swasta
D38: 31 | E38: Suryani | F38: Istri | G38: 520101 4107890018 | H38: P | I38: Kawin | J38: Gerung | K38: 32690 | L38: 1989 | M38: =2019-L38 -> 30 | N38: Islam | O38: Sasak | P38: SLTP/Sederajat | R38: Mengurus Rumah Tangga
D39: 32 | E39: Ervina Andriani | F39: Anak | G39: 520101 5805080001 | H39: P | I39: Belum kawin | J39: Dasan Geres | K39: 39586 | L39: 2008 | M39: =2019-L39 -> 11 | N39: Islam | O39: Sasak | P39: Tidak/Belum Sekolah | R39: Belum/Tidak Bekerja
D40: 33 | E40: M. Yandi Bilal Saputra | F40: Anak | G40: 520101 1410110003 | H40: L | I40: Belum kawin | J40: Gerung | K40: 40830 | L40: 2011 | M40: =2019-L40 -> 8 | N40: Islam | O40: Sasak | P40: Tidak/Belum Sekolah | R40: Belum/Tidak Bekerja
B41: 9 | C41: 520101 0503082409 | D41: 34 | E41: Syafi'in | F41: KK | G41: 520101 0107760273 | H41: L | I41: Kawin | J41: Dasan Geres | K41: 27942 | L41: 1976 | M41: =2019-L41 -> 43 | N41: Islam | O41: Sasak | P41: Tamat SD/Sederajat | R41: Buruh Harian Lepas
D42: 35 | E42: Sifakyah | F42: Istri | G42: 520101 4851750002 | H42: P | I42: Kawin | J42: Menang | K42: 27402 | L42: 1975 | M42: =2019-L42 -> 44 | N42: Islam | O42: Sasak | P42: SLTP/Sederajat | R42: Mengurus Rumah Tangga
D43: 36 | E43: Siskawati | F43: Anak | G43: 520101 4302980001 | H43: P | I43: Belum Kawin | J43: Dasan Geres Tengah | K43: 35829 | L43: 1998 | M43: =2019-L43 -> 21 | N43: Islam | O43: Sasak | P43: SLTA/Sederajat | R43: Karyawan Swasta
D44: 37 | E44: M. Haykal Saputra | F44: Anak | G44: 520101 2007120005 | H44: L | I44: Belum Kawin | J44: Dasan Geres | K44: 41110 | L44: 2012 | M44: =2019-L44 -> 7 | N44: Islam | O44: Sasak | P44: Tidak/Belum Sekolah | R44: Belum/Tidak Bekerja
B45: 10 | D45: 38 | E45: Sudirman | F45: KK | H45: L | I45: Kawin | K45: 27626 | L45: 1975 | M45: =2019-L45 -> 44 | N45: Islam | P45: Tamat SD/Sederajat | R45: Lainnya
D46: 39 | E46: Rica Purwaningsih | F46: Istri | H46: P | I46: Kawin | K46: 32149 | L46: 1988 | M46: =2019-L46 -> 31 | N46: Islam | P46: SLTA/Sederajat | R46: Lainnya
B47: 11 | C47: 520101 1011090025 | D47: 40 | E47: Mawardi | F47: KK | G47: 520101 3112750060 | H47: L | I47: Kawin | J47: Dasan Geres Tengah | K47: 27759 | L47: 1975 | M47: =2019-L47 -> 44 | N47: Islam | O47: Sasak | P47: Tamat SD/Sederajat | R47: Wiraswasta
D48: 41 | E48: Kirni | F48: Istri | G48: 520101 4808780001 | H48: P | I48: Kawin | J48: Lombok Utara | K48: 27614 | L48: 1975 | M48: =2019-L48 -> 44 | N48: Islam | O48: Sasak | P48: Tamat SD/Sederajat | R48: Wiraswasta
D49: 42 | E49: Akhmad Syakurudin | F49: Anak | G49: 520101 2105960001 | H49: L | I49: Belum kawin | J49: Dasan Geres Tengah | K49: 35206 | L49: 1996 | M49: =2019-L49 -> 23 | N49: Islam | O49: Sasak | P49: SLTA/Sederajat | R49: Pelajar/Mahasiswa
D50: 43 | E50: Ana Sasmita | F50: Anak | G50: 520101 6305990001 | H50: P | I50: Belum kawin | J50: Dasan Geres Tengah | K50: 36303 | L50: 1999 | M50: =2019-L50 -> 20 | N50: Islam | O50: Sasak | P50: Tamat SD/Sederajat | R50: Pelajar/Mahasiswa
D51: 44 | E51: Ahmad Davit Alhairi | F51: Anak | G51: 520101 2510170001 | H51: L | I51: Belum kawin | J51: Dasan Geres | K51: 43034 | L51: 2017 | M51: =2019-L51 -> 2 | N51: Islam | O51: Sasak | P51: Tidak/Belum Sekolah | R51: Belum/Tidak Bekerja
B52: 12 | D52: 45 | E52: Johandi | F52: KK | G52: 520113 3112820144 | H52: L | I52: Kawin | K52: 30316 | L52: 1982 | M52: =2019-L52 -> 37 | N52: Islam | P52: Tamat SD/Sederajat | R52: Wiraswasta
D53: 46 | E53: Nuraeni | F53: Istri | G53: 520113 5211780001 | H53: P | I53: Kawin | K53: 28835 | L53: 1978 | M53: =2019-L53 -> 41 | N53: Islam | P53: Tamat SD/Sederajat | R53: Lainnya
D54: 47 | E54: NamilaNurmayani | F54: Anak | G54: 520113 5501870003 | H54: P | I54: Belum kawin | K54: 39097 | L54: 2007 | M54: =2019-L54 -> 12 | N54: Islam | P54: - | R54: -
B55: 13 | C55: 520101 1803150007 | D55: 48 | E55: Dedy Suhardi | F55: KK | G55: 520101 0107820109 | H55: L | I55: Kawin | J55: Dasan Geres | K55: 30147 | L55: 1982 | M55: =2019-L55 -> 37 | N55: Islam | O55: Sasak | P55: SLTP/Sederajat | R55: Wiraswasta
D56: 49 | E56: Rauhun | F56: Istri | G56: 520101 4107890428 | H56: P | I56: Kawin | J56: Dasan Geres Tengah | K56: 32157 | L56: 1986 | M56: =2019-L56 -> 33 | N56: Islam | O56: Sasak | P56: SLTP/Sederajat | R56: Mengurus Rumah Tangga
D57: 50 | E57: Kayla Ayu Salsabila | F57: Anak | G57: 5201015910160001 | H57: P | I57: Belum kawin | J57: Dasan Geres | K57: 42662 | L57: 2016 | M57: =2019-L57 -> 3 | N57: Islam | O57: Sasak | P57: Tidak/Belum Sekolah | R57: Belum/Tidak Bekerja
B58: 14 | C58: 520101 0401100023 | D58: 51 | E58: Yudi Sidik | F58: KK | G58: 520101 2802710002 | H58: L | I58: Kawin | J58: Dasan Geres Tengah | K58: 25992 | L58: 1971 | M58: =2019-L58 -> 48 | N58: Islam | O58: Sasak | P58: SLTP/Sederajat | R58: Wiraswasta
D59: 52 | E59: Hidayat | F59: Istri | G59: 520101 5411780001 | H59: P | I59: Kawin | J59: Menang | K59: 28808 | L59: 1978 | M59: =2019-L59 -> 41 | N59: Islam | O59: Sasak | P59: SLTP/Sederajat | R59: Buruh Harian Lepas
D60: 53 | E60: Dena Astuti | F60: Anak | G60: 520101 5109990002 | H60: P | I60: Belum kawin | J60: Dasan Geres Tengah | K60: 36383 | L60: 1999 | M60: =2019-L60 -> 20 | N60: Islam | O60: Sasak | P60: SLTP/Sederajat | R60: Pelajar/Mahasiswa
B61: 15 | C61: 520101 0503082923 | D61: 54 | E61: Mahli | F61: KK | G61: 520101 1212720004 | H61: L | I61: Kawin | J61: Dasan Geres Tengah | K61: 26664 | L61: 1972 | M61: =2019-L61 -> 47 | N61: Islam | O61: Sasak | P61: Tidak/Belum Sekolah | R61: Petani/Pekebun
D62: 55 | E62: Hajjah Siti Awinah | F62: Istri | G62: 520101 7112700056 | H62: P | I62: Kawin | J62: Kuripan | K62: 25933 | L62: 1970 | M62: =2019-L62 -> 49 | N62: Islam | O62: Sasak | P62: Tidak/Belum Sekolah | R62: Mengurus Rumah Tangga
D63: 56 | E63: Ilman Juniardi | F63: Anak | G63: 520101 0306070003 | H63: L | I63: Belum kawin | J63: Dasan Geres Tengah | K63: 39236 | L63: 2007 | M63: =2019-L63 -> 12 | N63: Islam | O63: Sasak | P63: Belum Tamat SD/Sederajat | R63: Pelajar/Mahasiswa
B64: 16 | C64: 520101 1011090026 | D64: 57 | E64: Sahdan | F64: KK | G64: 520101 3112750068 | H64: L | I64: Kawin | J64: Dasan Geres | K64: 27759 | L64: 1975 | M64: =2019-L64 -> 44 | N64: Islam | O64: Sasak | P64: Tamat SD/Sederajat | R64: Buruh Harian Lepas
D65: 58 | E65: Hikmah | F65: Istri | G65: 520101 7112800010 | H65: P | I65: Kawin | J65: Dasan Geres | K65: 29586 | L65: 1980 | M65: =2019-L65 -> 39 | N65: Islam | O65: Sasak | P65: Tamat SD/Sederajat | R65: Pedagang
D66: 59 | E66: Kholik Mukarrabin | F66: Anak | G66: 520101 1002020001 | H66: L | I66: Belum kawin | J66: Dasan Geres | K66: 37297 | L66: 2002 | M66: =2019-L66 -> 17 | N66: Islam | O66: Sasak | P66: Belum Tamat SD/Sederajat | R66: Pelajar/Mahasiswa
D67: 60 | E67: Sofiyatun soleha | F67: Anak | G67: 520101 5002090001 | H67: P | I67: Belum kawin | J67: Dasan Geres | K67: 39854 | L67: 2009 | M67: =2019-L67 -> 10 | N67: Islam | O67: Sasak | P67: Tidak/Belum Sekolah | R67: Belum/Tidak Bekerja
B68: 17 | C68: 520101 0503085285 | D68: 61 | E68: Hamdi Fasahi | F68: KK | G68: 520101 0107720829 | H68: L | I68: Kawin | J68: Dasan Geres | K68: 26481 | L68: 1972 | M68: =2019-L68 -> 47 | N68: Islam | O68: Sasak | P68: SLTA/Sederajat | R68: Wiraswasta
D69: 62 | E69: Amidah | F69: Istri | G69: 520101 4107740324 | H69: P | I69: Kawin | J69: Dasan Geres | K69: 27211 | L69: 1974 | M69: =2019-L69 -> 45 | N69: Islam | O69: Sasak | P69: Tamat SD/Sederajat | R69: Mengurus Rumah Tangga
D70: 63 | E70: Muhammad Zulhadi Fashi | F70: Anak | G70: 520101 2507990001 | H70: L | I70: Belum kawin | J70: Dasan Geres | K70: 36366 | L70: 1999 | M70: =2019-L70 -> 20 | N70: Islam | O70: Sasak | P70: SLTP/Sederajat | R70: Pelajar/Mahasiswa
D71: 64 | E71: Salwa Zafira | F71: Anak | G71: 520101 4107050136 | H71: P | I71: Belum kawin | J71: Dasan Geres | K71: 38956 | L71: 2006 | M71: =2019-L71 -> 13 | N71: Islam | O71: Sasak | P71: Belum Tamat SD/Sederajat | R71: Pelajar/Mahasiswa
B72: 18 | C72: 5201010503086089 | D72: 65 | E72: Wajedi | F72: KK | G72: 520101 0107691003 | H72: L | I72: Kawin | J72: Dasan Geres Tengah | K72: 25385 | L72: 1969 | M72: =2019-L72 -> 50 | N72: Islam | O72: Sasak | P72: SLTP/Sederajat | R72: Wiraswasta
D73: 66 | E73: Muhaini | F73: Istri | G73: 520101 5801800001 | H73: P | I73: Kawin | J73: Dasan Geres | K73: 29238 | L73: 1980 | M73: =2019-L73 -> 39 | N73: Islam | O73: Sasak | P73: Tamat SD/Sederajat | R73: Mengurus Rumah Tangga
D74: 67 | E74: M Attaya Syahadatullah | F74: Anak | G74: 520101 2710080001 | H74: L | I74: Belum kawin | J74: Dasan Geres Tengah | K74: 39748 | L74: 2008 | M74: =2019-L74 -> 11 | N74: Islam | O74: Sasak | P74: Tidak/Belum Sekolah | R74: Belum/Tidak Bekerja
D75: 68 | E75: Adifa Ashalina Humaira | F75: Anak | G75: 520101 6709170002 | H75: P | I75: Belum kawin | J75: Dasan Geres | K75: 43005 | L75: 2017 | M75: =2019-L75 -> 2 | N75: Islam | O75: Sasak | P75: Tidak/Belum Sekolah | R75: Belum/Tidak Bekerja
B76: 19 | C76: 520101 0503085288 | D76: 69 | E76: Khadijah | F76: KK | G76: 520101 4107570579 | H76: P | I76: Cerai Mati | J76: Kuripan | K76: 21002 | L76: 1957 | M76: =2019-L76 -> 62 | N76: Islam | O76: Sasak | P76: Tidak/Belum Sekolah | R76: Petani/Pekebun
D77: 70 | E77: Murni | F77: Anak | G77: 520101 4107700822 | H77: P | I77: Belum kawin | J77: Dasan Geres | K77: 25750 | L77: 1970 | M77: =2019-L77 -> 49 | N77: Islam | O77: Sasak | P77: Tamat SD/Sederajat | R77: Petani/Pekebun
D78: 71 | E78: Marhamah | F78: Anak | G78: 520101 2608870001 | H78: P | I78: Cerai Hidup | J78: Dasan Geres Tengah | K78: 31954 | L78: 1987 | M78: =2019-L78 -> 32 | N78: Islam | O78: Sasak | P78: SLTP/Sederajat | R78: Wiraswasta
B79: 20 | D79: 72 | E79: Hajjah Namirah | F79: KK | G79: 520101 7112350001 | H79: P | I79: Janda | K79: 13515 | L79: 1936 | M79: =2019-L79 -> 83 | N79: Islam | O79: Sasak | P79: - | R79: Petani
B80: 21 | C80: 5201011009120076 | D80: 73 | E80: Sahril Ali | F80: KK | G80: 5201013112760179 | H80: L | I80: Kawin | J80: Dasan Geres Tengah | K80: 43830 | L80: 1976 | M80: =2019-L80 -> 43 | N80: Islam | O80: Sasak | P80: SLTA/Sederajat | R80: Karyawan Swasta
D81: 74 | E81: Raini, S.AP | F81: Istri | G81: 5201017112860047 | H81: P | I81: Kawin | J81: Aik Ampat | K81: 43830 | L81: 1986 | M81: =2019-L81 -> 33 | N81: Islam | O81: Sasak | P81: Diploma IV/ Strata I | R81: Kayawan Honorer
D82: 75 | E82: Muhamad Hazmi Fahri | F82: Anak | G82: 5201012007090005 | H82: L | I82: Belum kawin | J82: Gerung | K82: 43666 | L82: 2008 | M82: =2019-L82 -> 11 | N82: Islam | O82: Sasak | P82: Tamat SD/Sederajat | R82: Pelajar/Mahasiswa
D83: 76 | E83: Daffa Hafriyansyah | F83: Anak | G83: 5201011403150006 | H83: L | I83: Belum kawin | J83: Dasan Geres | K83: 43531 | L83: 2015 | M83: =2019-L83 -> 4 | N83: Islam | O83: Sasak | P83: Tidak/Belum Sekolah | R83: Belum/Tidak Bekerja
B84: 22 | D84: 77 | E84: Suhaedi | F84: KK | G84: 520101 3112740068 | H84: L | I84: Kawin | K84: 27394 | L84: 1974 | M84: =2019-L84 -> 45 | N84: Islam | P84: SLTA/Sederajat | R84: Pekerja lepas
D85: 78 | E85: Hidayani | F85: Istri | G85: 520101 7112740066 | H85: P | I85: Kawin | K85: 27394 | L85: 1974 | M85: =2019-L85 -> 45 | N85: Islam | P85: SLTP/Sederajat | R85: Lainnya
D86: 79 | E86: Widia Ningsih | F86: Anak | G86: 520101 6704010001 | H86: P | I86: Belum kawin | K86: 37008 | L86: 2001 | M86: =2019-L86 -> 18 | N86: Islam | P86: Tamat SD/Sederajat | R86: -
D87: 80 | E87: Abi Madani | F87: Anak | G87: 520101 2606060002 | H87: L | I87: Belum kawin | K87: 38894 | L87: 2006 | M87: =2019-L87 -> 13 | N87: Islam | P87: - | R87: -
B88: 23 | C88: 520101 0503082954 | D88: 81 | E88: Saidun | F88: KK | G88: 520101 0107720222 | H88: L | I88: Kawin | J88: Dasan Geres Tengah | K88: 26481 | L88: 1972 | M88: =2019-L88 -> 47 | N88: Islam | O88: Sasak | P88: SLTA/Sederajat | R88: Wiraswasta
D89: 82 | E89: Miskah | F89: Istri | G89: 520101 4107800712 | H89: P | I89: Kawin | J89: Getap | K89: 30133 | L89: 1982 | M89: =2019-L89 -> 37 | N89: Islam | O89: Sasak | P89: Tamat SD/Sederajat | R89: Wiraswasta
D90: 83 | E90: Elma Hara | F90: Anak | G90: 520101 5003020001 | H90: P | I90: Belum kawin | J90: Dasan Geres | K90: 37325 | L90: 2002 | M90: =2019-L90 -> 17 | N90: Islam | O90: Sasak | P90: Belum Tamat SD/Sederajat | R90: Pelajar/Mahasiswa
D91: 84 | E91: Eva Wahyuni | F91: Anak | G91: 520101 6010140001 | H91: P | I91: Belum kawin | J91: Dasan Geres | K91: 41932 | L91: 2014 | M91: =2019-L91 -> 5 | N91: Islam | O91: Sasak | P91: Tidak/Belum Sekolah | R91: Belum/Tidak Bekerja
B92: 24 | D92: 85 | E92: Maryam | F92: KK | H92: P | I92: Janda | K92: 16444 | L92: 1945 | M92: =2019-L92 -> 74 | N92: Islam | P92: - | R92: Lainnya
B93: 25 | D93: 86 | E93: Suhaili | F93: KK | G93: 520101 3112690010 | H93: L | I93: Kawin | K93: 25568 | L93: 1969 | M93: =2019-L93 -> 50 | N93: Islam | P93: SLTA/Sederajat | R93: Wiraswasta
D94: 87 | E94: Wasiah | F94: Istri | G94: 520101 7112720017 | H94: P | I94: Kawin | K94: 26664 | L94: 1972 | M94: =2019-L94 -> 47 | N94: Islam | P94: SLTA/Sederajat | R94: Lainnya
D95: 88 | E95: M Yusup Alwi | F95: Anak | G95: 520101 0103980001 | H95: L | I95: Belum kawin | K95: 35798 | L95: 1998 | M95: =2019-L95 -> 21 | N95: Islam | P95: SLTA/Sederajat | R95: -
D96: 89 | E96: Wasilatun Aulia | F96: Anak | G96: 520101 4312020001 | H96: P | I96: Belum kawin | K96: 37327 | L96: 2002 | M96: =2019-L96 -> 17 | N96: Islam | P96: SLTP/Sederajat | R96: -
D97: 90 | E97: Azhari Muhtar | F97: Anak | G97: 520101 0303070002 | H97: L | I97: Belum kawin | K97: 39144 | L97: 2007 | M97: =2019-L97 -> 12 | N97: Islam | P97: - | R97: -
D98: 91 | E98: Jamilah | F98: Lain-lain | H98: P | I98: Belum kawin | K98: 16437 | L98: 1944 | M98: =2019-L98 -> 75 | N98: Islam | P98: - | R98: -
B99: 26 | D99: 92 | E99: Hajjah Nurhasanah | F99: KK | H99: P | I99: Janda | K99: 14617 | L99: 1940 | M99: =2019-L99 -> 79 | N99: Islam | P99: - | R99: Petani
D100: 93 | E100: Haji Muzahar | F100: Anak | H100: L | I100: Duda | K100: 21922 | L100: 1960 | M100: =2019-L100 -> 59 | N100: Islam | P100: - | R100: -
B101: 27 | C101: 520101 0503082316 | D101: 94 | E101: Ahmad | F101: KK | G101: 520101 0107680234 | H101: L | I101: Kawin | J101: Dasan Geres | K101: 24837 | L101: 1967 | M101: =2019-L101 -> 52 | N101: Islam | O101: Sasak | P101: SLTP/Sederajat | R101: Buruh Harian Lepas
...

Sheet RT 2
B1: DATA INDUK PENDUDUK KELURAHAN DASAN GERES
B2: TAHUN 2019
B3: LINGKUNGAN DASAN GERES TENGAH
B4: RT 02
B5: No | C5: Nomor KK | D5: Jumlah Jiwa | E5: Nama | F5: Status Dalam Keluarga | G5: NIK | H5: Jenis Kelamin | I5: Status Perkawinan | J5: Lahir | M5: Usia | N5: Agama | O5: Etnis | P5: Pendidikan | Q5: Jurusan | R5: Pekerjaan
J6: tempat | K6: tanggal | L6: Tahun
B8: 1 | C8: 520101 1009120036 | D8: 1 | E8: Herman Jayadi | F8: KK | G8: 520101 1010800005 | H8: L | I8: Kawin | J8: Dasan Geres Tengah | K8: 29504 | L8: 1980 | M8: =2019-L8 -> 39 | N8: Islam | O8: Sasak | P8: Tamat SD/Sederajat | R8: Wiraswasta
D9: 2 | E9: Yopi Ariani | F9: Istri | G9: 520101 4101780005 | H9: P | I9: Kawin | J9: Kebumen | K9: 28491 | L9: 1978 | M9: =2019-L9 -> 41 | N9: Islam | O9: Sasak | P9: SLTP/Sederajat | R9: Mengurus Rumah Tangga
B10: 2 | D10: 3 | E10: Herwanto | F10: KK | G10: 520101 0708940003 | H10: L | I10: Kawin | K10: 34521 | L10: 1994 | M10: =2019-L10 -> 25 | N10: Islam | P10: SLTP/Sederajat | R10: Pekerja lepas
D11: 4 | E11: Nunung Januarti | F11: Istri | G11: 520101 6801940002 | H11: P | I11: Kawin | K11: 43493 | L11: 1994 | M11: =2019-L11 -> 25 | N11: Islam | P11: SLTP/Sederajat | R11: Lainnya
D12: 5 | E12: Oktavia Windari | F12: Anak | G12: 520101 6310120002 | H12: P | I12: Belum kawin | K12: 40978 | L12: 2012 | M12: =2019-L12 -> 7 | N12: Islam | P12: - | R12: -
B13: 3 | C13: 520101 0503082596 | D13: 6 | E13: Sanip | F13: KK | G13: 520101 0107570638 | H13: L | I13: Kawin | J13: Dasan Geres | K13: 21002 | L13: 1957 | M13: =2019-L13 -> 62 | N13: Islam | O13: Sasak | P13: Tamat SD/Sederajat | R13: Buruh harian Lepas
D14: 7 | E14: Misah | F14: Istri | G14: 520101 4107610171 | H14: P | I14: Kawin | J14: Jembatan Kembar | K14: 22463 | L14: 1961 | M14: =2019-L14 -> 58 | N14: Islam | O14: Sasak | P14: Tamat SD/Sederajat | R14: Buruh Tani/Perkebunan
B15: 4 | C15: 520101 1611110004 | D15: 8 | E15: Agus Rudiawan | F15: KK | G15: 520101 0708850005 | H15: L | I15: Kawin | J15: Dasan Geres Tengah | K15: 31266 | L15: 1985 | M15: =2019-L15 -> 34 | N15: Islam | O15: Sasak | P15: SLTP/Sederajat | R15: Wiraswasta
D16: 9 | E16: Eka Hurdiana | F16: Istri | G16: 520101 6301910001 | H16: P | I16: Kawin | N16: Islam
D17: 10 | E17: Anita Radiana | F17: Anak | G17: 520101 5810110001 | H17: P | I17: Belum kawin | J17: Dasan Geres Tengah | K17: 40834 | L17: 2011 | M17: =2019-L17 -> 8 | N17: Islam | O17: Sasak | P17: Tidak/Belum Sekolah | R17: Belum/Tidak Bekerja
B18: 5 | C18: 520101 0503082789 | D18: 11 | E18: Muhasan | F18: KK | G18: 520101 3112780046 | H18: L | I18: Kawin | J18: Dasan Geres | K18: 28206 | L18: 1977 | M18: =2019-L18 -> 42 | N18: Islam | O18: Sasak | P18: SLTA/Sederajat | R18: Wiraswasta
D19: 12 | E19: Mahuni | F19: Istri | G19: 520101 4107810148 | H19: P | I19: Kawin | J19: Dasan Lekong | K19: 29695 | L19: 1981 | M19: =2019-L19 -> 38 | N19: Islam | O19: Sasak | P19: Tamat SD/Sederajat | R19: Mengurus Rumah Tangga
B20: 6 | C20: 520101 0503082792 | D20: 13 | E20: Muhammat Tauhid | F20: KK | G20: 520101 0107690074 | H20: L | I20: Kawin | J20: Dasan Geres | K20: 31047 | L20: 1984 | M20: =2019-L20 -> 35 | N20: Islam | O20: Sasak | P20: Tamat SD/Sederajat | R20: Wiraswasta
D21: 14 | E21: Jama'ah | F21: Istri | G21: 520101 4107720471 | H21: P | I21: Kawin | J21: Tanjung | K21: 26481 | L21: 1972 | M21: =2019-L21 -> 47 | N21: Islam | O21: Sasak | P21: Tamat SD/Sederajat | R21: Mengurus Rumah Tangga
D22: 15 | E22: Isnawati | F22: Anak | G22: 520101 5611940001 | H22: P | I22: Belum kawin | J22: Dasan Geres | K22: 33797 | L22: 1992 | M22: =2019-L22 -> 27 | N22: Islam | O22: Sasak | P22: Diploma IV/ Strata I | R22: Pelajar/Mahasiswa
B23: 7 | C23: 520101 0907150008 | D23: 16 | E23: Hj. Nur'aini | F23: KK | G23: 520101 4107650354 | H23: P | I23: Cerai Mati | J23: Luwuk | K23: 27029 | L23: 1973 | M23: =2019-L23 -> 46 | N23: Islam | O23: Sasak | P23: SLTP/Sederajat | R23: Petani/Pekebun
D24: 17 | E24: Zuhurmah | F24: Anak | G24: 520101 4107930162 | H24: P | I24: Belum kawin | J24: Dasan Geres Tengah | K24: 34073 | L24: 1993 | M24: =2019-L24 -> 26 | N24: Islam | O24: Sasak | P24: SLTA/Sederajat | R24: Pelajar/Mahasiswa
D25: 18 | E25: Marpu'ah | F25: Anak | G25: 520101 6109951001 | H25: P | I25: Belum kawin | J25: Dasan Geres Tengah | K25: 34963 | L25: 1995 | M25: =2019-L25 -> 24 | N25: Islam | O25: Sasak | P25: SLTA/Sederajat | R25: Pelajar/Mahasiswa
D26: 19 | E26: Najamudin | F26: Anak | G26: 520101 0107990174 | H26: L | I26: Belum kawin | J26: Dasan Geres Tengah | K26: 36243 | L26: 1998 | M26: =2019-L26 -> 21 | N26: Islam | O26: Sasak | P26: SLTP/Sederajat | R26: Pelajar/Mahasiswa
D27: 20 | E27: Namilawati | F27: Anak | G27: 520101 4107030074 | H27: P | I27: Belum kawin | J27: Dasan Geres Tengah | K27: 37850 | L27: 2003 | M27: =2019-L27 -> 16 | N27: Islam | O27: Sasak | P27: Belum Tamat SD/Sederajat | R27: Pelajar/Mahasiswa
B28: 8 | D28: 21 | E28: Ratnaseh | F28: KK | G28: 520101 0202970001 | H28: L | I28: Kawin | K28: 11112 | L28: 1930 | M28: =2019-L28 -> 89 | N28: Islam | P28: - | R28: Pekerja lepas
D29: 22 | E29: Baiq Wirasaseh | F29: Istri | H29: P | I29: Kawin | K29: 11116 | L29: 1930 | M29: =2019-L29 -> 89 | N29: Islam | P29: - | R29: Lainnya
B30: 9 | C30: 520101 181115009 | D30: 23 | E30: Kariadi | F30: KK | G30: 520101 2508860002 | H30: L | I30: Kawin | J30: Dasan Geres Tengah | K30: 18270 | L30: 1986 | M30: =2019-L30 -> 33 | N30: Islam | O30: Sasak | P30: SLTP/Sederajat | R30: Wiraswasta
D31: 24 | E31: Nurhidayah | F31: Istri | G31: 520802 4303810001 | H31: P | I31: Kawin | J31: Papak | K31: 29648 | L31: 1981 | M31: =2019-L31 -> 38 | N31: Islam | O31: Sasak | P31: Tamat SD/Sederajat | R31: Mengurus Rumah Tangga
D32: 25 | E32: Nurpaza | F32: Anak | G32: 520302 6006040000 | H32: P | I32: Belum kawin | J32: Papak | K32: 38158 | L32: 2004 | M32: =2019-L32 -> 15 | N32: Islam | O32: Sasak | P32: Belum Tamat SD/Sederajat | R32: Pelajar/Mahasiswa
D33: 26 | E33: Aden Saputra | F33: Anak | G33: 520101 3101100001 | H33: L | I33: Belum kawin | J33: Dasan Geres Tengah | K33: 40209 | L33: 2010 | M33: =2019-L33 -> 9 | N33: Islam | O33: Sasak | P33: Tidak/Belum Sekolah | R33: Belum/Tidak Bekerja
B34: 10 | C34: 520101 2409120002 | D34: 27 | E34: Syari'ah | F34: KK | G34: 520101 4112640001 | H34: P | I34: Cerai Mati | J34: Aik Ampat | K34: 23712 | L34: 1964 | M34: =2019-L34 -> 55 | N34: Islam | O34: Sasak | P34: SLTP/Sederajat | R34: Pedagang
D35: 28 | E35: Muhammad Sodikin | F35: Anak | G35: 520101 2708990001 | H35: L | I35: Belum kawin | J35: Dasan Geres | K35: 36399 | L35: 1999 | M35: =2019-L35 -> 20 | N35: Islam | O35: Sasak | P35: Tamat SD/Sederajat | R35: Pelajar/Mahasiswa
D36: 29 | E36: Amelia Putri | F36: Anak | G36: 520101 4101070001 | H36: P | I36: Belum kawin | J36: Dasan Geres | K36: 39083 | L36: 2007 | M36: =2019-L36 -> 12 | N36: Islam | O36: Sasak | P36: Belum Tamat SD/Sederajat | R36: Pelajar/Mahasiswa
B37: 11 | C37: 520101 2808170013 | D37: 30 | E37: Hardi Wandi | F37: KK | G37: 520101 1005950003 | H37: L | I37: Kawin | J37: Dasan Geres Tengah | K37: 33311 | L37: 1991 | M37: =2019-L37 -> 28 | N37: Islam | O37: Sasak | P37: SLTP/Sederajat | R37: Wiraswasta
D38: 31 | E38: Mutiani | F38: Istri | G38: 520107 7112930146 | H38: P | I38: Kawin | J38: Lemer | K38: 34334 | L38: 1993 | M38: =2019-L38 -> 26 | N38: Islam | O38: Sasak | P38: Tamat SD/Sederajat | R38: Mengurus Rumah Tangga
D39: 32 | E39: Hamzah Sadeva | F39: Anak | G39: 520101 2806150003 | H39: L | I39: Belum kawin | J39: Sekotong | K39: 42183 | L39: 2015 | M39: =2019-L39 -> 4 | N39: Islam | O39: Sasak | P39: Tidak/Belum Sekolah | R39: Belum/Tidak Bekerja
B40: 12 | C40: 520101 0503082590 | D40: 33 | E40: Husnan | F40: KK | G40: 520101 0107800431 | H40: L | I40: Kawin | J40: Dasan Geres | K40: 28201 | L40: 1977 | M40: =2019-L40 -> 42 | N40: Islam | O40: Sasak | P40: SLTA/Sederajat | R40: Buruh harian Lepas
D41: 34 | E41: Minawati | F41: Istri | G41: 520101 7108830001 | H41: P | I41: Kawin | J41: Jelateng | K41: 30559 | L41: 1983 | M41: =2019-L41 -> 36 | N41: Islam | O41: Sasak | P41: SLTP/Sederajat | R41: Mengurus Rumah Tangga
D42: 35 | E42: Erdin Umamul Rizki | F42: Anak | G42: 520101 2809060001 | H42: L | I42: Belum kawin | J42: Dasan Geres Tengah | K42: 38988 | L42: 2006 | M42: =2019-L42 -> 13 | N42: Islam | O42: Sasak | P42: Belum Tamat SD/Sederajat | R42: Pelajar/Mahasiswa
D43: 36 | E43: Naumi Ninda Silvani | F43: Anak | G43: 520101 6002140001 | H43: P | I43: Belum kawin | J43: Dasan Geres Tengah | K43: 41690 | L43: 2014 | M43: =2019-L43 -> 5 | N43: Islam | O43: Sasak | P43: Tidak/Belum Sekolah | R43: Belum/Tidak Bekerja
D44: 37 | E44: Ariqa Fatina | F44: Anak | G44: 520101 5005190001 | H44: P | I44: Belum kawin | J44: Dasan Geres | K44: 43595 | L44: 2019 | M44: =2019-L44 -> 0 | N44: Islam | O44: Sasak | P44: Tidak/Belum Sekolah | R44: Belum/Tidak Bekerja
B45: 13 | C45: 5201010503082530 | D45: 38 | E45: Wildan | F45: KK | G45: 520101 2102820001 | H45: L | I45: Kawin | J45: Dasan Geres | K45: 30003 | L45: 1982 | M45: =2019-L45 -> 37 | N45: Islam | O45: Sasak | P45: SLTA/Sederajat | R45: Karyawan Swasta
D46: 39 | E46: Sarni | F46: Istri | G46: 52010153108400001 | H46: P | I46: Kawin | J46: Dasan Geres | K46: 30968 | L46: 1984 | M46: =2019-L46 -> 35 | N46: Islam | O46: Sasak | P46: SLTA/Sederajat | R46: Wiraswasta
D47: 40 | E47: Arfin Dwi Sandika | F47: Anak | G47: 520101 1603110002 | H47: L | I47: Belum kawin | J47: Dasan Geres | K47: 40618 | L47: 2011 | M47: =2019-L47 -> 8 | N47: Islam | O47: Sasak | P47: Tidak/Belum Sekolah | R47: Belum/Tidak Bekerja
D48: 41 | E48: Karisa Willy | F48: Anak | G48: 520101 6710160003 | H48: P | I48: Belum kawin | J48: Dasan Geres | K48: 42670 | L48: 2016 | M48: =2019-L48 -> 3 | N48: Islam | O48: Sasak | P48: Tidak/Belum Sekolah | R48: Belum/Tidak Bekerja
B49: 14 | D49: 42 | E49: Ayulan | F49: KK | G49: 520101 2004017093 | H49: P | I49: Janda | K49: 18270 | L49: 1950 | M49: =2019-L49 -> 69 | N49: Islam | P49: SD/MI | R49: Petani
B50: 15 | D50: 43 | E50: Hajjah Rukayah | F50: KK | G50: 520101 0107500004 | H50: P | I50: Janda | K50: 18270 | L50: 1950 | M50: =2019-L50 -> 69 | N50: Islam | P50: - | R50: Lainnya
B51: 16 | C51: 520101 0503082888 | D51: 44 | E51: Mahli | F51: KK | G51: 520101 0107780074 | H51: L | I51: Kawin | J51: Dasan Geres Tengah | K51: 28490 | L51: 1977 | M51: =2019-L51 -> 42 | N51: Islam | O51: Sasak | P51: SLTA/Sederajat | R51: Petani/Pekebun
D52: 45 | E52: Maknah | F52: Istri | G52: 520101 4107800374 | H52: P | I52: Kawin | J52: Dasan Geres Tengah | K52: 29403 | L52: 1980 | M52: =2019-L52 -> 39 | N52: Islam | O52: Sasak | P52: Tamat SD/Sederajat | R52: Mengurus Rumah Tangga
D53: 46 | E53: M. Ulumul Pikri | F53: Anak | G53: 520101 2907050001 | H53: L | I53: Belum kawin | J53: Dasan Geres | K53: 38562 | L53: 2005 | M53: =2019-L53 -> 14 | N53: Islam | O53: Sasak | P53: Belum Tamat SD/Sederajat | R53: Pelajar/Mahasiswa
B54: 17 | C54: 520101 0503082894 | D54: 47 | E54: H. Husni | F54: KK | G54: 520101 0107570394 | H54: L | I54: Belum kawin | J54: Dasan Geres | K54: 21002 | L54: 1957 | M54: =2019-L54 -> 62 | N54: Islam | O54: Sasak | P54: SLTP/Sederajat | R54: Petani/Pekebun
D55: 48 | E55: Hj. Zubaidah | F55: Famili Lain | G55: 520101 4107600093 | H55: P | I55: Belum kawin | J55: Dasan Geres | K55: 22098 | L55: 1960 | M55: =2019-L55 -> 59 | N55: Islam | O55: Sasak | P55: Tamat SD/Sederajat | R55: Petani/Pekebun
B56: 18 | D56: 49 | E56: Sabnah | F56: KK | G56: 520101 0107500169 | H56: P | I56: Janda | K56: 18270 | L56: 1950 | M56: =2019-L56 -> 69 | N56: Islam | P56: - | R56: Lainnya
B57: 19 | C57: 520101 0503082898 | D57: 50 | E57: Hamdi | F57: KK | G57: 520101 0107800650 | H57: L | I57: Kawin | J57: Dasan Geres | K57: 29403 | L57: 1980 | M57: =2019-L57 -> 39 | N57: Islam | O57: Sasak | P57: Tamat SD/Sederajat | R57: Wiraswasta
D58: 51 | E58: Herni | F58: Istri | G58: 520101 4107810128 | H58: P | I58: Kawin | J58: Dasan Geres | K58: 29768 | L58: 1981 | M58: =2019-L58 -> 38 | N58: Islam | O58: Sasak | P58: Belum Tamat SD/Sederajat | R58: Mengurus Rumah Tangga
D59: 52 | E59: M. Solihin | F59: Anak | G59: 520101 0107000162 | H59: L | I59: Belum kawin | J59: Dasan Geres Tengah | K59: 36604 | L59: 2000 | M59: =2019-L59 -> 19 | N59: Islam | O59: Sasak | P59: Tamat SD/Sederajat | R59: Pelajar/Mahasiswa
D60: 53 | E60: Rendi Muzammil | F60: Anak | G60: 520101 0107060215 | H60: L | I60: Belum kawin | J60: Mataram | K60: 39018 | L60: 2006 | M60: =2019-L60 -> 13 | N60: Islam | O60: Sasak | P60: Tidak/Belum Sekolah | R60: Belum/Tidak Bekerja
B61: 20 | C61: 520101 2409120050 | D61: 54 | E61: Mansur Asshari | F61: KK | G61: 520101 1711790002 | H61: L | I61: Kawin | J61: Dasan Geres Tengah | K61: 29176 | L61: 1979 | M61: =2019-L61 -> 40 | N61: Islam | O61: Sasak | P61: SLTA/Sederajat | R61: Wiraswasta
D62: 55 | E62: Fitriah | F62: Istri | G62: 520101 7112870173 | H62: P | I62: Kawin | J62: Mendagi | K62: 32142 | L62: 1987 | M62: =2019-L62 -> 32 | N62: Islam | O62: Sasak | P62: SLTA/Sederajat | R62: Mengurus Rumah Tangga
D63: 56 | E63: Cahaya Cinta Asshari | F63: Anak | G63: 520101 4806131001 | H63: P | I63: Belum kawin | J63: Dasan Geres Tengah | K63: 41433 | L63: 2013 | M63: =2019-L63 -> 6 | N63: Islam | O63: Sasak | P63: Tidak/Belum Sekolah | R63: Belum/Tidak Bekerja
D64: 57 | E64: Nihayah | F64: Orang Tua | G64: 520101 4107420104 | H64: P | I64: Janda | J64: Dasan Geres Tengah | K64: 15523 | L64: 1942 | M64: =2019-L64 -> 77 | N64: Islam | O64: Sasak | P64: Tidak/Belum Sekolah | R64: Belum/Tidak Bekerja
B65: 21 | D65: 58 | E65: Baharudin | F65: KK | G65: 520101 0107540105 | H65: L | I65: Duda | K65: 19731 | L65: 1954 | M65: =2019-L65 -> 65 | N65: Islam | P65: Tamat SD/Sederajat | R65: Pekerja lepas
D66: 59 | E66: Rohanah | F66: Anak | G66: 520101 5508940005 | H66: P | I66: Belum kawin | K66: 34561 | L66: 1994 | M66: =2019-L66 -> 25 | N66: Islam | P66: SLTA/Sederajat | R66: -
B67: 22 | C67: 5201010407140006 | D67: 60 | E67: Nasrudin S.Pd | F67: KK | G67: 520101 2503880001 | H67: L | I67: Kawin | J67: Dasan Geres | K67: 43549 | L67: 1988 | M67: =2019-L67 -> 31 | N67: Islam | O67: Sasak | P67: Diploma IV/ Strata I | R67: Wiraswasta
D68: 61 | E68: Eli Ermawati S.Pd | F68: Istri | G68: 520101 7112870012 | H68: P | I68: Kawin | J68: Dasan Lekong | K68: 43830 | L68: 1987 | M68: =2019-L68 -> 32 | N68: Islam | O68: Sasak | P68: Diploma IV/ Strata I | R68: Guru
D69: 62 | E69: Muhammad Ramzi Al Ghazali | F69: Anak | G69: 520101 0711140001 | H69: L | I69: Belum kawin | J69: Dasan Geres | K69: 43776 | L69: 2014 | M69: =2019-L69 -> 5 | N69: Islam | O69: Sasak | P69: Tidak/Belum Sekolah | R69: Belum/Tidak Bekerja
D70: 63 | E70: Auro Mikayla Faradisa | F70: Anak | H70: P | I70: Belum kawin | J70: Dasan Geres | K70: 43502 | L70: 2017 | M70: =2019-L70 -> 2 | O70: Sasak | P70: Tidak/Belum Sekolah | R70: Belum/Tidak Bekerja
B71: 23 | D71: 64 | E71: Burhan | F71: KK | G71: 520101 1711730001 | H71: L | I71: Kawin | K71: 26985 | L71: 1973 | M71: =2019-L71 -> 46 | N71: Islam | P71: SLTA/Sederajat | R71: Pekerja lepas
D72: 65 | E72: Laila Zakirah | F72: Istri | G72: 520101 5111780004 | H72: P | I72: Kawin | K72: 28805 | L72: 1978 | M72: =2019-L72 -> 41 | N72: Islam | P72: SLTA/Sederajat | R72: Lainnya
D73: 66 | E73: Moh Zarril Gafar | F73: Anak | G73: 520101 0311010001 | H73: L | I73: Belum kawin | K73: 36961 | L73: 2001 | M73: =2019-L73 -> 18 | N73: Islam | P73: Tamat SD/Sederajat | R73: -
D74: 67 | E74: Moh Sauqi Fathir | F74: Anak | G74: 520101 0202070001 | H74: L | I74: Belum kawin | K74: 39115 | L74: 2007 | M74: =2019-L74 -> 12 | N74: Islam | P74: - | R74: -
D75: 68 | E75: Airin Putri Hani | F75: Anak | G75: 520101 0109120002 | H75: P | I75: Belum kawin | K75: 41173 | L75: 2012 | M75: =2019-L75 -> 7 | N75: Islam | P75: - | R75: -
B76: 24 | C76: 520101 0503082619 | D76: 69 | E76: Lukman | F76: KK | G76: 520101 0107740157 | H76: L | I76: Kawin | J76: Dasan Geres | K76: 27211 | L76: 1974 | M76: =2019-L76 -> 45 | N76: Islam | O76: Sasak | P76: Tamat SD/Sederajat | R76: Wiraswasta
D77: 70 | E77: Rainah | F77: Istri | G77: 520101 4107790325 | H77: P | I77: Kawin | J77: Labulia | K77: 29037 | L77: 1979 | M77: =2019-L77 -> 40 | N77: Islam | O77: Sasak | P77: Tamat SD/Sederajat | R77: Mengurus Rumah Tangga
D78: 71 | E78: Mutia Hidayah | F78: Anak | G78: 520101 6303060001 | H78: P | I78: Belum kawin | J78: Dasan Geres | K78: 38799 | L78: 2006 | M78: =2019-L78 -> 13 | N78: Islam | O78: Sasak | P78: Belum Tamat SD/Sederajat | R78: Pelajar/Mahasiswa
B79: 25 | C79: 520101 0609120015 | D79: 72 | E79: Abdul Muhid | F79: KK | G79: 520101 1806781001 | H79: L | I79: Kawin | J79: Dasan Geres Tengah | K79: 28659 | L79: 1978 | M79: =2019-L79 -> 41 | N79: Islam | O79: Sasak | P79: Tamat SD/Sederajat | R79: Wiraswasta
D80: 73 | E80: Saimah | F80: Istri | G80: 520101 4701791001 | H80: P | I80: Kawin | J80: Kebun Jurang | K80: 28862 | L80: 1979 | M80: =2019-L80 -> 40 | N80: Islam | O80: Sasak | P80: Tamat SD/Sederajat | R80: Karyawan Swasta
D81: 74 | E81: M. Muzakki | F81: Anak | G81: 520101 0604991001 | H81: L | I81: Belum kawin | J81: Dasan Geres | K81: 36256 | L81: 1999 | M81: =2019-L81 -> 20 | N81: Islam | O81: Sasak | P81: Tamat SD/Sederajat | R81: Pelajar/Mahasiswa
D82: 75 | E82: Muhammad Danil Maulana | F82: Anak | G82: 520101 3112051004 | H82: L | I82: Belum kawin | J82: Dasan Geres | K82: 38717 | L82: 2005 | M82: =2019-L82 -> 14 | N82: Islam | O82: Sasak | P82: Belum Tamat SD/Sederajat | R82: Pelajar/Mahasiswa
B83: 26 | C83: 520101 0503083489 | D83: 76 | E83: Sahabudin | F83: KK | G83: 520101 3112630074 | H83: L | I83: Kawin | J83: Dasan Geres | K83: 23376 | L83: 1963 | M83: =2019-L83 -> 56 | N83: Islam | O83: Sasak | P83: SLTA/Sederajat | R83: Wiraswasta
D84: 77 | E84: Murniati | F84: Istri | G84: 520101 4107770697 | H84: P | I84: Kawin | J84: Dodokan Gerung | K84: 28793 | L84: 1972 | M84: =2019-L84 -> 47 | N84: Islam | O84: Sasak | P84: SLTA/Sederajat | R84: Mengurus Rumah Tangga
D85: 78 | E85: Liyana Saputri | F85: Anak | G85: 520101 4609000001 | H85: P | I85: Belum kawin | J85: Dasan Geres | K85: 36775 | L85: 2000 | M85: =2019-L85 -> 19 | N85: Islam | O85: Sasak | P85: SLTA/Sederajat | R85: Pelajar/Mahasiswa
D86: 79 | E86: Muhamad Naufal Hibatulloh | F86: Anak | G86: 520101 1009050001 | H86: L | I86: Belum kawin | J86: Dasan Geres | K86: 38605 | L86: 2005 | M86: =2019-L86 -> 14 | N86: Islam | O86: Sasak | P86: Tamat SD/Sederajat | R86: Pelajar/Mahasiswa
B87: 27 | C87: 520101 0503082622 | D87: 80 | E87: Yusup | F87: KK | G87: 520101 0107570404 | H87: L | I87: Kawin | J87: Dasan Geres Tengah | K87: 21002 | L87: 1957 | M87: =2019-L87 -> 62 | N87: Islam | O87: Sasak | P87: Tamat SD/Sederajat | R87: Buruh harian Lepas
D88: 81 | E88: Masiah | F88: Istri | G88: 520101 4107600102 | H88: P | I88: Kawin | J88: Dasan Geres | K88: 22098 | L88: 1960 | M88: =2019-L88 -> 59 | N88: Islam | O88: Sasak | P88: Tidak/Belum Sekolah | R88: Mengurus Rumah Tangga
B89: 28 | C89: 520101 0503082625 | D89: 82 | E89: Yohanis | F89: KK | G89: 520101 2003790001 | H89: L | I89: Kawin | J89: Dasan Geres | K89: 28934 | L89: 1979 | M89: =2019-L89 -> 40 | N89: Islam | O89: Sasak | P89: Tamat SD/Sederajat | R89: Wiraswasta
D90: 83 | E90: Zaitun Alawiyah | F90: Istri | G90: 520101 5302810004 | H90: P | I90: Kawin | J90: Dasan Geres | K90: 29933 | L90: 1981 | M90: =2019-L90 -> 38 | N90: Islam | O90: Sasak | P90: Diploma I/II | R90: Mengurus Rumah Tangga
D91: 84 | E91: Yuna Ziatun Nisa | F91: Anak | G91: 520101 4902090002 | H91: P | I91: Belum kawin | J91: Dasan Geres | K91: 39853 | L91: 2009 | M91: =2019-L91 -> 10 | N91: Islam | O91: Sasak | P91: Tidak/Belum Sekolah | R91: Belum/Tidak Bekerja
B92: 29 | D92: 85 | E92: Mayadi | F92: KK | G92: 520101 1410840001 | H92: L | I92: Kawin | K92: 30695 | L92: 1984 | M92: =2019-L92 -> 35 | N92: Islam | P92: SLTA/Sederajat | R92: Pekerja lepas
D93: 86 | E93: Apriyanti | F93: Istri | G93: 520101 6004940002 | H93: P | I93: Kawin | K93: 34444 | L93: 1994 | M93: =2019-L93 -> 25 | N93: Islam | P93: SLTA/Sederajat | R93: Lainnya
D94: 87 | E94: Ahmad Imam Al Farisi | F94: Anak | G94: 520101 1811140001 | H94: L | I94: Belum kawin | K94: 41961 | L94: 2014 | M94: =2019-L94 -> 5 | N94: Islam | P94: - | R94: -
B95: 30 | C95: 5201010503082565 | D95: 88 | E95: Yusif | F95: KK | G95: 5201010107690075 | H95: L | I95: Kawin | J95: Dasan Geres | K95: 43830 | L95: 1969 | M95: =2019-L95 -> 50 | N95: Islam | O95: Sasak | P95: SLTP/Sederajat | R95: Tukang Kayu
D96: 89 | E96: Rusnah | F96: Istri | G96: 5201014107760057 | H96: P | I96: Kawin | J96: Praya | K96: 43830 | L96: 1972 | M96: =2019-L96 -> 47 | N96: Islam | O96: Sasak | P96: Tidak/Belum Sekolah | R96: Mengurus Rumah Tangga
D97: 90 | E97: Muliati Dewi | F97: Anak | G97: 5201014107000086 | H97: P | I97: Belum kawin | J97: Dasan Geres | K97: 43647 | L97: 2000 | M97: =2019-L97 -> 19 | N97: Islam | O97: Sasak | P97: SLTP/Sederajat | R97: Pelajar/Mahasiswa
D98: 91 | E98: M Nanang Saputra | F98: Anak | G98: 5201012001100001 | H98: L | I98: Belum kawin | J98: Dasan Geres | K98: 43485 | L98: 2010 | M98: =2019-L98 -> 9 | N98: Islam | O98: Sasak | P98: Tamat SD/Sederajat | R98: Belum/Tidak Bekerja
B99: 31 | C99: 520101 05030825704 | D99: 92 | E99: Arsan | F99: KK | G99: 520101 0107520269 | H99: L | I99: Kawin | J99: Dasan Geres | K99: 19176 | L99: 1952 | M99: =2019-L99 -> 67 | N99: Islam | O99: Sasak | P99: Tidak/Belum Sekolah | R99: Buruh harian Lepas
D100: 93 | E100: Makni | F100: Istri | G100: 520101 4107670184 | H100: P | I100: Kawin | J100: Beremi | K100: 24654 | L100: 1967 | M100: =2019-L100 -> 52 | N100: Islam | O100: Sasak | P100: Tidak/Belum Sekolah | R100: Mengurus Rumah Tangga
D101: 94 | E101: Herlianto | F101: Anak | G101: 520101 1305880001 | H101: P | I101: Belum kawin | J101: Dasan Geres Tengah | K101: 32276 | L101: 1988 | M101: =2019-L101 -> 31 | N101: Islam | O101: Sasak | P101: SLTA/Sederajat | R101: Belum/Tidak Bekerja
...

Sheet RT 3
B1: DATA INDUK PENDUDUK KELURAHAN DASAN GERES
B2: TAHUN 2019
B3: LINGKUNGAN DASAN GERES TENGAH
B4: RT 03
B5: No | C5: Nomor KK | D5: Jumlah Jiwa | E5: Nama | F5: Status Dalam Keluarga | G5: NIK | H5: Jenis Kelamin | I5: Status Perkawinan | J5: Lahir | N5: Agama | O5: Etnis | P5: Pendidikan | Q5: Jurusan | R5: Pekerjaan
J6: Tempat | K6: Tanggal | L6: Tahun | M6: Umur
B8: 1 | C8: 520101 1805110016 | D8: 1 | E8: Lalu Kardi | F8: KK | G8: 520101 3112610034 | H8: L | I8: Kawin | J8: Dasan Geres | K8: 22646 | L8: 1961 | M8: =2019-L8 -> 58 | N8: Islam | O8: Sasak | P8: SLTA/Sederajat | R8: Pegawai Negeri Sipil (PNS)
D9: 2 | E9: Baiq Nurtiaman | F9: Istri | G9: 520101 6311650001 | H9: P | I9: Kawin | J9: Gerung | K9: 24069 | L9: 1965 | M9: =2019-L9 -> 54 | N9: Islam | O9: Sasak | P9: SLTA/Sederajat | R9: Mengurus Rumah Tangga
D10: 3 | E10: Lalu Banu Karisma Setiaji | F10: Anak | G10: 520101 0601940001 | H10: L | I10: Belum kawin | J10: Dasan Geres | K10: 34340 | L10: 1994 | M10: =2019-L10 -> 25 | N10: Islam | O10: Sasak | P10: SLTA/Sederajat | R10: Pelajar/Mahasiswa
D11: 4 | E11: Baiq Tri Kurniasih Lestari | F11: Anak | G11: 520101 4612010003 | H11: P | I11: Belum kawin | J11: Dasan Geres | K11: 37231 | L11: 2001 | M11: =2019-L11 -> 18 | N11: Islam | O11: Sasak | P11: Belum Tamat SD/Sederajat | R11: Pelajar/Mahasiswa
D12: 5 | E12: Lalu Nata Kusuma Wijaya | F12: Anak | G12: 520101 2602040003 | H12: L | I12: Belum kawin | J12: Dasan Geres | K12: 38043 | L12: 2004 | M12: =2019-L12 -> 15 | N12: Islam | O12: Sasak | P12: Belum Tamat SD/Sederajat | R12: Pelajar/Mahasiswa
B13: 2 | C13: 520101 0301180002 | D13: 6 | E13: Lalu Kadarisman Bayuaji M.Pd | F13: KK | G13: 520101 2001880003 | H13: L | I13: Kawin | J13: Dasan Geres | K13: 32162 | L13: 1988 | M13: =2019-L13 -> 31 | N13: Islam | O13: Sasak | P13: Strata-II | R13: Guru
D14: 7 | E14: Miftahul Aidni S.Pd | F14: Istri | G14: 527101 6711880003 | H14: P | I14: Kawin | J14: Mataram | K14: 32169 | L14: 1988 | M14: =2019-L14 -> 31 | N14: Islam | O14: Sasak | P14: Diploma IV/Strata I | R14: Mengurus Rumah Tangga
D15: 8 | E15: Lalu Gagasaji Nazlan Syakbana | F15: Anak | G15: 520101 0305180002 | H15: L | I15: Belum kawin | J15: Dasan Geres | K15: 43223 | L15: 2018 | M15: =2019-L15 -> 1 | N15: Islam | O15: Sasak | P15: Tidak/Belum Sekolah | R15: Belum/Tidak Bekerja
B16: 3 | C16: 520101 0503083570 | D16: 9 | E16: H. Lalu Dulhakim | F16: KK | G16: 520101 0107550147 | H16: L | I16: Kawin | J16: Dasan Geres | K16: 20454 | L16: 1955 | M16: =2019-L16 -> 64 | N16: Islam | O16: Sasak | P16: SLTA/Sederajat | R16: Pensiunan
D17: 10 | E17: Hj. Baiq Halwiyah | F17: Istri | G17: 520101 4107570406 | H17: P | I17: Kawin | J17: Dasan Geres | K17: 21550 | L17: 1958 | M17: =2019-L17 -> 61 | N17: Islam | O17: Sasak | P17: Tamat SD/Sederajat | R17: Mengurus Rumah Tangga
B18: 4 | C18: 520101 0503083675 | D18: 11 | E18: Lalu Sapwan | F18: KK | G18: 520101 0107630086 | H18: L | I18: Kawin | J18: Dasan Geres | K18: 23376 | L18: 1963 | M18: =2019-L18 -> 56 | N18: Islam | O18: Sasak | P18: SLTA/Sederajat | R18: Pegawai Negeri Sipil (PNS)
D19: 12 | E19: Sarmah | F19: Istri | G19: 520101 4106680001 | H19: P | I19: Kawin | J19: Dasan Geres | K19: 25720 | L19: 1970 | M19: =2019-L19 -> 49 | N19: Islam | O19: Sasak | P19: SLTA/Sederajat | R19: Mengurus Rumah Tangga
D20: 13 | E20: Lalu Muhammad Saepul | F20: Anak | G20: 520101 1803910001 | H20: L | I20: Belum kawin | J20: Dasan Geres | K20: 33315 | L20: 1991 | M20: =2019-L20 -> 28 | N20: Islam | O20: Sasak | P20: SLTA/Sederajat | R20: Wiraswasta
D21: 14 | E21: Lalu Amrullah Ali Seftawan | F21: Anak | G21: 520101 0209000003 | H21: L | I21: Belum kawin | J21: Dasan Geres Tengah | K21: 36771 | L21: 2000 | M21: =2019-L21 -> 19 | N21: Islam | O21: Sasak | P21: SLTP/Sederajat | R21: Pelajar/Mahasiswa
D22: 15 | E22: Lalu Habib Akbar | F22: Anak | G22: 520101 2505090003 | H22: L | I22: Belum kawin | J22: Dasan Geres | K22: 39958 | L22: 2009 | M22: =2019-L22 -> 10 | N22: Islam | O22: Sasak | P22: Belum Tamat SD/Sederajat | R22: Pelajar/Mahasiswa
B23: 5 | C23: 520101 0503082774 | D23: 16 | E23: Lalu Rustamaji | F23: KK | G23: 520101 0107700590 | H23: L | I23: Kawin | J23: Dasan Geres | K23: 25933 | L23: 1970 | M23: =2019-L23 -> 49 | N23: Islam | O23: Sasak | P23: SLTA/Sederajat | R23: Pegawai Negeri Sipil (PNS)
D24: 17 | E24: Baiq Nurul Hidayati | F24: Istri | G24: 520101 5001730001 | H24: P | I24: Kawin | J24: Lemokek | K24: 26674 | L24: 1973 | M24: =2019-L24 -> 46 | N24: Islam | O24: Sasak | P24: SLTA/Sederajat | R24: Mengurus Rumah Tangga
D25: 18 | E25: Lalu Virgian Ajiyatma | F25: Anak | G25: 520101 2608930001 | H25: L | I25: Belum kawin | J25: Dompu | K25: 34207 | L25: 1993 | M25: =2019-L25 -> 26 | N25: Islam | O25: Sasak | P25: SLTP/Sederajat | R25: Pelajar/Mahasiswa
D26: 19 | E26: Baiq Zahraeni Safitri | F26: Anak | G26: 520101 5401990001 | H26: P | I26: Belum kawin | J26: Dasan Geres | K26: 36174 | L26: 1999 | M26: =2019-L26 -> 20 | N26: Islam | O26: Sasak | P26: Tamat SD/MI | R26: Pelajar/Mahasiswa
D27: 20 | E27: Lalu Imam Sahbandi | F27: Anak | G27: 520101 0110050002 | H27: L | I27: Belum kawin | J27: Dasan Geres | K27: 38626 | L27: 2005 | M27: =2019-L27 -> 14 | N27: Islam | O27: Sasak | P27: Belum Tamat SD/Sederajat | R27: Pelajar/Mahasiswa
D28: 21 | E28: Baiq Zirwa Amanina | F28: Anak | G28: 520101 4505150001 | H28: P | I28: Belum kawin | J28: Gerung | K28: 42129 | L28: 2015 | M28: =2019-L28 -> 4 | N28: Islam | O28: Sasak | P28: Tidak/Belum Sekolah | R28: Belum/Tidak Bekerja
B29: 6 | C29: 520101 3112090004 | D29: 22 | E29: Lalu Ahmad Saufi | F29: KK | G29: 520101 3112760010 | H29: L | I29: Kawin | J29: Dasan Geres | K29: 28125 | L29: 1976 | M29: =2019-L29 -> 43 | N29: Islam | O29: Sasak | P29: SLTA/Sederajat | R29: Pegawai Negeri Sipil (PNS)
D30: 23 | E30: Baiq Markisah Murijati | F30: Istri | G30: 520101 5010810001 | H30: P | I30: Kawin | J30: Kediri Lobar | K30: 29869 | L30: 1981 | M30: =2019-L30 -> 38 | N30: Islam | O30: Sasak | P30: SLTA/Sederajat | R30: Mengurus Rumah Tangga
D31: 24 | E31: Lalu Indrabraja Samudera | F31: Anak | G31: 520101 1405050001 | H31: L | I31: Belum kawin | J31: Dasan Geres | K31: 38486 | L31: 2005 | M31: =2019-L31 -> 14 | N31: Islam | O31: Sasak | P31: Belum Tamat SD/Sederajat | R31: Pelajar/Mahasiswa
D32: 25 | E32: Baiq Rizkania Putri Zahra | F32: Anak | G32: 520101 5511090001 | H32: P | I32: Belum kawin | J32: Dasan Geres | K32: 40132 | L32: 2009 | M32: =2019-L32 -> 10 | N32: Islam | O32: Sasak | P32: Tidak/Belum Sekolah | R32: Belum/Tidak Bekerja
D33: 26 | E33: Baiq Nilam Lalita Gantari | F33: Anak | G33: 520101 5005170001 | H33: P | I33: Belum kawin | J33: Dasan Geres | K33: 42865 | L33: 2017 | M33: =2019-L33 -> 2 | N33: Islam | O33: Sasak | P33: Tidak/Belum Sekolah | R33: Belum/Tidak Bekerja
B34: 7 | C34: 520101 0302070007 | D34: 27 | E34: Lalu Jenar | F34: KK | G34: 520101 3112480006 | H34: L | I34: Cerai Mati | J34: Dasan Geres | K34: 17898 | L34: 1948 | M34: =2019-L34 -> 71 | N34: Islam | O34: Sasak | P34: Tamat SD/Sederajat | R34: Pensiunan
D35: 28 | E35: Baiq Rahmawati | F35: Anak | G35: 520101 5704880001 | H35: P | I35: Belum kawin | J35: Dasan Geres | K35: 32250 | L35: 1988 | M35: =2019-L35 -> 31 | N35: Islam | O35: Sasak | P35: SLTP/Sederajat | R35: Pelajar/Mahasiswa
D36: 29 | E36: Baiq Risma Agustina | F36: Anak | G36: 520101 4208980002 | H36: P | I36: Belum kawin | J36: Dasan Geres | K36: 36009 | L36: 1998 | M36: =2019-L36 -> 21 | N36: Islam | O36: Sasak | P36: Tamat SD/Sederajat | R36: Pelajar/Mahasiswa
B37: 8 | C37: 520101 2705111466 | D37: 30 | E37: Lalu Bambang | F37: KK | G37: 5201013112881023 | H37: L | I37: Kawin | J37: Dasan Gereng | K37: 32508 | L37: 1988 | M37: =2019-L37 -> 31 | N37: Islam | O37: Sasak | P37: SLTP/Sederajat | R37: Wiraswasta
D38: 31 | E38: Marhanah | F38: Istri | G38: 5201016002821002 | H38: P | I38: Kawin | J38: Bebidas | K38: 30002 | L38: 1982 | M38: =2019-L38 -> 37 | N38: Islam | O38: Sasak | P38: SLTP/Sederajat | R38: Mengurus Rumah Tangga
D39: 32 | E39: Lalu M. Irfandi | F39: Anak | G39: 5201010711090002 | H39: L | I39: Belum kawin | J39: Dasan Geres | K39: 40124 | L39: 2009 | M39: =2019-L39 -> 10 | N39: Islam | O39: Sasak | P39: Tidak/Belum Sekolah | R39: Belum/Tidak Bekerja
D40: 33 | E40: Lalu M. Rozikazawali | F40: Anak | G40: 5201011903141001 | H40: L | I40: Belum kawin | J40: Mataram | K40: 41717 | L40: 2014 | M40: =2019-L40 -> 5 | N40: Islam | O40: Sasak | P40: Tidak/Belum Sekolah | R40: Belum/Tidak Bekerja
B41: 9 | C41: 520101 0503082612 | D41: 34 | E41: Lalu Sukarmin | F41: KK | G41: 520101 0107770298 | H41: L | I41: Kawin | J41: Dasan Geres | K41: 29534 | L41: 1980 | M41: =2019-L41 -> 39 | N41: Islam | O41: Sasak | P41: SLTP/Sederajat | R41: Wiraswasta
D42: 35 | E42: Baiq Rafikah | F42: Istri | G42: 520101 4107830206 | H42: P | I42: Kawin | J42: Dasan Geres | K42: 31212 | L42: 1985 | M42: =2019-L42 -> 34 | N42: Islam | O42: Sasak | P42: SLTA/Sederajat | R42: Mengurus Rumah Tangga
D43: 36 | E43: Baiq Tiara Kartika Anjuni | F43: Anak | G43: 520101 6505050002 | H43: P | I43: Belum kawin | J43: Dasan Geres | K43: 38528 | L43: 2005 | M43: =2019-L43 -> 14 | N43: Islam | O43: Sasak | P43: Belum Tamat SD/Sederajat | R43: Pelajar/Mahasiswa
D44: 37 | E44: Baiq Mira Aulia | F44: Anak | G44: 520101 6507090002 | H44: P | I44: Belum kawin | J44: Dasan Geres | K44: 40019 | L44: 2009 | M44: =2019-L44 -> 10 | N44: Islam | O44: Sasak | P44: Tidak/Belum Sekolah | R44: Belum/Tidak Bekerja
D45: 38 | E45: Baiq Arsyla Nidaul Karima | F45: Anak | G45: 520101 6007170001 | H45: P | I45: Belum kawin | J45: Dasan Geres | K45: 42936 | L45: 2017 | M45: =2019-L45 -> 2 | N45: Islam | O45: Sasak | P45: Tidak/Belum Sekolah | R45: Belum/Tidak Bekerja
D46: 39 | E46: Bq Ayulan | F46: Orang Tua | G46: 520101 4107480109 | H46: P | I46: Cerai Mati | J46: Dasan Geres | K46: 17715 | L46: 1948 | M46: =2019-L46 -> 71 | N46: islam | O46: Sasak | P46: Tidak/Belum Sekolah | R46: Belum/Tidak Bekerja
B47: 10 | C47: 520101 0503082782 | D47: 40 | E47: Lalu Hirdan | F47: KK | G47: 520101 0107690098 | H47: L | I47: Kawin | J47: Dasan Geres | K47: 26331 | L47: 1972 | M47: =2019-L47 -> 47 | N47: Islam | O47: Sasak | P47: Belum Tamat SD/Sederajat | R47: Buruh Harian Lepas
D48: 41 | E48: Hj. Rakmah | F48: Istri | G48: 520113 5201790005 | H48: P | I48: Kawin | J48: Batu Mas | K48: 28867 | L48: 1979 | M48: =2019-L48 -> 40 | N48: Islam | O48: Sasak | P48: Tidak/Belum Sekolah | R48: Petani/Pekebun
D49: 42 | E49: Baiq Ida Sopiawardani | F49: Anak | G49: 520101 6511960002 | H49: P | I49: Belum kawin | J49: Wakuli Poso | K49: 35394 | L49: 1996 | M49: =2019-L49 -> 23 | N49: Islam | O49: Sasak | P49: SLTA/Sederajat | R49: Pelajar/Mahasiswa
D50: 43 | E50: Lalu Irham Bara | F50: Anak | G50: 520101 2110990002 | H50: L | I50: Belum kawin | J50: Dasan Geres | K50: 36454 | L50: 1999 | M50: =2019-L50 -> 20 | N50: Islam | O50: Sasak | P50: SLTP/Sederajat | R50: Pelajar/Mahasiswa
B51: 11 | C51: 520101 0503082517 | D51: 44 | E51: Lalu Norma Sofandi | F51: KK | G51: 520101 1212790003 | H51: L | I51: Kawin | J51: Narmada | K51: 29201 | L51: 1979 | M51: =2019-L51 -> 40 | N51: Islam | O51: Sasak | P51: SLTA/Sederajat | R51: Karyawan Honorer
D52: 45 | E52: Baiq Sumi Ratmi | F52: Istri | G52: 520101 7112860045 | H52: P | I52: Kawin | J52: Dasan Geres | K52: 30511 | L52: 1983 | M52: =2019-L52 -> 36 | N52: Islam | O52: Sasak | P52: Tamat SD/Sederajat | R52: Mengurus Rumah Tangga
D53: 46 | E53: Baiq Fadya Khumaira Sofandi | F53: Anak | G53: 520101 4404040001 | H53: P | I53: Belum kawin | J53: Dasan Geres | K53: 38081 | L53: 2004 | M53: =2019-L53 -> 15 | N53: Islam | O53: Sasak | P53: Belum Tamat SD/Sederajat | R53: Pelajar/Mahasiswa
D54: 47 | E54: Baiq Nauha Nada Sofandi | F54: Anak | G54: 520101 6410080001 | H54: P | I54: Belum kawin | J54: Gerung | K54: 39745 | L54: 2008 | M54: =2019-L54 -> 11 | N54: Islam | O54: Sasak | P54: Belum Tamat SD/Sederajat | R54: Pelajar/Mahasiswa
D55: 48 | E55: Baiq Farra Izzaty Atmi Sofandi Putri | F55: Anak | G55: 520101 5010150002 | H55: P | I55: Belum kawin | J55: Gerung | K55: 42287 | L55: 2015 | M55: =2019-L55 -> 4 | N55: Islam | O55: Sasak | P55: Tidak/Belum Sekolah | R55: Belum/Tidak Bekerja
B56: 12 | C56: 520101 0503082642 | D56: 49 | E56: Lalu Muhasim | F56: KK | G56: 520101 0107770280 | H56: L | I56: Kawin | J56: Dasan Geres | K56: 26664 | L56: 1972 | M56: =2019-L56 -> 47 | N56: Islam | O56: Sasak | P56: SLTP/Sederajat | R56: Wiraswasta
D57: 50 | E57: Baiq Muliati | F57: Istri | G57: 520101 5503851002 | H57: P | I57: Kawin | J57: Teluk Sepang | K57: 31121 | L57: 1985 | M57: =2019-L57 -> 34 | N57: Islam | O57: Sasak | P57: SLTP/Sederajat | R57: Mengurus Rumah Tangga
D58: 51 | E58: Lalu Aji Sasmi | F58: Anak | G58: 520101 2510011001 | H58: L | I58: Belum kawin | J58: Dasan Geres | K58: 37189 | L58: 2001 | M58: =2019-L58 -> 18 | N58: Islam | O58: Sasak | P58: Tamat SD/Sederajat | R58: Pelajar/Mahasiswa
D59: 52 | E59: Lalu Syarif Abdillah | F59: Anak | G59: 520101 1509080001 | H59: L | I59: Belum kawin | J59: Dasan Geres | K59: 39706 | L59: 2008 | M59: =2019-L59 -> 11 | N59: Islam | O59: Sasak | P59: Tidak/Belum Sekolah | R59: Belum/Tidak Bekerja
D60: 53 | E60: Lalu Ahmad Mabrur Al-Rafa | F60: Anak | G60: 520101 1410131001 | H60: L | I60: Belum kawin | J60: Dasan Geres | K60: 41561 | L60: 2013 | M60: =2019-L60 -> 6 | N60: Islam | O60: Sasak | P60: Tidak/Belum Sekolah | R60: Belum/Tidak Bekerja
B61: 13 | D61: 54 | E61: Lalu Hendra Katmiwijaya Stp | F61: KK | G61: 520101 3103860001 | H61: L | I61: Kawin | K61: 31502 | L61: 1986 | M61: =2019-L61 -> 33 | N61: Islam | O61: Sasak | P61: PT/Akademi | R61: Pegawai swasta
D62: 55 | E62: Lale Vera Silvia S.Tp | F62: Istri | G62: 520208 5409860002 | H62: P | I62: Kawin | K62: 31669 | L62: 1986 | M62: =2019-L62 -> 33 | N62: Islam | O62: Sasak | P62: PT/Akademi | R62: PNS/TNI/POLRI
B63: 14 | C63: 520101 0503082877 | D63: 56 | E63: Lalu Mardanus, A.md | F63: KK | G63: 520101 3112571006 | H63: L | I63: Kawin | J63: Dasan Geres | K63: 21185 | L63: 1957 | M63: =2019-L63 -> 62 | N63: Islam | O63: Sasak | P63: Akademi/DiplomaIII/S,MUDA | R63: Pensiunan
D64: 57 | E64: Baiq Nurhayati | F64: Istri | G64: 520101 6203610002 | H64: P | I64: Kawin | J64: Narmada | K64: 22362 | L64: 1961 | M64: =2019-L64 -> 58 | N64: Islam | O64: Sasak | P64: SLTA/Sederajat | R64: Pedagang
D65: 58 | E65: Lalu Muhammad Muhafizin Apria | F65: Anak | G65: 520101 3004980001 | H65: L | I65: Belum kawin | J65: Mataram | K65: 35915 | L65: 1998 | M65: =2019-L65 -> 21 | N65: Islam | O65: Sasak | P65: SLTA/Sederajat | R65: Pelajar/Mahasiswa
D66: 59 | E66: Baiq Senah | F66: Lain-lain | G66: 520101 7112480003 | H66: P | I66: Cerai Mati | J66: Dasan Geres | K66: 14245 | L66: 1938 | M66: =2019-L66 -> 81 | N66: Islam | O66: Sasak | P66: Tidak/Belum Sekolah | R66: Belum/Tidak Bekerja
D67: 60 | E67: Baiq Daini | F67: Lain-lain | G67: 520101 7112520002 | H67: P | I67: Belum kawin | J67: Narmada | K67: 19359 | L67: 1952 | M67: =2019-L67 -> 67 | N67: Islam | O67: Sasak | P67: Tamat SD/Sederajat | R67: Belum/Tidak Bekerja
B68: 15 | C68: 520101 0503083436 | D68: 61 | E68: Lalu Saepullah | F68: KK | G68: 520101 0107610092 | H68: L | I68: Kawin | J68: Dasan Geres | K68: 22463 | L68: 1961 | M68: =2019-L68 -> 58 | N68: Islam | O68: Sasak | P68: SLTP/Sederajat | R68: Wiraswasta
D69: 62 | E69: Baiq Ratnawati | F69: Istri | G69: 520101 4107640117 | H69: P | I69: Kawin | J69: Dasan Geres | K69: 23559 | L69: 1964 | M69: =2019-L69 -> 55 | N69: Islam | O69: Sasak | P69: SLTP/Sederajat | R69: Pedagang
D70: 63 | E70: L. Saepul Bahri | F70: Anak | G70: 520101 0107930283 | H70: L | I70: Belum kawin | J70: Pelulan | K70: 35064 | L70: 1995 | M70: =2019-L70 -> 24 | N70: Islam | O70: Sasak | P70: Tamat SD/Sederajat | R70: Wiraswasta
D71: 64 | E71: Baiq Yolanda Aprillia | F71: Anak | G71: 520101 5404980002 | H71: P | I71: Belum kawin | J71: Mataram | K71: 35899 | L71: 1998 | M71: =2019-L71 -> 21 | N71: Islama | O71: Sasak | P71: SLTA/Sederajat | R71: Karyawan Swasta
B72: 16 | C72: 520101 1506120020 | D72: 65 | E72: Lalu Ruli Saputra | F72: KK | G72: 520101 1703850003 | H72: L | I72: Kawin | J72: Pelulan | K72: 31123 | L72: 1995 | M72: =2019-L72 -> 24 | N72: Islam | O72: Sasak | P72: SLTP/Sederajat | R72: Wiraswasta
D73: 66 | E73: Baiq Faoziah | F73: Istri | G73: 520101 7112840135 | H73: P | I73: Kawin | J73: Labulie | K73: 31047 | L73: 1984 | M73: =2019-L73 -> 35 | N73: Islam | O73: Sasak | P73: SLTA/Sederajat | R73: Wiraswasta
D74: 67 | E74: Baiq Yeni Ariyanti | F74: Anak | G74: 520101 5201070002 | H74: P | I74: Belum kawin | J74: Labulie | K74: 39094 | L74: 2007 | M74: =2019-L74 -> 12 | N74: Islam | O74: Sasak | P74: Tidak/Belum Sekolah | R74: Belum/Tidak Bekerja
D75: 68 | E75: Baiq Yuna Septi Saputri | F75: Anak | G75: 520101 4109180003 | H75: P | I75: Belum kawin | J75: Dasan Geres | K75: 43344 | L75: 2018 | M75: =2019-L75 -> 1 | N75: Islam | O75: Sasak | P75: Tidak/Belum Sekolah | R75: Belum/Tidak Bekerja
B76: 17 | D76: 69 | E76: Lalu Alhak | F76: KK | G76: 520101 1003042002 | H76: L | I76: Kawin | K76: 26362 | L76: 1972 | M76: =2019-L76 -> 47 | N76: Islam | O76: Sasak | P76: SLTA/Sederajat | R76: Wiraswasta
D77: 70 | E77: Baiq Wahyuni Sufiatun | F77: Istri | G77: 520101 0603730001 | H77: P | I77: Kawin | K77: 27206 | L77: 1974 | M77: =2019-L77 -> 45 | N77: Islam | O77: Sasak | P77: SLTA/Sederajat | R77: PNS/TNI/POLRI
D78: 71 | E78: Lalu Bagus Akmasuan | F78: Anak | G78: 520101 0905980001 | H78: L | I78: Belum kawin | K78: 36043 | L78: 1998 | M78: =2019-L78 -> 21 | N78: Islam | O78: Sasak | P78: SLTP/Sederajat | R78: -
D79: 72 | E79: Lalu M.Fikri Ulhak | F79: Anak | G79: 520101 0909040002 | H79: L | I79: Belum kawin | K79: 38239 | L79: 2004 | M79: =2019-L79 -> 15 | N79: Islam | O79: Sasak | P79: - | R79: -
D80: 73 | E80: Baiq Anita Fatima Alhuaida | F80: Anak | G80: 520101 0905070001 | H80: P | I80: Belum kawin | K80: 39330 | L80: 2007 | M80: =2019-L80 -> 12 | N80: Islam | O80: Sasak | P80: - | R80: -
D81: 74 | E81: Baiq Annisa Qurrata A’yun | F81: Anak | H81: P | I81: Belum kawin | K81: 40609 | L81: 2011 | M81: =2019-L81 -> 8 | N81: Islam | O81: Sasak | P81: - | R81: -
B82: 18 | C82: 520101 0909120066 | D82: 75 | E82: Lalu Muhammad Affandi, SH.I | F82: KK | G82: 520101 3105810001 | H82: L | I82: Kawin | J82: Dasan Geres | K82: 29737 | L82: 1981 | M82: =2019-L82 -> 38 | N82: Islam | O82: Sasak | P82: Diploma IV/Strata I | R82: Karyawan Honorer
D83: 76 | E83: Nurlaely Romdayani, S. A.md | F83: Istri | G83: 520101 6807810001 | H83: P | I83: Kawin | J83: Selong | K83: 29795 | L83: 1981 | M83: =2019-L83 -> 38 | N83: Islam | O83: Sasak | P83: Akademi/DiplomaIII/S,MUDA | R83: Pegawai Negeri Sipil (PNS)
D84: 77 | E84: Lalu Helmy Aulia Alfarizi | F84: Anak | G84: 520101 1608090003 | H84: L | I84: Belum kawin | J84: Mataram | K84: 40041 | L84: 2009 | M84: =2019-L84 -> 10 | N84: Islam | O84: Sasak | P84: Tidak/Belum Sekolah | R84: Belum/Tidak Bekerja
D85: 78 | E85: Lalu Imam Maulana Rizki | F85: Anak | G85: 520101 1812131001 | H85: L | I85: Belum kawin | J85: Mataram | K85: 41626 | L85: 2013 | M85: =2019-L85 -> 6 | N85: Islam | O85: Sasak | P85: Tidak/Belum Sekolah | R85: Belum/Tidak Bekerja
B86: 19 | C86: 520101 1004120019 | D86: 79 | E86: Lalu Muhammad Yasin S.Pt | F86: KK | G86: 520101 0408830001 | H86: L | I86: Kawin | J86: Dasan Geres | K86: 30532 | L86: 1983 | M86: =2019-L86 -> 36 | N86: Islam | O86: Sasak | P86: Diploma IV/Strata I | R86: Wiraswasta
D87: 80 | E87: Baiq Rita Setiawati S.E | F87: Istri | G87: 520101 6804810001 | H87: P | I87: Kawin | J87: Gerung | K87: 29704 | L87: 1981 | M87: =2019-L87 -> 38 | N87: Islam | O87: Sasak | P87: Diploma IV/Strata I | R87: Pegawai Negeri Sipil (PNS)
D88: 81 | E88: Lalu Muhammad Azzam Zhafran | F88: Anak | G88: 520101 2803120001 | H88: L | I88: Belum kawin | J88: Mataram | K88: 40986 | L88: 2012 | M88: =2019-L88 -> 7 | N88: Islam | O88: Sasak | P88: Tidak/Belum Sekolah | R88: Belum/Tidak Bekerja
D89: 82 | E89: Lalu Muhammad Rafa Azka | F89: Anak | G89: 520101 1904170004 | H89: L | I89: Belum kawin | J89: Gerung | K89: 42844 | L89: 2017 | M89: =2019-L89 -> 2 | N89: Islam | O89: Sasak | P89: Tidak/Belum Sekolah | R89: Belum/Tidak Bekerja
B90: 20 | C90: 520101 0503083678 | D90: 83 | E90: Lalu Ilham | F90: KK | G90: 520101 0107730084 | H90: L | I90: Kawin | J90: Labulie | K90: 27029 | L90: 1973 | M90: =2019-L90 -> 46 | N90: Islam | O90: Sasak | P90: Tamat SD/Sederajat | R90: Wiraswasta
D91: 84 | E91: Baiq Kartisah | F91: Istri | G91: 520101 4107660157 | H91: P | I91: Kawin | J91: Dasan Geres | K91: 24472 | L91: 1966 | M91: =2019-L91 -> 53 | N91: Islam | O91: Sasak | P91: SLTA/Sederajat | R91: Pegawai Negeri Sipil (PNS)
D92: 85 | E92: Baiq Fadila Maulani | F92: Anak | G92: 520101 5103080001 | H92: P | I92: Belum kawin | J92: Mataram | K92: 39518 | L92: 2008 | M92: =2019-L92 -> 11 | N92: Islam | O92: Sasak | P92: Belum Tamat SD/Sederajat | R92: Pelajar/Mahasiswa
B93: 21 | C93: 520101 1103190001 | D93: 86 | E93: Lalu Murat | F93: KK | G93: 520101 3112500003 | H93: L | I93: Kawin | K93: 18628 | L93: 1950 | M93: =2019-L93 -> 69 | N93: Islam | O93: Sasak | P93: - | R93: Petani
D94: 87 | E94: Sinarah | F94: Istri | G94: 520101 7112510003 | H94: P | I94: Kawin | K94: 18993 | L94: 1951 | M94: =2019-L94 -> 68 | N94: Islam | O94: Sasak | P94: - | R94: Lainnya
D95: 88 | E95: Baiq Markincun | F95: Anak | G95: 520101 5903770001 | H95: P | I95: Belum kawin | K95: 28387 | L95: 1977 | M95: =2019-L95 -> 42 | N95: Islam | O95: Sasak | P95: SD/MI | R95: Pekerja lepas
D96: 89 | E96: Baiq Nurhasanah | F96: Orang Tua | G96: 520101 7112740030 | H96: P | I96: Cerai Hidup | J96: Dasan Geres | K96: 27394 | L96: 1974 | M96: =2019-L96 -> 45 | N96: Islam | O96: Sasak | P96: Tamat SD/Sederajat | R96: Wiraswasta
B97: 22 | C97: 520101 0503120023 | D97: 90 | E97: Lalu Mashuryadi | F97: KK | G97: 520101 3112850173 | H97: L | I97: Kawin | J97: Dasan Geres | K97: 28898 | L97: 1979 | M97: =2019-L97 -> 40 | N97: Islam | O97: Sasak | P97: SLTA/Sederajat | R97: Wiraswasta
D98: 91 | E98: Saminah | F98: Istri | G98: 520101 4706870003 | H98: P | I98: Kawin | J98: Benteng Lotim | K98: 31935 | L98: 1987 | M98: =2019-L98 -> 32 | N98: Islam | O98: Sasak | P98: Tamat SD/Sederajat | R98: Buruh Harian Lepas
D99: 92 | E99: Lalu Dimas Maulana | F99: Anak | G99: 520101 1410100001 | H99: L | I99: Belum kawin | J99: Benteng Lotim | K99: 40465 | L99: 2010 | M99: =2019-L99 -> 9 | N99: Islam | O99: Sasak | P99: Belum Tamat SD/Sederajat | R99: Pelajar/Mahasiswa
D100: 93 | E100: Baiq Maydina Wirantias | F100: Anak | G100: 520101 5805160001 | H100: P | I100: Belum kawin | J100: Gerung | K100: 42508 | L100: 2016 | M100: =2019-L100 -> 3 | N100: Islam | O100: Sasak | P100: Tidak/Belum Sekolah | R100: Belum/Tidak Bekerja
B101: 23 | D101: 94 | E101: Haji Abdul Wahid | F101: KK | G101: 520101 3112420003 | H101: L | I101: Kawin | K101: 15706 | L101: 1942 | M101: =2019-L101 -> 77 | N101: Islam | O101: Sasak | P101: SD/MI | R101: Petani
...

Sheet RT 4
B1: DATA INDUK PENDUDUK KELURAHAN DASAN GERES
B2: TAHUN 2019
B3: LINGKUNGAN DASAN GERES TENGAH
B4: RT 04
B5: No | C5: Nomor KK | D5: Jumlah Jiwa | E5: Nama Lengkap/panggilan | F5: Kedudukan dalam Keluarga | G5: NIK | H5: Jenis Kelamin (L/P) | I5: Status Perkawinan | J5: Lahir | M5: Usia | N5: Agama | O5: Etnis | P5: Pendidikan | Q5: Jurusan | R5: Pekerjaan
J6: Tempat | K6: Tanggal | L6: Tahun
B8: 1 | C8: 520101 0503083804 | D8: 1 | E8: Dirawi | F8: KK | G8: 520101 0107490065 | H8: L | I8: Kawin | J8: Dasan Geres Tengah | K8: 18080 | L8: 1949 | M8: =2019-L8 -> 70 | N8: Islam | O8: Sasak | P8: Tidak/Belum Sekolah | R8: Buruh Tani/Perkebunan
D9: 2 | E9: Nuriah | F9: Istri | G9: 520101 4107530092 | H9: P | I9: Kawin | J9: Dasan Geres Tengah | K9: 19541 | L9: 1953 | M9: =2019-L9 -> 66 | N9: Islam | O9: Sasak | P9: Tidak/Belum Sekolah | R9: Buruh Tani/Perkebunan
D10: 3 | E10: Raodah | F10: Anak | G10: 520101 7112800438 | H10: P | I10: Cerai Hidup | J10: Dasan Geres | K10: 29586 | L10: 1980 | M10: =2019-L10 -> 39 | N10: Islam | O10: Sasak | P10: Tidak/Belum Sekolah | R10: Pedagang
D11: 4 | E11: Yuda Saputra | F11: Cucu | G11: 520101 0107050283 | H11: L | I11: Belum kawin | J11: Dasan Geres Tengah | K11: 38534 | L11: 2005 | M11: =2019-L11 -> 14 | N11: Islam | O11: Sasak | P11: Tidak/Belum Sekolah | R11: Belum/Tidak Bekerja
B12: 2 | C12: 520101 2404120013 | D12: 5 | E12: Iwan | F12: KK | G12: 520101 1208810002 | H12: L | I12: Kawin | J12: Dasan Geres Tengah | K12: 29810 | L12: 1981 | M12: =2019-L12 -> 38 | N12: Islam | O12: Sasak | P12: Tamat SD/Sederajat | R12: Buruh Tani/Perkebunan
D13: 6 | E13: Sakmah | F13: Istri | G13: 520101 7112880131 | H13: P | I13: Kawin | J13: Dasan Geres Tengah | K13: 32508 | L13: 1988 | M13: =2019-L13 -> 31 | N13: Islam | O13: Sasak | P13: Tamat SD/Sederajat | R13: Mengurus Rumah Tangga
D14: 7 | E14: Sucilawati | F14: Anak | G14: 520101 5008110001 | H14: P | I14: Belum kawin | J14: Gerung | K14: 40765 | L14: 2011 | M14: =2019-L14 -> 8 | N14: Islam | O14: Sasak | P14: Tidak/Belum Sekolah | R14: Belum/Tidak Bekerja
B15: 3 | C15: 520101 2705111342 | D15: 8 | E15: H. Zainudin | F15: KK | G15: 520101 0107650449 | H15: L | I15: Kawin | J15: Dasan Geres | K15: 23924 | L15: 1965 | M15: =2019-L15 -> 54 | N15: Islam | O15: Sasak | P15: Tamat SD/Sederajat | R15: Petani/Pekebun
D16: 9 | E16: Hj. Siti Jamilah | F16: Istri | G16: 520101 4107700609 | H16: P | I16: Kawin | J16: Dasan Geres | K16: 22252 | L16: 1960 | M16: =2019-L16 -> 59 | N16: Islam | O16: Sasak | P16: Tamat SD/Sederajat | R16: Pedagang
D17: 10 | E17: Azrin Hadi | F17: Anak | G17: 520101 1708870001 | H17: L | I17: Belum kawin | J17: Dasan Geres | K17: 32006 | L17: 1987 | M17: =2019-L17 -> 32 | N17: Islam | O17: Sasak | P17: SLTA/Sederajat | R17: Belum/Tidak Bekerja
D18: 11 | E18: Saihul Muttaqin | F18: Anak | G18: 520101 0205030001 | H18: L | I18: Belum kawin | J18: Dasan Geres | K18: 37743 | L18: 2003 | M18: =2019-L18 -> 16 | N18: Islam | O18: Sasak | P18: SLTP/Sederajat | R18: Pelajar/Mahasiswa
D19: 12 | E19: Husnul Yakin | F19: Anak | G19: 520101 0205030002 | H19: L | I19: Belum kawin | J19: Dasan Geres | K19: 37743 | L19: 2003 | M19: =2019-L19 -> 16 | N19: Islam | O19: Sasak | P19: SLTP/Sederajat | R19: Pelajar/Mahasiswa
B20: 4 | D20: 13 | E20: Hajjah Halimah | F20: KK | H20: P | I20: Janda | K20: 13149 | L20: 1935 | M20: =2019-L20 -> 84 | N20: Islam | O20: Sasak | P20: - | R20: Lainnya
B21: 5 | C21: 520101 1404141018 | D21: 14 | E21: Azwar Hamid | F21: KK | G21: 520101 2101840001 | H21: L | I21: Kawin | J21: Dasan Geres | K21: 34355 | L21: 1994 | M21: =2019-L21 -> 25 | N21: Islam | O21: Sasak | P21: SLTA/Sederajat | R21: Karyawan Honorer
D22: 15 | E22: Maznil Azmi | F22: Istri | G22: 520101 4107890267 | H22: P | I22: Kawin | J22: Mesanggok | K22: 32873 | L22: 1989 | M22: =2019-L22 -> 30 | N22: Islam | O22: Sasak | P22: SLTP/Sederajat | R22: Belum/Tidak Bekerja
D23: 16 | E23: Alifa Hibatillah | F23: Anak | G23: 520101 4704150001 | H23: P | I23: Belum kawin | J23: Dasan Geres | K23: 42101 | L23: 2015 | M23: =2019-L23 -> 4 | N23: Islam | O23: Sasak | P23: Tidak/Belum Sekolah | R23: Belum/Tidak Bekerja
D24: 17 | E24: Lutfi Hidayat | F24: Anak | G24: 520101 0512180001 | H24: L | I24: Belum kawin | J24: Dasan Geres | K24: 43439 | L24: 2018 | M24: =2019-L24 -> 1 | N24: Islam | O24: Sasak | P24: Tidak/Belum Sekolah | R24: Belum/Tidak Bekerja
D25: 18 | E25: Amni | F25: Famili Lain | G25: 520101 4107640124 | H25: P | I25: Belum kawin | J25: Dasan Geres Tengah | K25: 23559 | L25: 1964 | M25: =2019-L25 -> 55 | N25: Islam | O25: Sasak | P25: Tidak/Belum Sekolah | R25: Buruh Tani/Perkebunan
B26: 6 | C26: 520101 1208150013 | D26: 19 | E26: Satimah | F26: KK | G26: 520101 4107560106 | H26: P | I26: Cerai Mati | J26: Dasan Geres Tengah | K26: 20637 | L26: 1956 | M26: =2019-L26 -> 63 | N26: Islam | O26: Sasak | P26: Tidak/Belum Sekolah | R26: Buruh Harian Lepas
B27: 7 | D27: 20 | E27: Maryam | F27: KK | G27: 520101 7112650040 | H27: P | I27: Janda | J27: Dasan Geres | K27: 24107 | L27: 1965 | M27: =2019-L27 -> 54 | N27: Islam | O27: Sasak | P27: Tamat SD/Sederajat | R27: Buruh Harian Lepas
D28: 21 | E28: Hambali | F28: Anak | G28: 520101 3112940007 | H28: L | I28: Belum kawin | J28: Dasan Geres | K28: 34699 | L28: 1994 | M28: =2019-L28 -> 25 | N28: Islam | O28: Sasak | P28: Tamat SD/Sederajat | R28: Buruh Harian Lepas
D29: 22 | E29: Muhammad Taufik | F29: Anak | G29: 520101 3112970002 | H29: L | I29: Belum kawin | J29: Dasan Geres | K29: 35795 | L29: 1997 | M29: =2019-L29 -> 22 | N29: Islam | O29: Sasak | P29: Tamat SD/Sederajat | R29: Buruh Harian Lepas
D30: 23 | E30: Marwan | F30: Anak | G30: 520101 3110390002 | H30: L | I30: Belum kawin | J30: Dasan Geres | K30: 32963 | L30: 1990 | M30: =2019-L30 -> 29 | N30: Islam | O30: Sasak | P30: Tamat SD/Sederajat | R30: Buruh Harian Lepas
B31: 8 | C31: 520101 1011090029 | D31: 24 | E31: Muh Nasir | F31: KK | G31: 520101 3112650002 | H31: L | I31: Kawin | J31: Dasan Geres | K31: 23376 | L31: 1963 | M31: =2019-L31 -> 56 | N31: Islam | O31: Sasak | P31: Tamat SD/Sederajat | R31: Buruh Harian Lepas
D32: 25 | E32: Rafiah | F32: Istri | G32: 520101 7112710003 | H32: P | I32: Kawin | J32: Dasan Geres | K32: 26298 | L32: 1971 | M32: =2019-L32 -> 48 | N32: Islam | O32: Sasak | P32: Tamat SD/Sederajat | R32: Buruh Harian Lepas
D33: 26 | E33: Mahsun | F33: Anak | G33: 520101 1301880001 | H33: L | I33: Belum kawin | J33: Dasan Geres | K33: 32155 | L33: 1988 | M33: =2019-L33 -> 31 | N33: Islam | O33: Sasak | P33: SLTP/Sederajat | R33: Pelajar/Mahasiswa
D34: 27 | E34: Abdurrahman | F34: Anak | G34: 520101 0605970001 | H34: L | I34: Belum kawin | J34: Dasan Geres | K34: 35556 | L34: 1997 | M34: =2019-L34 -> 22 | N34: Islam | O34: Sasak | P34: Tamat SD/Sederajat | R34: Pelajar/Mahasiswa
D35: 28 | E35: Miftahul Janah | F35: Anak | G35: 520101 4101080001 | H35: P | I35: Belum kawin | J35: Dasan Geres | K35: 37622 | L35: 2003 | M35: =2019-L35 -> 16 | N35: Islam | O35: Sasak | P35: Tidak/Belum Sekolah | R35: Belum/Tidak Bekerja
B36: 9 | D36: 29 | E36: Badrun | F36: KK | G36: 520101 3112580000 | H36: L | I36: Kawin | K36: 21550 | L36: 1958 | M36: =2019-L36 -> 61 | N36: Islam | O36: Sasak | P36: SD/MI | R36: Wirswasta
D37: 30 | E37: Baiq Suliah | F37: Istri | G37: 520101 7112610000 | H37: P | I37: Kawin | K37: 22646 | L37: 1961 | M37: =2019-L37 -> 58 | N37: Islam | O37: Sasak | P37: SD/MI | R37: Lainnya
D38: 31 | E38: Sahirudin | F38: Anak | G38: 520101 0612880001 | H38: P | I38: Belum kawin | K38: 31575 | L38: 1986 | M38: =2019-L38 -> 33 | N38: Islam | O38: Sasak | P38: SLTP/MTSN | R38: Pekerja lepas
D39: 32 | E39: Ahmad Dani Usman | F39: Anak | G39: 520101 2810030001 | H39: L | I39: Belum kawin | K39: 37922 | L39: 2003 | M39: =2019-L39 -> 16 | N39: Islam | O39: Sasak | P39: - | R39: -
B40: 10 | C40: 520101 0503083797 | D40: 33 | E40: Halil | F40: KK | G40: 520101 1508781001 | H40: L | I40: Kawin | J40: Dasan Geres Tengah | K40: 28717 | L40: 1978 | M40: =2019-L40 -> 41 | N40: Islam | O40: Sasak | P40: Tamat SD/Sederajat | R40: Wiraswasta
D41: 34 | E41: Nurasiah | F41: Istri | G41: 520101 5208831001 | H41: P | I41: Kawin | J41: Tanjung Gunung | K41: 30540 | L41: 1983 | M41: =2019-L41 -> 36 | N41: Islam | O41: Sasak | P41: Tamat SD/Sederajat | R41: Wiraswasta
D42: 35 | E42: Musniawati | F42: Anak | G42: 520101 5005011001 | H42: P | I42: Belum kawin | J42: Dasan Geres Tengah | K42: 37021 | L42: 2001 | M42: =2019-L42 -> 18 | N42: Islam | O42: Sasak | P42: Tamat SD/Sederajat | R42: Pelajar/Mahasiswa
D43: 36 | E43: Riskawati | F43: Anak | G43: 520101 5212051001 | H43: P | I43: Belum kawin | J43: Dasan Geres Tengah | K43: 38698 | L43: 2005 | M43: =2019-L43 -> 14 | N43: Islam | O43: Sasak | P43: Belum Tamat SD/Sederajat | R43: Pelajar/Mahasiswa
B44: 11 | C44: 520101 0503083794 | D44: 37 | E44: Diwi | F44: KK | G44: 520101 0107480096 | H44: L | I44: Kawin | J44: Dasan Geres Tengah | K44: 17715 | L44: 1948 | M44: =2019-L44 -> 71 | N44: Islam | O44: Sasak | P44: Tidak/Belum Sekolah | R44: Buruh Tani/Perkebunan
D45: 38 | E45: Rinayu | F45: Istri | G45: 520101 4107560098 | H45: P | I45: Kawin | J45: Dasan Geres Tengah | K45: 20637 | L45: 1956 | M45: =2019-L45 -> 63 | N45: Islam | O45: Sasak | P45: Tidak/Belum Sekolah | R45: Mengurus Rumah Tangga
B46: 12 | C46: 520101 1909080016 | D46: 39 | E46: Muhammad Saleh | F46: KK | G46: 520101 0911770001 | H46: L | I46: Cerai Hidup | J46: Dasan Geres | K46: 28438 | L46: 1977 | M46: =2019-L46 -> 42 | N46: Islam | O46: Sasak | P46: Tamat SD/Sederajat | R46: Petani/Pekebun
D47: 40 | E47: Abdullah | F47: Anak | G47: 520101 0808910001 | H47: L | I47: Belum kawin | J47: Dasan Geres | K47: 33458 | L47: 1991 | M47: =2019-L47 -> 28 | N47: Islam | O47: Sasak | P47: SLTA/Sederajat | R47: Pelajar/Mahasiswa
D48: 41 | E48: Jalaludin | F48: Anak | G48: 520101 2802930001 | H48: L | I48: Belum kawin | J48: Dasan Geres | K48: 34028 | L48: 1993 | M48: =2019-L48 -> 26 | N48: Islam | O48: Sasak | P48: SLTP/Sederajat | R48: Pelajar/Mahasiswa
D49: 42 | E49: Imah | F49: Lain-lain | G49: 520101 7112430003 | H49: P | I49: Belum kawin | J49: Dasan Geres | K49: 16071 | L49: 1943 | M49: =2019-L49 -> 76 | N49: Islam | O49: Sasak | P49: Tamat SD/Sederajat | R49: Petani/Pekebun
B50: 13 | C50: 520101 0503083809 | D50: 43 | E50: Fawan | F50: KK | G50: 520101 0107740146 | H50: L | I50: Kawin | J50: Dasan Geres | K50: 27211 | L50: 1974 | M50: =2019-L50 -> 45 | N50: Islam | O50: Sasak | P50: Tidak/Belum Sekolah | R50: Buruh Harian Lepas
D51: 44 | E51: Siti Rohani | F51: Istri | G51: 520101 7112890233 | H51: P | I51: Kawin | J51: Teluk Sepang | K51: 32873 | L51: 1989 | M51: =2019-L51 -> 30 | N51: Islam | O51: Sasak | P51: Tamat SD/Sederajat | R51: Buruh Harian Lepas
D52: 45 | E52: Irwandi Pratama | F52: Anak | G52: 520101 2008080003 | H52: L | I52: Belum kawin | J52: Dasan Geres | K52: 40045 | L52: 2009 | M52: =2019-L52 -> 10 | N52: Islam | O52: Sasak | P52: Tidak/Belum Sekolah | R52: Belum/Tidak Bekerja
D53: 46 | E53: Tiara Putriawan | F53: Anak | G53: 520101 6411130003 | H53: P | I53: Belum kawin | J53: Dasan Geres | K53: 41592 | L53: 2013 | M53: =2019-L53 -> 6 | N53: Islam | O53: Sasak | P53: Tidak/Belum Sekolah | R53: Belum/Tidak Bekerja
D54: 47 | E54: Sabyan Nabila Putriawan | F54: Anak | G54: 520101 6702190001 | H54: P | I54: Belum kawin | J54: Dasan Geres | K54: 43523 | L54: 2019 | M54: =2019-L54 -> 0 | N54: Islam | O54: Sasak | P54: Tidak/Belum Sekolah | R54: Belum/Tidak Bekerja
B55: 14 | D55: 48 | E55: Lalu Imron | F55: KK | G55: 520101 0101910007 | H55: L | I55: Kawin | K55: 33239 | L55: 1991 | M55: =2019-L55 -> 28 | N55: Islam | O55: Sasak | P55: SLTP/MTSN | R55: Wiraswasta
D56: 49 | E56: Siti Maysaroh | F56: Istri | G56: 520101 7112880151 | H56: P | I56: Kawin | K56: 36160 | L56: 1998 | M56: =2019-L56 -> 21 | N56: Islam | O56: Sasak | P56: SLTA/MA | R56: Lainnya
D57: 50 | E57: Baiq Latifa Marwa | F57: Anak | H57: P | I57: Belum kawin | K57: 41455 | L57: 2013 | M57: =2019-L57 -> 6 | N57: Islam | O57: Sasak | P57: - | R57: -
B58: 15 | C58: 520101 0512120001 | D58: 51 | E58: Lalu Rangga Lawe | F58: KK | G58: 520101 0101910006 | H58: L | I58: Kawin | J58: Dasan Geres | K58: 33239 | L58: 1991 | M58: =2019-L58 -> 28 | N58: Islam | O58: Sasak | P58: Tamat SD/Sederajat | R58: Wiraswasta
D59: 52 | E59: Eka Suryani | F59: Istri | G59: 520101 7112930033 | H59: P | I59: Kawin | J59: Luwuk | K59: 34334 | L59: 1993 | M59: =2019-L59 -> 26 | N59: Islam | O59: Sasak | P59: Tamat SD/Sederajat | R59: Mengurus Rumah Tangga
D60: 53 | E60: Lalu Sila Anti Kalara | F60: Anak | G60: 520101 5111120001 | H60: P | I60: Belum kawin | J60: Dasan Geres | K60: 41224 | L60: 2012 | M60: =2019-L60 -> 7 | N60: Islam | O60: Sasak | P60: Tidak/Belum Sekolah | R60: Belum/Tidak Bekerja
B61: 16 | C61: 520101 0503082853 | D61: 54 | E61: Lalu Saparudin | F61: KK | G61: 520101 1508730002 | H61: L | I61: Kawin | J61: Dasan Geres | K61: 26526 | L61: 1972 | M61: =2019-L61 -> 47 | N61: Islam | O61: Sasak | P61: Tamat SD/Sederajat | R61: Petani/Pekebun
D62: 55 | E62: Baiq Saniah | F62: Istri | G62: 520101 4107750141 | H62: P | I62: Kawin | J62: Kuripan | K62: 27576 | L62: 1975 | M62: =2019-L62 -> 44 | N62: Islam | O62: Sasak | P62: Tamat SD/Sederajat | R62: Mengurus Rumah Tangga
D63: 56 | E63: Lalu Sutriyaman | F63: Anak | G63: 520101 1003980002 | H63: L | I63: Belum kawin | J63: Dasan Geres | K63: 35925 | L63: 1998 | M63: =2019-L63 -> 21 | N63: Islam | O63: Sasak | P63: SLTA/Sederajat | R63: Pelajar/Mahasiswa
D64: 57 | E64: Baiq Yunita Ababil | F64: Anak | G64: 520101 5403030004 | H64: P | I64: Belum kawin | J64: Dasan Geres | K64: 37694 | L64: 2003 | M64: =2019-L64 -> 16 | N64: Islam | O64: Sasak | P64: Belum Tamat SD/Sederajat | R64: Pelajar/Mahasiswa
B65: 17 | C65: 520101 2908180008 | D65: 58 | E65: Lalu Hartawan | F65: KK | G65: 520101 0505940002 | H65: L | I65: Kawin | J65: Dasan Geres | K65: 34459 | L65: 1994 | M65: =2019-L65 -> 25 | N65: Islam | O65: Sasak | P65: SLTA/Sederajat | R65: Wiraswasta
D66: 59 | E66: Retno Vraditha Febry Amzani | F66: Istri | G66: 271103 6302939005 | H66: P | I66: Kawin | J66: Mataram | K66: 34023 | L66: 1993 | M66: =2019-L66 -> 26 | N66: Islam | O66: Sasak | P66: SLTA/Sederajat | R66: Wiraswasta
D67: 60 | E67: Zulhardi Al Bahari Amzani | F67: Anak | G67: 527105 2310120005 | H67: L | I67: Belum kawin | J67: Batam | K67: 41205 | L67: 2012 | M67: =2019-L67 -> 7 | N67: Islam | O67: Sasak | P67: Tidak/Belum Sekolah | R67: Belum/Tidak Bekerja
B68: 18 | C68: 520101 1009120053 | D68: 61 | E68: Lalu Kamarudin | F68: KK | G68: 520101 0910750005 | H68: L | I68: Kawin | J68: Dasan Geres Tengah | K68: 27676 | L68: 1975 | M68: =2019-L68 -> 44 | N68: Islam | O68: Sasak | P68: Tamat SD/Sederajat | R68: Wiraswasta
D69: 62 | E69: Muslimah | F69: Istri | G69: 520101 4107890073 | H69: P | I69: Kawin | J69: Gubuk Baru | K69: 32690 | L69: 1989 | M69: =2019-L69 -> 30 | N69: Islam | O69: Sasak | P69: Tamat SD/Sederajat | R69: Buruh Harian Lepas
D70: 63 | E70: Lalu M.Ismail | F70: Anak | G70: 520101 2012070001 | H70: L | I70: Belum kawin | J70: Dasan Geres Tengah | K70: 39436 | L70: 2007 | M70: =2019-L70 -> 12 | N70: Islam | O70: Sasak | P70: Belum Tamat SD/Sederajat | R70: Pelajar/Mahasiswa
D71: 64 | E71: Lalu M.Danil Asrap | F71: Anak | G71: 520101 1609140002 | H71: L | I71: Belum kawin | J71: Dasan Geres Tengah | K71: 41898 | L71: 2014 | M71: =2019-L71 -> 5 | N71: Islam | O71: Sasak | P71: Tidak/Belum Sekolah | R71: Belum/Tidak Bekerja
B72: 19 | C72: 520101 0503082858 | D72: 65 | E72: Lalu Sahdan Gunawan | F72: KK | G72: 520101 0107710108 | H72: L | I72: Kawin | J72: Dasan Geres | K72: 26115 | L72: 1971 | M72: =2019-L72 -> 48 | N72: Islam | O72: Sasak | P72: Tidak/Belum Sekolah | R72: Petani/Pekebun
D73: 66 | E73: Baiq Ayulan | F73: Istri | G73: 520101 4107770560 | H73: P | I73: Kawin | J73: Kuripan | K73: 28307 | L73: 1977 | M73: =2019-L73 -> 42 | N73: Islam | O73: Sasak | P73: Tamat SD/Sederajat | R73: Petani/Pekebun
D74: 67 | E74: Lalu Saufi | F74: Anak | G74: 520101 2301961001 | H74: L | I74: Belum kawin | J74: Dasan Geres Tengah | K74: 35087 | L74: 1996 | M74: =2019-L74 -> 23 | N74: Islam | O74: Sasak | P74: Tamat SD/Sederajat | R74: Belum/Tidak Bekerja
D75: 68 | E75: Lalu Apriadi Sutikno | F75: Anak | G75: 520101 0103071001 | H75: L | I75: Belum kawin | J75: Dasan Geres tengah | K75: 36951 | L75: 2001 | M75: =2019-L75 -> 18 | N75: Islam | O75: Sasak | P75: Belum Tamat SD/Sederajat | R75: Pelajar/Mahasiswa
D76: 69 | E76: Lalu Radian Aprizal | F76: Anak | G76: 520101 2004170004 | H76: L | I76: Belum kawin | J76: Dasan Geres | K76: 42845 | L76: 2017 | M76: =2019-L76 -> 2 | N76: Islam | O76: Sasak | P76: Tidak/Belum Sekolah | R76: Belum/Tidak Bekerja
B77: 20 | C77: 520101 0503082540 | D77: 70 | E77: Saharudin | F77: KK | G77: 520101 3112610068 | H77: L | I77: Cerai Mati | J77: Dasan Geres | K77: 19359 | L77: 1952 | M77: =2019-L77 -> 67 | N77: Islam | O77: Sasak | P77: Tidak/Belum Sekolah | R77: Buruh Harian Lepas
D78: 71 | E78: Salbiah | F78: Anak | G78: 520101 8312830001 | H78: P | I78: Cerai Hidup | J78: Dasan Geres | K78: 30673 | L78: 1983 | M78: =2019-L78 -> 36 | N78: Islam | O78: Sasak | P78: SLTA/Sederajat | R78: Mengurus Rumah Tangga
D79: 72 | E79: Salikin | F79: Anak | G79: 520101 0406920001 | H79: L | I79: Belum kawin | J79: Dasan Geres | K79: 33617 | L79: 1992 | M79: =2019-L79 -> 27 | N79: Islam | O79: Sasak | P79: SLTA/Sederajat | R79: Pelajar/Mahasiswa
D80: 73 | E80: Helmi Hatam Jayadi | F80: Anak | G80: 520101 1007940001 | H80: L | I80: Belum kawin | J80: Dasan Geres Tengah | K80: 34230 | L80: 1993 | M80: =2019-L80 -> 26 | N80: Islam | O80: Sasak | P80: SLTA/Sederajat | R80: Buruh Harian Lepas
D81: 74 | E81: Khaeratunnisa | F81: Cucu | G81: 520101 7001140001 | H81: P | I81: Belum kawin | J81: Beleke | K81: 41669 | L81: 2014 | M81: =2019-L81 -> 5 | N81: Islam | O81: Sasak | P81: Tidak/Belum Sekolah | R81: Belum/Tidak Bekerja
B82: 21 | C82: 520101 0703110077 | D82: 75 | E82: Muhammad Satarudin | F82: KK | G82: 520101 2006890001 | H82: L | I82: Kawin | J82: Dasan Geres Tengah | K82: 32679 | L82: 1989 | M82: =2019-L82 -> 30 | N82: Islam | O82: Sasak | P82: Tamat SD/Sederajat | R82: Wiraswasta
D83: 76 | E83: Mainah | F83: Istri | G83: 520101 7105870001 | H83: P | I83: Kawin | J83: Pesanggrahan | K83: 31928 | L83: 1987 | M83: =2019-L83 -> 32 | N83: Islam | O83: Sasak | P83: Tamat SD/Sederajat | R83: Wiraswasta
D84: 77 | E84: Muhammad Bahtiar | F84: Anak | G84: 520101 0406100001 | H84: L | I84: Belum kawin | J84: Dasan Geres Tengah | K84: 40333 | L84: 2010 | M84: =2019-L84 -> 9 | N84: Islam | O84: Sasak | P84: Tidak/Belum Sekolah | R84: Belum/Tidak Bekerja
D85: 78 | E85: Jumiatin Suhada | F85: Anak | G85: 520101 4404140001 | H85: P | I85: Belum kawin | J85: Dasan Geres Tengah | K85: 41733 | L85: 2014 | M85: =2019-L85 -> 5 | N85: Islam | O85: Sasak | P85: Tidak/Belum Sekolah | R85: Belum/Tidak Bekerja
B86: 22 | D86: 79 | E86: Muhammad Sukri | F86: KK | G86: 520101 3112880004 | H86: L | I86: Kawin | K86: 32142 | L86: 1987 | M86: =2019-L86 -> 32 | N86: Islam | O86: Sasak | P86: SLTA/MA | R86: Pekerja lepas
D87: 80 | E87: Amiyana | F87: Istri | H87: P | I87: Kawin | K87: 32149 | L87: 1988 | M87: =2019-L87 -> 31 | N87: Islam | O87: Sasak | P87: SLTA/MA | R87: Lainnya
D88: 81 | E88: Moh Haikal Hakiki | F88: Anak | H88: L | I88: Belum kawin | K88: 41365 | L88: 2013 | M88: =2019-L88 -> 6 | N88: Islam | O88: Sasak | P88: - | R88: -
D89: 82 | E89: Ibrahim Nawafsa | F89: Anak | H89: L | I89: Belum kawin | K89: 41939 | L89: 2014 | M89: =2019-L89 -> 5 | N89: Islam | O89: Sasak | P89: - | R89: -
B90: 23 | C90: 520101 1009120051 | D90: 83 | E90: Abdurrahim | F90: KK | G90: 520101 3112790170 | H90: L | I90: Kawin | J90: Dasan Geres Tengah | K90: 29220 | L90: 1979 | M90: =2019-L90 -> 40 | N90: Islam | O90: Sasak | P90: SLTP/Sederajat | R90: Industri
D91: 84 | E91: Yuliana | F91: Istri | G91: 520101 4307860001 | H91: P | I91: Kawin | J91: Padang | K91: 31596 | L91: 1986 | M91: =2019-L91 -> 33 | N91: Islam | O91: Sasak | P91: Tamat SD/Sederajat | R91: Mengurus Rumah Tangga
D92: 85 | E92: Ahmad Faturrahman | F92: Anak | G92: 520101 0405070005 | H92: L | I92: Belum kawin | J92: Dasan Geres Tengah | K92: 39206 | L92: 2007 | M92: =2019-L92 -> 12 | N92: Islam | O92: Sasak | P92: Belum Tamat SD/Sederajat | R92: Belum/Tidak Bekerja
D93: 86 | E93: Muhammad Safarrizman | F93: Anak | G93: 520101 0102090001 | H93: L | I93: Belum kawin | J93: Dasan Geres Tengah | K93: 39845 | L93: 2009 | M93: =2019-L93 -> 10 | N93: Islam | O93: Sasak | P93: Belum Tamat SD/Sederajat | R93: Belum/Tidak Bekerja
B94: 24 | C94: 520101 0503082872 | D94: 87 | E94: Lalu Galih | F94: KK | G94: 520101 0107590117 | H94: L | I94: Kawin | J94: Dasan Geres | K94: 24289 | L94: 1966 | M94: =2019-L94 -> 53 | N94: Islam | O94: Sasak | P94: Belum Tamat SD/Sederajat | R94: Wiraswasta
D95: 88 | E95: Rakmah | F95: Istri | G95: 520101 7112630003 | H95: P | I95: Kawin | J95: Dasan Geres | K95: 24472 | L95: 1966 | M95: =2019-L95 -> 53 | N95: Islam | O95: Sasak | P95: Tamat SD/Sederajat | R95: Buruh Tani/Perkebunan
D96: 89 | E96: Lalu Wildan | F96: Anak | G96: 520101 0504110005 | H96: L | I96: Belum kawin | J96: Selegong | K96: 40638 | L96: 2011 | M96: =2019-L96 -> 8 | N96: Islam | O96: Sasak | P96: Tidak/Belum Sekolah | R96: Belum/Tidak Bekerja
B97: 25 | C97: 520101 0503082875 | D97: 90 | E97: Ahmad | F97: KK | G97: 520101 3112780079 | H97: L | I97: Kawin | J97: Dasan Geres | K97: 29228 | L97: 1980 | M97: =2019-L97 -> 39 | N97: Islam | O97: Sasak | P97: Tamat SD/Sederajat | R97: Buruh Harian Lepas
D98: 91 | E98: Mardiah | F98: Istri | G98: 520101 7112780077 | H98: P | I98: Kawin | J98: Dasan Geres | K98: 31412 | L98: 1985 | M98: =2019-L98 -> 34 | N98: Islam | O98: Sasak | P98: Tamat SD/Sederajat | R98: Mengurus Rumah Tangga
D99: 92 | E99: Martina | F99: Anak | G99: 520101 4910970002 | H99: P | I99: Belum kawin | J99: Dasan Geres | K99: 35712 | L99: 1997 | M99: =2019-L99 -> 22 | N99: Islam | O99: Sasak | P99: Belum Tamat SD/Sederajat | R99: Pelajar/Mahasiswa
D100: 93 | E100: Arigunawan | F100: Anak | G100: 520101 1510030001 | H100: L | I100: Belum kawin | J100: Dasan Geres | K100: 37909 | L100: 2003 | M100: =2019-L100 -> 16 | N100: Islam | O100: Sasak | P100: Belum Tamat SD/Sederajat | R100: Pelajar/Mahasiswa
D101: 94 | E101: Nadia Salsabila Putri | F101: Famili Lain | G101: 520101 4709120001 | H101: P | I101: Belum kawin | J101: Dasan Geres | K101: 41159 | L101: 2012 | M101: =2019-L101 -> 7 | N101: Islam | O101: Sasak | P101: Tidak/Belum Sekolah | R101: Belum/Tidak Bekerja
...

Sheet Sheet1
A1: 64 | C1: 225
A2: 62 | C2: 203
A3: 33 | C3: 138
A4: 51 | C4: 197
A5: =SUM(A1:A4) -> 210 | C5: =SUM(C1:C4) -> 763

Sheet Meninggal
A5: 45 | C5: 163 | D5: Haji Munawar | E5: KK | F5: 520101 3112470040 | G5: L | H5: Kawin | I5: 31-12-1947 | M5: Islam | O5: SD/MI | Q5: Pedagang | X5: RT 1
A6: 50 | B6: Tauhid | C6: Lain-lain | D6: 0 | E6: L | F6: Belum kawin | G6: 31-12-1968 | K6: Islam | M6: SD/MI | N6: Pekerja lepas | X6: RT 2
D7: Markan Ramadan | E7: Anak | F7: - | G7: L | H7: Belum kawin | I7: Dasan Geres Tengah | J7: 0 | K7: 0 | L7: =2019-K7 -> 2019 | M7: Islam | N7: Sasak | O7: - | P7: Wiraswasta
C8: 72 | D8: Jawariyah | E8: Lain-lain | F8: 520101 4107610067 | G8: P | H8: Kawin | I8: 31-12-1961 | L8: =2019-K8 -> 2019 | M8: Islam | O8: SD/MI | P8: Lainnya
A9: 59 | C9: 193 | D9: Lalu Wirantana | E9: KK | F9: 520101 0000710003 | G9: L | H9: Kawin | I9: 31-12-1971 | L9: =2019-K9 -> 2019 | M9: Islam | O9: SLTA/Sederajat | P9: PNS/TNI/POLRI
A10: 53 | C10: 165 | D10: Mahyam | E10: KK | F10: 0 | G10: P | H10: Janda | I10: 31-12-1980 | L10: =2019-K10 -> 2019 | M10: Islam | O10: Tamat SD/Sederajat | P10: Pekerja lepas
C11: 124 | D11: Baiq Faoziah | E11: Lain-lain | F11: 0 | G11: P | H11: Janda | J11: 31-12-1972 | L11: =2019-K11 -> 2019 | M11: Islam | N11: Sasak | O11: SLTA/MA | Q11: Pekerja lepas
C12: 139 | D12: Inaq Sitah | E12: Lain-lain | F12: 520101 7112370003 | G12: P | H12: Janda | J12: 31-12-1937 | L12: =2019-K12 -> 2019 | M12: Islam | N12: Sasak | O12: -
C13: 90 | D13: Hajjah Raodah | E13: Lain-lain | F13: 0 | G13: P | H13: Janda | J13: 14617 | L13: =2019-K13 -> 2019 | M13: Islam | N13: Sasak | O13: - | Q13: -

Sheet kawin
C5: 193 | D5: Maria Ulfa | E5: Anak | F5: 520101 6801970001 | G5: P | H5: Belum kawin | I5: 28-01-1997 | M5: Islam | O5: SLTA/MA | Q5: -
C6: 180 | D6: Muriah | E6: Anak | F6: 520101 4107850178 | G6: P | H6: Kawin | I6: 31-12-1988 | M6: Islam | O6: SLTP/MTSN | P6: -
C7: 118 | D7: Raehanah | E7: Anak | F7: 520101 4806910001 | G7: P | H7: Belum kawin | I7: 33455 | M7: Islam | O7: SLTA/MA | Q7: -
C8: 115 | D8: Fatimatuzzakrah | E8: Anak | F8: 520101 4203940001 | G8: P | H8: Belum kawin | J8: 34368 | M8: Islam | O8: SLTA/Sederajat | Q8: -
D9: Muh. Dian Saputra | E9: Anak | F9: 5201010403000002 | G9: L | H9: Belum Kawin | I9: Dasan Geres | J9: 43528 | K9: 2000 | L9: =2019-K9 -> 19 | M9: Islam | N9: Sasak | O9: SLTP/Sederajat | Q9: Pelajar/Mahasiswa
C10: 139 | D10: Zuryati | E10: Anak | F10: 520101 6807880002 | G10: P | H10: Kawin | I10: 28-07-1988 | L10: =2019-K10 -> 2019 | M10: Islam | O10: SLTA/Sederajat | P10: Lainnya
C11: 26 | D11: Wirasari | E11: Anak | F11: 0 | G11: P | H11: Janda | I11: 33976 | L11: =2019-K11 -> 2019 | M11: Islam | O11: SLTP/Sederajat | P11: Wiraswasta
C12: 198 | D12: Munisah | E12: Anak | F12: 520101 1106850001 | G12: L | H12: Belum kawin | I12: 31357 | L12: =2019-K12 -> 2019 | M12: Islam | O12: SLTA/Sederajat | P12: Wiraswasta
C13: 133 | D13: Siti Hadijah | E13: Anak | F13: 520101 4503940004 | G13: P | H13: Belum kawin | I13: 34457 | L13: =2019-K13 -> 2019 | M13: Islam | O13: SLTP/Sederajat | P13: Wiraswasta
C14: 56 | D14: Lalu Ambar Pusaka | E14: Anak | F14: 5201011307910003 | G14: L | H14: Belum kawin | I14: Dasan Geres | J14: 43659 | K14: 1991 | L14: =2019-K14 -> 28 | M14: Islam | N14: Sasak | O14: SLTA/Sederajat | Q14: Pelajar/Mahasiswa
C15: 161 | D15: Baiq Rahman Wahyuni | E15: Anak | F15: 520101 5408961001 | G15: P | H15: Belum kawin | J15: 14-08-1996 | L15: =2019-K15 -> 2019 | M15: Islam | N15: Sasak | O15: SLTP/MTSN | Q15: -
C16: 152 | D16: Baiq Muslehaini | E16: Anak | F16: 0 | G16: P | H16: Janda | J16: 31-12-1982 | L16: =2019-K16 -> 2019 | M16: Islam | N16: Sasak | O16: SLTA/Sederajat | Q16: Pekerja lepas
C17: 100 | D17: Muhasan | E17: Anak | F17: 520101 1003820001 | G17: L | H17: Belum kawin | J17: 30227 | L17: =2019-K17 -> 2019 | M17: Islam | N17: Sasak | O17: SLTA/MA | Q17: Pekerja lepas
C18: 114 | D18: Mawarni S.Pd | E18: Anak | F18: 520101 4107890389 | G18: P | H18: Belum kawin | J18: 31879 | L18: =2019-K18 -> 2019 | M18: Islam | N18: Sasak | O18: PT/Akademi | Q18: Pegawai swasta
C19: 115 | D19: Saean | E19: Anak | F19: 520101 1012920008 | G19: L | H19: Belum kawin | J19: 34619 | L19: =2019-K19 -> 2019 | M19: Islam | N19: Sasak | O19: SLTA/MA | Q19: -
C20: 119 | D20: Ahmad Habibi | E20: Anak | F20: 520101 1905840001 | G20: L | H20: Belum kawin | J20: 19-05-1984 | L20: =2019-K20 -> 2019 | M20: Islam | N20: Sasak | O20: PT/Akademi | Q20: Pekerja lepas

Sheet pindah keluar
A1: No | B1: NO. KK | C1: No Urut | D1: Nama | E1: Status Dalam Keluarga | F1: NIK | G1: Jenis Kelamin | H1: Status Perkawinan | I1: Lahir | M1: Agama | N1: Etnis | O1: Pendidikan | P1: Jurusan | Q1: Pekerjaan | R1: Cacat | T1: Ada/Tidak
I2: Tempat | J2: Tanggal | K2: Tahun | L2: Umur | R2: Memntal | S2: Fisik | T2: KTP/KIA | U2: Buku Nikah | V2: Akte Kelahiran
C3: 224 | D3: Maesarah | E3: Lain-lain | F3: 0 | G3: P | H3: Janda | J3: 18635 | M3: Islam | O3: - | Q3: -
C4: 225 | D4: Mustajab | E4: Lain-lain | F4: 0 | G4: L | H4: Belum kawin | J4: 29227 | M4: Islam | O4: SLTP/MTSN | Q4: -
C5: 222 | D5: Angga Julianto | E5: Lain-lain | F5: 0 | G5: L | H5: Belum kawin | J5: 37659 | L5: =2019-K5 -> 2019 | M5: Islam | O5: - | Q5: -
C6: 143 | D6: M Rizki Aditiya | E6: Lain-lain | F6: 0 | G6: L | H6: Belum kawin | I6: 41458 | L6: =2019-K6 -> 2019 | M6: Islam | O6: - | P6: -
C7: 62 | D7: Lalu Kukuh | E7: Lain-lain | F7: 0 | G7: L | H7: Belum kawin | J7: 36898 | L7: =2019-K7 -> 2019 | M7: Islam | N7: Sasak | O7: SD/MI | Q7: -
