Workbook

Sheet Rekap
B2: REKAP DATA PENDUDUK
B3: LINGKUNGAN DASAN GERES TIMUR
B4: RT | C4: Jumlah Penduduk | E4: Total | F4: Jumlah KK | H4: Total | I4: Jumlah Duda / Janda | K4: Total | L4: Jumlah Lansia ( =>60 ) | N4: Total
C5: L | D5: P | F5: L | G5: P | I5: L | J5: P | L5: L | M5: P
B6: RT 1 | C6: =COUNTIF('RT 01'!$H$8:$H$244,"L") -> 112 | D6: =COUNTIF('RT 01'!$H$8:$H$244,"P") -> 124 | E6: =SUM(C6:D6) -> 236 | F6: =COUNTIFS('RT 01'!$F$8:$F$244,"KK",'RT 01'!$H$8:$H$244,"L") -> 61 | G6: =COUNTIFS('RT 01'!$F$8:$F$244,"KK",'RT 01'!$H$8:$H$244,"P") -> 10 | H6: =SUM(F6:G6) -> 71 | I6: =COUNTIFS('RT 01'!$I$8:$I$244,"Cerai Mati",'RT 01'!$H$8:$H$244,"L")+COUNTIFS('RT 01'!$I$8:$I$244,"Cerai Hidup",'RT 01'!$H$8:$H$244,"L")+COUNTIFS('RT 01'!$I$8:$I$244,"Duda",'RT 01'!$H$8:$H$244,"L") -> 6 | J6: =COUNTIFS('RT 01'!$I$8:$I$244,"Cerai Mati",'RT 01'!$H$8:$H$244,"P")+COUNTIFS('RT 01'!$I$8:$I$244,"Cerai Hidup",'RT 01'!$H$8:$H$244,"P")+COUNTIFS('RT 01'!$I$8:$I$244,"Janda",'RT 01'!$H$8:$H$244,"P") -> 13 | K6: =SUM(I6:J6) -> 19 | L6: 12 | M6: 13 | N6: =SUM(L6:M6) -> 25
B7: RT 2 | C7: =COUNTIF('RT 02'!$H$8:$H$184,"L") -> 83 | D7: =COUNTIF('RT 02'!$H$8:$H$184,"P") -> 94 | E7: =SUM(C7:D7) -> 177 | F7: =COUNTIFS('RT 02'!$F$8:$F$184,"KK",'RT 02'!$H$8:$H$184,"L") -> 37 | G7: =COUNTIFS('RT 02'!$F$8:$F$184,"KK",'RT 02'!$H$8:$H$184,"P") -> 11 | H7: =SUM(F7:G7) -> 48 | I7: =COUNTIFS('RT 02'!$I$8:$I$184,"Cerai Mati",'RT 02'!$H$8:$H$184,"L")+COUNTIFS('RT 02'!$I$8:$I$184,"Cerai Hidup",'RT 02'!$H$8:$H$184,"L")+COUNTIFS('RT 02'!$I$8:$I$184,"Duda",'RT 02'!$H$8:$H$184,"L") -> 5 | J7: =COUNTIFS('RT 02'!$I$8:$I$184,"Cerai Mati",'RT 02'!$H$8:$H$184,"P")+COUNTIFS('RT 02'!$I$8:$I$184,"Cerai Hidup",'RT 02'!$H$8:$H$184,"P")+COUNTIFS('RT 02'!$I$8:$I$184,"Janda",'RT 02'!$H$8:$H$184,"P") -> 10 | K7: =SUM(I7:J7) -> 15 | L7: 6 | M7: 10 | N7: =SUM(L7:M7) -> 16
B8: RT 3 | C8: =COUNTIF('RT 03'!$H$8:$H$161,"L") -> 70 | D8: =COUNTIF('RT 03'!$H$8:$H$161,"P") -> 84 | E8: =SUM(C8:D8) -> 154 | F8: =COUNTIFS('RT 03'!$F$8:$F$161,"KK",'RT 03'!$H$8:$H$161,"L") -> 36 | G8: =COUNTIFS('RT 03'!$F$8:$F$161,"KK",'RT 03'!$H$8:$H$161,"P") -> 7 | H8: =SUM(F8:G8) -> 43 | I8: =COUNTIFS('RT 03'!$I$8:$I$161,"Cerai Mati",'RT 03'!$H$8:$H$161,"L")+COUNTIFS('RT 03'!$I$8:$I$161,"Cerai Hidup",'RT 03'!$H$8:$H$161,"L")+COUNTIFS('RT 03'!$I$8:$I$161,"Duda",'RT 03'!$H$8:$H$161,"L") -> 1 | J8: =COUNTIFS('RT 03'!$I$8:$I$161,"Cerai Mati",'RT 03'!$H$8:$H$161,"P")+COUNTIFS('RT 03'!$I$8:$I$161,"Cerai Hidup",'RT 03'!$H$8:$H$161,"P")+COUNTIFS('RT 03'!$I$8:$I$161,"Janda",'RT 03'!$H$8:$H$161,"P") -> 9 | K8: =SUM(I8:J8) -> 10 | L8: 6 | M8: 5 | N8: =SUM(L8:M8) -> 11
B9: RT 4 | C9: =COUNTIF('RT 04'!$H$8:$H$266,"L") -> 128 | D9: =COUNTIF('RT 04'!$H$8:$H$266,"P") -> 131 | E9: =SUM(C9:D9) -> 259 | F9: =COUNTIFS('RT 04'!$F$8:$F$266,"KK",'RT 04'!$H$8:$H$266,"L") -> 66 | G9: =COUNTIFS('RT 04'!$F$8:$F$266,"KK",'RT 04'!$H$8:$H$266,"P") -> 12 | H9: =SUM(F9:G9) -> 78 | I9: =COUNTIFS('RT 04'!$I$8:$I$266,"Cerai Mati",'RT 04'!$H$8:$H$266,"L")+COUNTIFS('RT 04'!$I$8:$I$266,"Cerai Hidup",'RT 04'!$H$8:$H$266,"L")+COUNTIFS('RT 04'!$I$8:$I$266,"Duda",'RT 04'!$H$8:$H$266,"L") -> 1 | J9: =COUNTIFS('RT 04'!$I$8:$I$266,"Cerai Mati",'RT 04'!$H$8:$H$266,"P")+COUNTIFS('RT 04'!$I$8:$I$266,"Cerai Hidup",'RT 04'!$H$8:$H$266,"P")+COUNTIFS('RT 04'!$I$8:$I$266,"Janda",'RT 04'!$H$8:$H$266,"P") -> 16 | K9: =SUM(I9:J9) -> 17 | L9: 8 | M9: 7 | N9: =SUM(L9:M9) -> 15
B10: JUMLAH TOTAL | C10: =SUM(C6:C9) -> 393 | D10: =SUM(D6:D9) -> 433 | E10: =SUM(E6:E9) -> 826 | F10: =SUM(F6:F9) -> 200 | G10: =SUM(G6:G9) -> 40 | H10: =SUM(H6:H9) -> 240 | I10: =SUM(I6:I9) -> 13 | J10: =SUM(J6:J9) -> 48 | ... N10: =SUM(N6:N9) -> 67
C14: Mengetahui
C15: Lurah Dasan Geres | K15: Kepala Lingkungan
C19: Hulaifi, S.H. | K19: Muh. Saleh
C20: NIP. 19841231 201101 1 023

Sheet RT 01
B1: DATA INDUK PENDUDUK KELURAHAN DASAN GERES
B2: TAHUN 2019
B3: LINGKUNGAN DASAN GERES TIMUR
B4: RT 01
B5: No | C5: Nomor KK | D5: Jumlah Jiwa | E5: Nama Lengkap/ Panggilan | F5: Kedudukan dalam Keluarga | G5: NIK | H5: Jenis Kelamin (L/P) | I5: Status Perkawinan | J5: Lahir | M5: Usia | N5: Agama | O5: Etnis | P5: Pendidikan Terakhir | Q5: Jurusan | R5: Pekerjaan
J6: Tempat | K6: Tanggal | L6: Tahun
B8: 1 | C8: 520101 0809120035 | D8: 1 | E8: Nasrudin | F8: KK | G8: 520101 0312730001 | H8: L | I8: Kawin | J8: DASAN GERES | K8: 27001 | L8: 1973 | M8: =2019-L8 -> 46 | N8: Islam | O8: Sasak | P8: TAMAT SD/SEDERAJAT | R8: Pedagang
D9: 2 | E9: Sahmin | F9: Istri | G9: 520101 6203840002 | H9: P | I9: Kawin | J9: DASAN GERES | K9: 30764 | L9: 1984 | M9: =2019-L9 -> 35 | N9: Islam | O9: Sasak | P9: TAMAT SD/SEDERAJAT | R9: Mengurus Rumah Tangga
D10: 3 | E10: Endang Widiawati | F10: Anak | G10: 520101 4107020036 | H10: P | I10: Belum kawin | J10: DASAN GERES | K10: 37615 | L10: 2002 | M10: =2019-L10 -> 17 | N10: Islam | O10: Sasak | P10: SLTP/SEDERAJAT | R10: Pelajar / Mahasiswa
D11: 4 | E11: Salsa Nova Maulia | F11: Anak | G11: 520101 6011170001 | H11: P | I11: Belum kawin | J11: DASAN GERES TIMUR | K11: 43059 | L11: 2017 | M11: =2019-L11 -> 2 | N11: Islam | O11: Sasak | P11: TIDAK/BELUM SEKOLAH | R11: Belum / Tidak Bekerja
B12: 2 | C12: 520101 1803141002 | D12: 5 | E12: Adi Darma | F12: KK | G12: 520101 0107930279 | H12: L | I12: Kawin | J12: DASAN GERES | K12: 34523 | L12: 1994 | M12: =2019-L12 -> 25 | N12: Islam | O12: Sasak | P12: SLTP/SEDERAJAT | R12: Buruh Harian Lepas
D13: 6 | E13: Mariani | F13: Istri | G13: 520113 5604950003 | H13: P | I13: Kawin | J13: SERUMBUNG | K13: 34805 | L13: 1995 | M13: =2019-L13 -> 24 | N13: Islam | O13: Sasak | P13: SLTP/SEDERAJAT | R13: Mengurus Rumah Tangga
D14: 7 | E14: Yusuf Jayadi | F14: Anak | G14: 520101 1908131002 | H14: L | I14: Belum kawin | J14: DASAN GERES | K14: 41505 | L14: 2013 | M14: =2019-L14 -> 6 | N14: Islam | O14: Sasak | P14: TIDAK/BELUM SEKOLAH | R14: Belum / Tidak Bekerja
B15: 3 | C15: 520101 0503083193 | D15: 8 | E15: Suparlan | F15: KK | G15: 520101 3112810124 | H15: L | I15: Kawin | J15: DASAN GERES TIMUR | K15: 29220 | L15: 1979 | M15: =2019-L15 -> 40 | N15: Islam | O15: Sasak | P15: TAMAT SD/SEDERAJAT | R15: Buruh Harian Lepas
D16: 9 | E16: Murini | F16: Istri | G16: 520101 7112900119 | H16: P | I16: Kawin | J16: TEMPOS | K16: 30681 | L16: 1983 | M16: =2019-L16 -> 36 | N16: Islam | O16: Sasak | P16: TAMAT SD/SEDERAJAT | R16: Petani / Pekebun
D17: 10 | E17: Rizal | F17: Anak | G17: 520101 0305040005 | H17: L | I17: Belum kawin | J17: DASAN GERES TIMUR | K17: 38110 | L17: 2004 | M17: =2019-L17 -> 15 | N17: Islam | O17: Sasak | P17: BELUM TAMAT SD/SEDERAJAT | R17: Pelajar / Mahasiswa
D18: 11 | E18: Riska Dewi Yanti | F18: Anak | G18: 520101 5807060001 | H18: P | I18: Belum kawin | J18: DASAN GERES TIMUR | K18: 38815 | L18: 2006 | M18: =2019-L18 -> 13 | N18: Islam | O18: Sasak | P18: TIDAK/BELUM SEKOLAH | R18: Belum / Tidak Bekerja
D19: 12 | E19: Rizka | F19: Anak | G19: 520101 5907080002 | H19: P | I19: Belum kawin | J19: DASAN GERES TIMUR | K19: 39546 | L19: 2008 | M19: =2019-L19 -> 11 | N19: Islam | O19: Sasak | P19: TIDAK/BELUM SEKOLAH | R19: Belum / Tidak Bekerja
D20: 13 | E20: Johari | F20: Anak | G20: 520101 0804100001 | H20: L | I20: Belum kawin | J20: DASAN GERES TIMUR | K20: 40377 | L20: 2010 | M20: =2019-L20 -> 9 | N20: Islam | O20: Sasak | P20: TIDAK/BELUM SEKOLAH | R20: Belum / Tidak Bekerja
B21: 4 | C21: 520101 2206100033 | D21: 14 | E21: Samsiah | F21: KK | G21: 520101 3112780058 | H21: L | I21: Kawin | J21: DASAN GERES TENGAH | K21: 28855 | L21: 1978 | M21: =2019-L21 -> 41 | N21: Islam | O21: Sasak | P21: SLTA/SEDERAJAT | R21: Wiraswasta
D22: 15 | E22: Samsuriyah | F22: Istri | G22: 520101 7112790084 | H22: P | I22: Kawin | J22: TEMPOS | K22: 29220 | L22: 1979 | M22: =2019-L22 -> 40 | N22: Islam | O22: Sasak | P22: SLTA/SEDERAJAT | R22: Wiraswasta
D23: 16 | E23: Moh. Sahril | F23: Anak | G23: 520101 0505040001 | H23: L | I23: Belum kawin | J23: DASAN GERES TIMUR | K23: 38112 | L23: 2004 | M23: =2019-L23 -> 15 | N23: Islam | O23: Sasak | P23: TIDAK/BELUM SEKOLAH | R23: Belum / Tidak Bekerja
B24: 5 | C24: 520101 0503083158 | D24: 17 | E24: Samsudin | F24: KK | G24: 520101 0107800469 | H24: L | I24: Kawin | J24: DASAN GERES | K24: 27759 | L24: 1975 | M24: =2019-L24 -> 44 | N24: Islam | O24: Sasak | P24: BELUM TAMAT SD/SEDERAJAT | R24: Buruh Harian Lepas
D25: 18 | E25: Sarinah | F25: Istri | G25: 520101 7112820037 | H25: P | I25: Kawin | J25: DASAN GERES | K25: 30316 | L25: 1982 | M25: =2019-L25 -> 37 | N25: Islam | O25: Sasak | P25: TAMAT SD/SEDERAJAT | R25: Mengurus Rumah Tangga
D26: 19 | E26: Jahratul Sita | F26: Anak | G26: 520101 4108060003 | H26: P | I26: Belum kawin | J26: DASAN GERES | K26: 39661 | L26: 2008 | M26: =2019-L26 -> 11 | N26: Islam | O26: Sasak | P26: TAMAT SD/SEDERAJAT | R26: Pelajar / Mahasiswa
D27: 20 | E27: Muhamad Jainul Ilmi | F27: Anak | G27: 520101 1210100002 | H27: L | I27: Belum kawin | J27: DASAN GERES | K27: 40463 | L27: 2010 | M27: =2019-L27 -> 9 | N27: Islam | O27: Sasak | P27: TIDAK/BELUM SEKOLAH | R27: Belum / Tidak Bekerja
D28: 21 | E28: Muzakki | F28: Anak | G28: 520101 2803130002 | H28: L | I28: Belum kawin | J28: DASAN GERES | K28: 41361 | L28: 2013 | M28: =2019-L28 -> 6 | N28: Islam | O28: Sasak | P28: TIDAK/BELUM SEKOLAH | R28: Belum / Tidak Bekerja
B29: 6 | C29: 520101 0703110151 | D29: 22 | E29: Amenah | F29: KK | G29: 520101 0107690395 | H29: P | I29: Cerai Hidup | J29: DASAN GERES TIMUR | K29: 19359 | L29: 1952 | M29: =2019-L29 -> 67 | N29: Islam | O29: Sasak | P29: TIDAK/BELUM SEKOLAH | R29: Buruh Tani / Perkebunan
D30: 23 | E30: Rusnan | F30: Anak | G30: 520101 1209900001 | H30: L | I30: Belum kawin | J30: DASAN GERES TIMUR | K30: 33128 | L30: 1990 | M30: =2019-L30 -> 29 | N30: Islam | O30: Sasak | P30: SLTP/SEDERAJAT | R30: Wiraswasta
D31: 24 | E31: Siti Soleha | F31: Anak | G31: 520101 4101940004 | H31: P | I31: Belum kawin | J31: DASAN GERES TIMUR | K31: 34335 | L31: 1994 | M31: =2019-L31 -> 25 | N31: Islam | O31: Sasak | P31: SLTP/SEDERAJAT | R31: Wiraswasta
B32: 7 | C32: 520101 2302110013 | D32: 25 | E32: Sahar | F32: KK | G32: 520101 1908750004 | H32: L | I32: Kawin | J32: DASAN GERES TENGAH | K32: 27625 | L32: 1975 | M32: =2019-L32 -> 44 | N32: Islam | O32: Sasak | P32: TAMAT SD/SEDERAJAT | R32: Wiraswasta
D33: 26 | E33: Maemunah | F33: Istri | G33: 520101 6911780001 | H33: P | I33: Kawin | J33: DASAN GERES TENGAH | K33: 28823 | L33: 1978 | M33: =2019-L33 -> 41 | N33: Islam | O33: Sasak | P33: TAMAT SD/SEDERAJAT | R33: Mengurus Rumah Tangga
D34: 27 | E34: Muhamad Sahid Mahmud | F34: Anak | G34: 520101 1908980001 | H34: L | I34: Belum kawin | J34: DASAN GERES TENGAH | K34: 36016 | L34: 1998 | M34: =2019-L34 -> 21 | N34: Islam | O34: Sasak | P34: SLTA/SEDERAJAT | R34: Pelajar / Mahasiswa
D35: 28 | E35: M. Harpujarrin | F35: Anak | G35: 520101 2904010002 | H35: L | I35: Belum kawin | J35: DASAN GERES | K35: 37010 | L35: 2001 | M35: =2019-L35 -> 18 | N35: Islam | O35: Sasak | P35: TAMAT SD/SEDERAJAT | R35: Pelajar / Mahasiswa
D36: 29 | E36: Unduan Lestari | F36: Anak | G36: 520101 4511080002 | H36: P | I36: Belum kawin | J36: DASAN GERES | K36: 39757 | L36: 2008 | M36: =2019-L36 -> 11 | N36: Islam | O36: Sasak | P36: BELUM TAMAT SD/SEDERAJAT | R36: Pelajar / Mahasiswa
D37: 30 | E37: Muhammad Panduan Aguna | F37: Anak | G37: 520101 2008140004 | H37: L | I37: Belum kawin | J37: DASAN GERES | K37: 41871 | L37: 2014 | M37: =2019-L37 -> 5 | N37: Islam | O37: Sasak | P37: TIDAK/BELUM SEKOLAH | R37: Belum / Tidak Bekerja
B38: 8 | C38: 520101 0703110209 | D38: 31 | E38: Ramli | F38: KK | G38: 520101 0201910003 | H38: L | I38: Kawin | J38: DASAN GERES TIMUR | K38: 33240 | L38: 1991 | M38: =2019-L38 -> 28 | N38: Islam | O38: Sasak | P38: SLTP/SEDERAJAT | R38: Buruh Harian Lepas
D39: 32 | E39: Nurhayati | F39: Istri | G39: 520101 7001930001 | H39: P | I39: Kawin | J39: DASAN GERES TIMUR | K39: 33614 | L39: 1992 | M39: =2019-L39 -> 27 | N39: Islam | O39: Sasak | P39: TAMAT SD/SEDERAJAT | R39: Mengurus Rumah Tangga
D40: 33 | E40: Muammad Ali Januardi | F40: Anak | G40: 520101 0901110002 | H40: L | I40: Belum kawin | J40: DASAN GERES | K40: 40552 | L40: 2011 | M40: =2019-L40 -> 8 | N40: Islam | O40: Sasak | P40: TIDAK/BELUM SEKOLAH | R40: Belum / Tidak Bekerja
B41: 9 | C41: 520101 0503083118 | D41: 34 | E41: Naharudin | F41: KK | G41: 520101 0107610121 | H41: L | I41: Kawin | J41: DASAN GERES | K41: 22463 | L41: 1961 | M41: =2019-L41 -> 58 | N41: Islam | O41: Sasak | P41: TAMAT SD/SEDERAJAT | R41: Buruh Harian Lepas
D42: 35 | E42: Jumini | F42: Istri | G42: 520101 4107650355 | H42: P | I42: Kawin | J42: DASAN GERES | K42: 23924 | L42: 1965 | M42: =2019-L42 -> 54 | N42: Islam | O42: Sasak | P42: BELUM TAMAT SD/SEDERAJAT | R42: Mengurus Rumah Tangga
B43: 10 | C43: 520101 0703110261 | D43: 36 | E43: Mahsun | F43: KK | G43: 520101 0107830284 | H43: L | I43: Kawin | J43: DASAN GERES TIMUR | K43: 30498 | L43: 1983 | M43: =2019-L43 -> 36 | N43: Islam | O43: Sasak | P43: SLTP/SEDERAJAT | R43: Wiraswasta
D44: 37 | E44: Halimah | F44: Istri | G44: 520101 4107850545 | H44: P | I44: Kawin | J44: DASAN GERES TIMUR | K44: 31229 | L44: 1985 | M44: =2019-L44 -> 34 | N44: Islam | O44: Sasak | P44: SLTP/SEDERAJAT | R44: Mengurus Rumah Tangga
D45: 38 | E45: Erma Delin | F45: Anak | G45: 520101 5402090001 | H45: P | I45: Belum kawin | J45: DASAN GERES TIMUR | K45: 39858 | L45: 2009 | M45: =2019-L45 -> 10 | N45: Islam | O45: Sasak | P45: BELUM TAMAT SD/SEDERAJAT | R45: Belum / Tidak Bekerja
D46: 39 | E46: Muhamad Azka Setiawan | F46: Anak | G46: 520101 2609140001 | H46: L | I46: Belum kawin | J46: DASAN GERES TIMUR | K46: 41908 | L46: 2014 | M46: =2019-L46 -> 5 | N46: Islam | O46: Sasak | P46: TIDAK/BELUM SEKOLAH | R46: Belum / Tidak Bekerja
B47: 11 | C47: 520101 0503083186 | D47: 40 | E47: Rade | F47: KK | G47: 520101 0107480138 | H47: L | I47: Kawin | J47: DASAN GERES TIMUR | K47: 17715 | L47: 1948 | M47: =2019-L47 -> 71 | N47: Islam | O47: Sasak | P47: TIDAK/BELUM SEKOLAH | R47: Buruh Harian Lepas
D48: 41 | E48: Sahmin | F48: Istri | G48: 520101 4107570530 | H48: P | I48: Kawin | J48: DASAN GERES TIMUR | K48: 21002 | L48: 1957 | M48: =2019-L48 -> 62 | N48: Islam | O48: Sasak | P48: TIDAK/BELUM SEKOLAH | R48: Buruh Harian Lepas
D49: 42 | E49: Purniati | F49: Anak | G49: 520101 5212920002 | H49: P | I49: Belum kawin | J49: DASAN GERES TIMUR | K49: 29567 | L49: 1980 | M49: =2019-L49 -> 39 | N49: Islam | O49: Sasak | P49: TAMAT SD/SEDERAJAT | R49: Belum / Tidak Bekerja
D50: 43 | E50: Sahrul Hidayat | F50: Anak | G50: 520101 1004980001 | H50: L | I50: Belum kawin | J50: DASAN GERES | K50: 35562 | L50: 1997 | M50: =2019-L50 -> 22 | N50: Islam | O50: Sasak | P50: SLTP/SEDERAJAT | R50: Pelajar / Mahasiswa
B51: 12 | C51: 520101 0703110133 | D51: 44 | E51: H. Imron | F51: KK | G51: 520101 0107860336 | H51: L | I51: Kawin | J51: DASAN GERES TIMUR | K51: 31777 | L51: 1986 | M51: =2019-L51 -> 33 | N51: Islam | O51: Sasak | P51: SLTA/SEDERAJAT | R51: Petani / Pekebun
D52: 45 | E52: Nur Hasanah | F52: Istri | G52: 520101 4107890311 | H52: P | I52: Kawin | J52: AIK ARE, UBUNG | K52: 32690 | L52: 1989 | M52: =2019-L52 -> 30 | N52: Islam | O52: Sasak | P52: SLTA/SEDERAJAT | R52: Mengurus Rumah Tangga
D53: 46 | E53: Sabrina Kania Putri | F53: Anak | G53: 520101 6803110004 | H53: P | I53: Belum kawin | J53: GERUNG | K53: 40630 | L53: 2011 | M53: =2019-L53 -> 8 | N53: Islam | O53: Sasak | P53: TIDAK/BELUM SEKOLAH | R53: Belum / Tidak Bekerja
D54: 47 | E54: Dinda Zulaikha Putri | F54: Anak | G54: 520101 5605170001 | H54: P | I54: Belum kawin | J54: DASAN GERES TIMUR | K54: 42871 | L54: 2017 | M54: =2019-L54 -> 2 | N54: Islam | O54: Sasak | P54: TIDAK/BELUM SEKOLAH | R54: Belum / Tidak Bekerja
B55: 13 | D55: 48 | E55: Sahir | F55: KK | G55: 520101 2004102122 | H55: L | I55: Kawin | K55: 28318 | L55: 1977 | M55: =2019-L55 -> 42 | N55: Islam | P55: -
D56: 49 | E56: Raknah | F56: Istri | H56: P | I56: Kawin | K56: 31717 | L56: 1986 | M56: =2019-L56 -> 33 | N56: Islam | P56: -
D57: 50 | E57: Murni | F57: Anak | H57: L | I57: Belum kawin | K57: 38018 | L57: 2004 | M57: =2019-L57 -> 15 | N57: Islam | P57: -
B58: 14 | D58: 51 | E58: Nursimah | F58: KK | H58: P | I58: Janda | K58: 23448 | L58: 1964 | M58: =2019-L58 -> 55 | N58: Islam | P58: -
B59: 15 | C59: 520101 0703110165 | D59: 52 | E59: Sahrim | F59: KK | G59: 520101 0107630273 | H59: L | I59: Kawin | J59: DASAN GERES TIMUR | K59: 23193 | L59: 1963 | M59: =2019-L59 -> 56 | N59: Islam | O59: Sasak | P59: TIDAK/BELUM SEKOLAH | R59: Petani / Pekebun
D60: 53 | E60: Nurhasanah | F60: Istri | G60: 520101 4107690414 | H60: P | I60: Kawin | J60: DASAN GERES TIMUR | K60: 25385 | L60: 1969 | M60: =2019-L60 -> 50 | N60: Islam | O60: Sasak | P60: BELUM TAMAT SD/SEDERAJAT | R60: Petani / Pekebun
D61: 54 | E61: Hernawati | F61: Anak | G61: 520101 6407940003 | H61: P | I61: Belum kawin | J61: DASAN GERES TIMUR | K61: 34539 | L61: 1994 | M61: =2019-L61 -> 25 | N61: Islam | O61: Sasak | P61: SLTP/SEDERAJAT | R61: Pelajar / Mahasiswa
B62: 16 | C62: 520101 003110150 | D62: 55 | E62: Suheriyanto | F62: KK | G62: 520101 0605900001 | H62: L | I62: Kawin | J62: DASAN GERES TENGAH | K62: 33364 | L62: 1991 | M62: =2019-L62 -> 28 | N62: Islam | O62: Sasak | P62: SLTP/SEDERAJAT | R62: Tukang Kayu
D63: 56 | E63: Ummi Salamah | F63: Isri | G63: 520101 4107880389 | H63: P | I63: Kawin | J63: LONGSERAN | K63: 32325 | L63: 1988 | M63: =2019-L63 -> 31 | N63: Islam | O63: Sasak | P63: TIDAK/BELUM SEKOLAH | R63: Buruh Harian Lepas
B64: 17 | D64: 57 | E64: Kamiludin | F64: KK | G64: 520101 0504750004 | H64: L | I64: Kawin | J64: DASAN GERES TENGAH | K64: 27576 | L64: 1975 | M64: =2019-L64 -> 44 | N64: Islam | O64: Sasak | P64: TAMAT SD/SEDERAJAT | R64: Buruh Harian Lepas
D65: 58 | E65: Nurhayati | F65: Istri | G65: 520101 5112790003 | H65: P | I65: Kawin | J65: TEMPOS | K65: 26846 | L65: 1973 | M65: =2019-L65 -> 46 | N65: Islam | O65: Sasak | P65: TIDAK TAMAT SD/SEDERAJAT | R65: Petani / Pekebun
D66: 59 | E66: Abdul Karim | F66: Anak | G66: 520101 0510900006 | H66: L | I66: Belum Kawin | J66: DENPASAR | K66: 33151 | L66: 1990 | M66: =2019-L66 -> 29 | N66: Islam | O66: Sasak | P66: TAMAT SD/SEDERAJAT | R66: Buruh Harian Lepas
D67: 60 | E67: Indra Mayadi | F67: Anak | G67: 520101 1609010004 | H67: L | I67: Belum kawin | J67: DASAN GERES TENGAH | K67: 37150 | L67: 2001 | M67: =2019-L67 -> 18 | N67: Islam | O67: Sasak | P67: TAMAT SD/SEDERAJAT | R67: Belum / Tidak Bekerja
D68: 61 | E68: Isna Zullaena | F68: Anak | G68: 520101 5310060002 | H68: P | I68: Belum kawin | J68: LABULIA | K68: 39003 | L68: 2006 | M68: =2019-L68 -> 13 | N68: Islam | O68: Sasak | P68: TAMAT SD/SEDERAJAT | R68: Belum / Tidak Bekerja
B69: 18 | D69: 62 | E69: Cemok | F69: KK | H69: P | I69: Janda | K69: 20271 | L69: 1955 | M69: =2019-L69 -> 64 | N69: Islam | P69: -
B70: 19 | C70: 520101 3009140012 | D70: 63 | E70: Asmuni | F70: KK | G70: 520101 7112740015 | H70: P | I70: Cerai Mati | J70: DASAN GERES | K70: 27394 | L70: 1974 | M70: =2019-L70 -> 45 | N70: Islam | O70: Sasak | P70: TAMAT SD/SEDERAJAT | R70: Petani / Pekebun
D71: 64 | E71: Sahabudin | F71: Anak | G71: 520101 1102960001 | H71: L | I71: Belum kawin | J71: DASAN GERES TENGAH | K71: 35106 | L71: 1996 | M71: =2019-L71 -> 23 | N71: Islam | O71: Sasak | P71: SLTA/SEDERAJAT | R71: Wiraswasta
D72: 65 | E72: Maulana Hakim | F72: Anak | G72: 520101 1307980002 | H72: L | I72: Belum kawin | J72: DASAN GERES | K72: 35989 | L72: 1998 | M72: =2019-L72 -> 21 | N72: Islam | O72: Sasak | P72: SLTP/SEDERAJAT | R72: Pelajar / Mahasiswa
D73: 66 | E73: Nazilla Zatihil Wani | F73: Anak | G73: 520101 4211100002 | H73: P | I73: Belum kawin | J73: DASAN GERES | K73: 40484 | L73: 2010 | M73: =2019-L73 -> 9 | N73: Islam | O73: Sasak | P73: TIDAK/BELUM SEKOLAH | R73: Belum / Tidak Bekerja
B74: 20 | C74: 520101 0503082074 | D74: 67 | E74: Mahyun | F74: KK | G74: 520101 0107680349 | H74: L | I74: Kawin | J74: DASAN GERES | K74: 25020 | L74: 1968 | M74: =2019-L74 -> 51 | N74: Islam | O74: Sasak | P74: TAMAT SD/SEDERAJAT | R74: Buruh Tani / Perkebunan
D75: 68 | E75: Mahnam | F75: Istri | G75: 520101 4107720813 | H75: P | I75: Kawin | J75: RUMAK | K75: 26481 | L75: 1972 | M75: =2019-L75 -> 47 | N75: Islam | O75: Sasak | P75: BELUM TAMAT SD/SEDERAJAT | R75: Buruh Tani / Perkebunan
D76: 69 | E76: Suhadatul Hadawiyah | F76: Anak | G76: 520101 2312960001 | H76: P | I76: Belum kawin | J76: DASAN GERES | K76: 35422 | L76: 1996 | M76: =2019-L76 -> 23 | N76: Islam | O76: Sasak | P76: SLTP/SEDERAJAT | R76: Belum / Tidak Bekerja
D77: 70 | E77: Sinari Kuratul Aini | F77: Anak | G77: 520101 1307990001 | H77: P | I77: Belum kawin | J77: DASAN GERES | K77: 36223 | L77: 1999 | M77: =2019-L77 -> 20 | N77: Islam | O77: Sasak | P77: BELUM TAMAT SD/SEDERAJAT | R77: Pelajar / Mahasiswa
D78: 71 | E78: Hana Tohir Muhammad | F78: Famili Lain | G78: 520101 5706840001 | H78: P | I78: Belum kawin | J78: DASAN GERES | K78: 30850 | L78: 1984 | M78: =2019-L78 -> 35 | N78: Islam | O78: Sasak | P78: TIDAK/BELUM SEKOLAH | R78: Wiraswasta
B79: 21 | D79: 72 | E79: Mehram | F79: KK | H79: L | I79: Duda | K79: 16650 | L79: 1955 | M79: =2019-L79 -> 64 | N79: Islam | P79: -
B80: 22 | D80: 73 | E80: Rumaseh | F80: KK | H80: P | I80: Janda | K80: 16620 | L80: 1945 | M80: =2019-L80 -> 74 | N80: Islam | P80: -
B81: 23 | C81: 520101 2705111181 | D81: 74 | E81: Deni Suandi | F81: KK | G81: 520101 2912850003 | H81: L | I81: Kawin | J81: DASAN GERES | K81: 31409 | L81: 1985 | M81: =2019-L81 -> 34 | N81: Islam | O81: Sasak | P81: SLTA/SEDERAJAT | R81: Wiraswasta
D82: 75 | E82: Siti Fatimah | F82: Istri | G82: 520101 6107870008 | H82: P | I82: Kawin | J82: DASAN GERES | K82: 31979 | L82: 1987 | M82: =2019-L82 -> 32 | N82: Islam | O82: Sasak | P82: SLTA/SEDERAJAT | R82: Mengurus Rumah Tangga
D83: 76 | E83: Muhamad Aqil Adzka | F83: Anak | G83: 520101 0502120001 | H83: L | I83: Belum kawin | J83: DASAN GERES | K83: 40944 | L83: 2012 | M83: =2019-L83 -> 7 | N83: Islam | O83: Sasak | P83: TIDAK/BELUM SEKOLAH | R83: Belum / Tidak Bekerja
B84: 24 | D84: 77 | E84: Haji Safiin | F84: KK | G84: 520101 3112650064 | H84: L | I84: Kawin | K84: 20454 | L84: 1955 | M84: =2019-L84 -> 64 | N84: Islam | P84: SLTA/MA
D85: 78 | E85: Sahmin | F85: Istri | G85: 520101 3112670050 | H85: P | I85: Kawin | K85: 21185 | L85: 1957 | M85: =2019-L85 -> 62 | N85: Islam | P85: SD/MI
D86: 79 | E86: Sopian Harli | F86: Anak | G86: 520101 3112980014 | H86: P | I86: Belum kawin | K86: 36160 | L86: 1998 | M86: =2019-L86 -> 21 | N86: Islam | P86: SLTA/MA
D87: 80 | E87: Fadmi julianti | F87: Anak | G87: 520101 3112000017 | H87: P | I87: Belum kawin | K87: 36891 | L87: 2000 | M87: =2019-L87 -> 19 | N87: Islam | P87: SD/MI
B88: 25 | D88: 81 | E88: Muslim | F88: KK | G88: 520101 2802690002 | H88: L | I88: Kawin | K88: 25262 | L88: 1969 | M88: =2019-L88 -> 50 | N88: Islam | P88: SD/MI
D89: 82 | E89: Raihanun | F89: Istri | G89: 520101 2080854291 | H89: P | I89: Kawin | K89: 31264 | L89: 1985 | M89: =2019-L89 -> 34 | N89: Islam | P89: SD/MI
D90: 83 | E90: Rinaldi Salim | F90: Anak | G90: 520101 1310870003 | H90: L | I90: Belum kawin | K90: 35716 | L90: 1997 | M90: =2019-L90 -> 22 | N90: Islam | P90: SLTA/MA
D91: 84 | E91: Amak Idah | F91: Lainnya | H91: L | I91: Duda | K91: 19176 | L91: 1952 | M91: =2019-L91 -> 67 | N91: Islam | P91: -
B92: 26 | D92: 85 | E92: Rembek | F92: KK | H92: L | I92: Belum kawin | K92: 18852 | L92: 1951 | M92: =2019-L92 -> 68 | N92: Islam | P92: -
B93: 27 | C93: 520101 3108120005 | D93: 86 | E93: Munawar | F93: KK | G93: 520101 0107020336 | H93: L | I93: Kawin | J93: DASAN GERES TENGAH | K93: 26481 | L93: 1972 | M93: =2019-L93 -> 47 | N93: Islam | O93: Sasak | P93: SLTA/SEDERAJAT | R93: Petani / Pekebun
D94: 87 | E94: Hilyati | F94: Istri | G94: 520101 4107770405 | H94: P | I94: Kawin | J94: DASAN GERES TIMUR | K94: 28307 | L94: 1977 | M94: =2019-L94 -> 42 | N94: Islam | O94: Sasak | P94: SLTA/SEDERAJAT | R94: Mengurus Rumah Tangga
D95: 88 | E95: Fadila Tatammi | F95: Anak | G95: 520101 6607030003 | H95: P | I95: Belum kawin | J95: DASAN GERES TENGAH | K95: 37828 | L95: 2003 | M95: =2019-L95 -> 16 | N95: Islam | O95: Sasak | P95: BELUM TAMAT SD/SEDERAJAT | R95: Pelajar / Mahasiswa
D96: 89 | E96: Kasyifi Yazid Bamami | F96: Anak | G96: 520101 1806080003 | H96: L | I96: Belum kawin | J96: DASAN GERES TENGAH | K96: 39618 | L96: 2008 | M96: =2019-L96 -> 11 | N96: Islam | O96: Sasak | P96: TIDAK/BELUM SEKOLAH | R96: Belum / Tidak Bekerja
B97: 28 | C97: 520101 1509120024 | D97: 90 | E97: Soleha | F97: KK | G97: 520101 7112580077 | H97: P | I97: Cerai Mati | J97: DASAN GERES | K97: 21550 | L97: 1958 | M97: =2019-L97 -> 61 | N97: Islam | O97: Sasak | P97: TIDAK/BELUM SEKOLAH | R97: Mengurus Rumah Tangga
D98: 91 | E98: Hadijah | F98: Anak | G98: 520101 4703810002 | H98: P | I98: Belum kawin | J98: DASAN GERES | K98: 29652 | L98: 1981 | M98: =2019-L98 -> 38 | N98: Islam | O98: Sasak | P98: TIDAK/BELUM SEKOLAH | R98: Buruh Tani / Perkebunan
B99: 29 | C99: 520101 1509120023 | D99: 92 | E99: Ibrahim | F99: KK | G99: 520101 2204850001 | H99: L | I99: Kawin | J99: DASAN GERES | K99: 31524 | L99: 1986 | M99: =2019-L99 -> 33 | N99: Islam | O99: Sasak | P99: SLTP/SEDERAJAT | R99: Wiraswasta
D100: 93 | E100: Mahuni | F100: Istri | G100: 520101 5103870003 | H100: P | I100: Kawin | J100: DASAN GERES | K100: 31847 | L100: 1987 | M100: =2019-L100 -> 32 | N100: Islam | O100: Sasak | P100: SLTP/SEDERAJAT | R100: Menguruh Rumah Tangga
B101: 30 | D101: 94 | E101: Marsan | F101: KK | G101: 520101 0107820664 | H101: L | I101: Kawin | K101: 30133 | L101: 1982 | M101: =2019-L101 -> 37 | N101: Islam | P101: -
...

Sheet RT 02
B1: DATA INDUK PENDUDUK KELURAHAN DASAN GERES
B2: TAHUN 2019
B3: LINGKUNGAN DASAN GERES TIMUR
B4: RT 02
B5: No | C5: Nomor KK | D5: Jumlah Jiwa | E5: Nama Lengkap/ Panggilan | F5: Kedudukan dalam Keluarga | G5: NIK | H5: Jenis Kelamin (L/P) | I5: Status Perkawinan | J5: Lahir | M5: Usia | N5: Agama | O5: Etnis | P5: Pendidikan Terakhir | Q5: Jurusan | R5: Pekerjaan
J6: Tempat | K6: Tanggal | L6: Tahun
B8: 1 | C8: 520101 0503083160 | D8: 1 | E8: Redwan | F8: KK | G8: 520101 0107680339 | H8: L | I8: Kawin | J8: DASAN GERES | K8: 25020 | L8: 1968 | M8: =2019-L8 -> 51 | N8: Islam | O8: Sasak | P8: SLTP/SEDERAJAT | R8: Petani / Pekebun
D9: 2 | E9: Almah | F9: Istri | G9: 520101 4107800366 | H9: P | I9: Kawin | J9: DASAN GERES | K9: 25750 | L9: 1970 | M9: =2019-L9 -> 49 | N9: Islam | O9: Sasak | P9: TIDAK/BLM SEKOLAH | R9: Mengurus Rumah Tangga
D10: 3 | E10: Sopian Hadi | F10: Anak | G10: 520101 0107970328 | H10: L | I10: Belum kawin | J10: DASAN GERES | K10: 35838 | L10: 1998 | M10: =2019-L10 -> 21 | N10: Islam | O10: Sasak | P10: SLTA/SEDERAJAT | R10: Pelajar / Mahasiswa
B11: 2 | C11: 520101 0503083165 | D11: 4 | E11: Satarudin | F11: KK | G11: 520101 010762065 | H11: L | I11: Kawin | J11: DASAN GERES TIMUR | K11: 22828 | L11: 1962 | M11: =2019-L11 -> 57 | N11: Islam | O11: Sasak | P11: TAMAT SD/SEDERAJAT | R11: Buruh Harian Lepas
D12: 5 | E12: Aremah | F12: Istri | G12: 520101 4107780495 | H12: L | I12: Kawin | J12: DASAN GERES TIMUR | K12: 28672 | L12: 1978 | M12: =2019-L12 -> 41 | N12: Islam | O12: Sasak | P12: BELUM TAMAT SD/SEDERAJAT | R12: Mengurus Rumah Tangga
D13: 6 | E13: Kartini | F13: Anak | G13: 520101 4187060220 | H13: P | I13: Belum kawin | J13: DASAN GERES TIMUR | K13: 35977 | L13: 1998 | M13: =2019-L13 -> 21 | N13: Islam | O13: Sasak | P13: SLTP/SEDERAJAT | R13: Pelajar / Mahasiswa
D14: 7 | E14: Roni Parlan | F14: Anak | G14: 520101 2108030002 | H14: L | I14: Belum kawin | J14: DASAN GERES TIMUR | K14: 37854 | L14: 2003 | M14: =2019-L14 -> 16 | N14: Islam | O14: Sasak | P14: BELUM TAMAT SD/SEDERAJAT | R14: Pelajar / Mahasiswa
D15: 8 | E15: Rina Safitri | F15: Anak | G15: 520101 4708060004 | H15: P | I15: Belum kawin | J15: DASAN GERES TIMUR | K15: 38936 | L15: 2006 | M15: =2019-L15 -> 13 | N15: Islam | O15: Sasak | P15: TIDAK/BLM SEKOLAH | R15: Belum / Tidak Bekerja
B16: 3 | C16: 520101 2608140011 | D16: 9 | E16: Hambali | F16: KK | G16: 520101 0107890418 | H16: L | I16: Kawin | J16: DASAN GERES | K16: 32228 | L16: 1988 | M16: =2019-L16 -> 31 | N16: Islam | O16: Sasak | P16: SLTA/SEDERAJAT | R16: Wiraswasta
D17: 10 | E17: Siti Zubaedah | F17: Anak | G17: 520101 7009900001 | H17: P | I17: Kawin | J17: SENTRAL SARI SULTENG | K17: 33146 | L17: 1990 | M17: =2019-L17 -> 29 | N17: Islam | O17: Sasak | P17: SLTA/SEDERAJAT | R17: Mengurus Rumah Tangga
D18: 11 | E18: Aulia Syafari | F18: Anak | G18: 520101 5712140001 | H18: P | I18: Belum kawin | J18: DASAN GERES | K18: 41990 | L18: 2014 | M18: =2019-L18 -> 5 | N18: Islam | O18: Sasak | P18: TIDAK/BLM SEKOLAH | R18: Belum / Tidak Bekerja
D19: 12 | E19: Gibran Tabrani | F19: Anak | G19: 520101 2007160002 | H19: L | I19: Belum kawin | J19: DASAN GERES | K19: 42571 | L19: 2016 | M19: =2019-L19 -> 3 | N19: Islam | O19: Sasak | P19: TIDAK/BLM SEKOLAH | R19: Belum / Tidak Bekerja
B20: 4 | C20: 520101 0501100022 | D20: 13 | E20: Hamdi Afandi Putra | F20: KK | G20: 520101 1808740001 | H20: L | I20: Kawin | J20: DASAN GERES TIMUR | K20: 27269 | L20: 1974 | M20: =2019-L20 -> 45 | N20: Islam | O20: Sasak | P20: SLTP/SEDERAJAT | R20: Karyawan Swasta
D21: 14 | E21: Nursehan Husen | F21: Istri | G21: 520101 6201780001 | H21: P | I21: Kawin | J21: KEDIRI | K21: 28512 | L21: 1978 | M21: =2019-L21 -> 41 | N21: Islam | O21: Sasak | P21: SLTP/SEDERAJAT | R21: Mengurus Rumah Tangga
D22: 15 | E22: Aditya Pranata | F22: Anak | G22: 520101 2007010003 | H22: L | I22: Belum kawin | J22: DASAN GERES TIMUR | K22: 37092 | L22: 2001 | M22: =2019-L22 -> 18 | N22: Islam | O22: Sasak | P22: BELUM TAMAT SD/SEDERAJAT | R22: Pelajar / Mahasiswa
D23: 16 | E23: Wariq Prihatin Nupus | F23: Anak | G23: 520101 6611100001 | H23: P | I23: Belum kawin | J23: DASAN GERES | K23: 40508 | L23: 2010 | M23: =2019-L23 -> 9 | N23: Islam | O23: Sasak | P23: TIDAK/BLM SEKOLAH | R23: Belum / Tidak Bekerja
B24: 5 | D24: 17 | E24: Suriah | F24: KK | H24: P | I24: Belum kawin | K24: 27260 | L24: 1974 | M24: =2019-L24 -> 45 | N24: Islam
D25: 18 | E25: Mukinah | F25: Lain-lain | H25: P | I25: Belum kawin | K25: 27164 | L25: 1974 | M25: =2019-L25 -> 45 | N25: Islam
D26: 19 | E26: H.Tawahid | F26: Lain-lain | H26: L | I26: Kawin | K26: 15706 | L26: 1942 | M26: =2019-L26 -> 77 | N26: Islam
B27: 6 | C27: 520101 0503083168 | D27: 20 | E27: Amrullah | F27: Anak | G27: 520101 2007920008 | H27: L | I27: Belum kawin | J27: DASAN GERES | K27: 33439 | L27: 1991 | M27: =2019-L27 -> 28 | N27: Islam | O27: Sasak | P27: SLTA/SEDERAJAT | R27: Belum / Tidak Bekerja
D28: 21 | E28: Anisa Lestari | F28: Anak | G28: 520101 4107020043 | H28: P | I28: Belum kawin | J28: DASAN GERES | K28: 37438 | L28: 2002 | M28: =2019-L28 -> 17 | N28: Islam | O28: Sasak | P28: BELUM TAMAT SD/SEDERAJAT | R28: Pelajar / Mahasiswa
B29: 7 | C29: 520101 1810160013 | D29: 22 | E29: Maryam | F29: KK | G29: 520101 4107691002 | H29: P | I29: Cerai Mati | J29: DASAN GERES TENGAH | K29: 25385 | L29: 1969 | M29: =2019-L29 -> 50 | N29: Islam | O29: Sasak | P29: TIDAK/BLM SEKOLAH | R29: Petani / Pekebun
D30: 23 | E30: Muhamad Rifa'i | F30: Anak | G30: 520101 0107870120 | H30: L | I30: Belum kawin | J30: DASAN GERES TIMUR | K30: 33670 | L30: 1992 | M30: =2019-L30 -> 27 | N30: Islam | O30: Sasak | P30: TAMAT SD/SEDERAJAT | R30: Wiraswasta
D31: 24 | E31: Muhamad Patho Yasin | F31: Anak | G31: 520101 0107880020 | H31: L | I31: Belum kawin | J31: DASAN GERES TENGAH | K31: 35795 | L31: 1997 | M31: =2019-L31 -> 22 | N31: Islam | O31: Sasak | P31: SLTP/SEDERAJAT | R31: Buruh Harian Lepas
D32: 25 | E32: Yulia Ningsih | F32: Anak | G32: 520101 6308051001 | H32: P | I32: Belum kawin | J32: DASAN GERES TENGAH | K32: 38587 | L32: 2005 | M32: =2019-L32 -> 14 | N32: Islam | O32: Sasak | P32: TAMAT SD/SEDERAJAT | R32: Pelajar / Mahasiswa
D33: 26 | E33: Nurul azizah | F33: Anak | G33: 520101 4106121001 | H33: P | I33: Belum kawin | J33: DASAN GERES TENGAH | K33: 41061 | L33: 2012 | M33: =2019-L33 -> 7 | N33: Islam | O33: Sasak | P33: TIDAK/BLM SEKOLAH | R33: Belum / Tidak Bekerja
B34: 8 | C34: 520101 0703110145 | D34: 27 | E34: Saharudin | F34: KK | G34: 520101 0112870002 | H34: L | I34: Kawin | J34: DASAN GERES | K34: 28825 | L34: 1978 | M34: =2019-L34 -> 41 | N34: Islam | O34: Sasak | P34: SLTA/SEDERAJAT | R34: Wiraswasta
D35: 28 | E35: Kamariah | F35: Istri | G35: 520101 6402900002 | H35: P | I35: Kawin | J35: WAJE GESENG | K35: 32928 | L35: 1990 | M35: =2019-L35 -> 29 | N35: Islam | O35: Sasak | P35: SLTP/SEDERAJAT | R35: Mengurus Rumah Tangga
D36: 29 | E36: Nayma Putri Hartanti | F36: Anak | G36: 520101 6208090001 | H36: L | I36: Belum kawin | J36: DASAN GERES | K36: 40047 | L36: 2009 | M36: =2019-L36 -> 10 | N36: Islam | O36: Sasak | P36: BELUM TAMAT SD/SEDERAJAT | R36: Pelajar /Mahasiswa
D37: 30 | E37: Aldin Hardiansyah | F37: Anak | G37: 520101 0211160005 | H37: P | I37: Belum kawin | J37: DASAN GERES | K37: 42676 | L37: 2016 | M37: =2019-L37 -> 3 | N37: Islam | O37: Sasak | P37: TIDAK/BLM SEKOLAH | R37: Belum / Tidak Bekerja
B38: 9 | D38: 31 | E38: Mujemal | F38: KK | G38: 520101 3112840189 | H38: L | I38: Kawin | K38: 31047 | L38: 1984 | M38: =2019-L38 -> 35 | N38: Islam
D39: 32 | E39: Masoah | F39: Istri | G39: 520101 7112780195 | H39: P | I39: Kawin | K39: 28855 | L39: 1978 | M39: =2019-L39 -> 41 | N39: Islam
D40: 33 | E40: Muhamad Marzuki | F40: Anak | G40: 520101 1610120002 | H40: L | I40: Belum kawin | K40: 41200 | L40: 2012 | M40: =2019-L40 -> 7 | N40: Islam
B41: 10 | C41: 520101 0804150019 | D41: 34 | E41: Rukiyah | F41: KK | G41: 520101 7112450025 | H41: P | I41: Cerai Mati | J41: DASAN GERES TIMUR | K41: 16802 | L41: 1945 | M41: =2019-L41 -> 74 | N41: Islam | O41: Sasak | P41: TIDAK/BLM SEKOLAH | R41: Belum / Tidak Bekerja
D42: 35 | E42: Rusni | F42: Anak | G42: 520101 5103740001 | H42: P | I42: Belum kawin | J42: DASAN GERES TIMUR | K42: 27099 | L42: 1974 | M42: =2019-L42 -> 45 | N42: Islam | O42: Sasak | P42: SLTP/SEDERAJAT | R42: Buruh Tani / Perkebunan
D43: 36 | E43: Zakiah | F43: Anak | G43: 520101 4701820002 | H43: P | I43: Belum kawin | J43: DASAN GERES TIMUR | K43: 29958 | L43: 1982 | M43: =2019-L43 -> 37 | N43: Islam | O43: Sasak | P43: BELUM TAMAT SD/SEDERAJAT | R43: Buruh Tani / Perkebunan
B44: 11 | C44: 520101 0503083255 | D44: 37 | E44: Ehsan | F44: KK | G44: 520101 010770684 | H44: L | I44: Kawin | J44: DASAN GERES | K44: 25750 | L44: 1970 | M44: =2019-L44 -> 49 | N44: Islam | O44: Sasak | P44: SLTP/SEDERAJAT | R44: Tukang Kayu
D45: 38 | E45: Rauhun | F45: Istri | G45: 520101 4107730049 | H45: P | I45: Kawin | J45: DASAN GERES | K45: 26846 | L45: 1973 | M45: =2019-L45 -> 46 | N45: Islam | O45: Sasak | P45: TAMAT SD/SEDERAJAT | R45: Petani / Pekebun
D46: 39 | E46: Noviana | F46: Anak | G46: 520101 5911950001 | H46: P | I46: Belum kawin | J46: DASAN GERES | K46: 35022 | L46: 1995 | M46: =2019-L46 -> 24 | N46: Islam | O46: Sasak | P46: SLTP/SEDERAJAT | R46: Pelajar / Mahasiswa
D47: 40 | E47: Dewi Yulasri | F47: Anak | G47: 520101 4107980275 | H47: P | I47: Belum kawin | J47: DASAN GERES | K47: 35977 | L47: 1998 | M47: =2019-L47 -> 21 | N47: Islam | O47: Sasak | P47: BELUM TAMAT SD/SEDERAJAT | R47: Pelajar / Mahasiswa
D48: 41 | E48: Ilham Saputra | F48: Anak | G48: 520101 0107010026 | H48: L | I48: Belum kawin | J48: DASAN GERES | K48: 37073 | L48: 2001 | M48: =2019-L48 -> 18 | N48: Islam | O48: Sasak | P48: BELUM TAMAT SD/SEDERAJAT | R48: Pelajar / Mahasiswa
D49: 42 | E49: Muhammad Juhaidi | F49: Anak | G49: 520101 0106020007 | H49: L | I49: Belum kawin | J49: DASAN GERES | K49: 37408 | L49: 2002 | M49: =2019-L49 -> 17 | N49: Islam | O49: Sasak | P49: BELUM TAMAT SD/SEDERAJAT | R49: Pelajar / Mahasiswa
B50: 12 | C50: 520101 3107150006 | D50: 43 | E50: Ramnah | F50: KK | G50: 520101 4107570155 | H50: P | I50: Cerai Mati | J50: DASAN GERES | K50: 18263 | L50: 1949 | M50: =2019-L50 -> 70 | N50: Islam | O50: Sasak | P50: TAMAT SD/SEDERAJAT | R50: Wiraswasta
B51: 13 | C51: 520101 1511131016 | D51: 44 | E51: Muhazam | F51: KK | G51: 520101 0107831003 | H51: L | I51: Kawin | J51: DASAN GERES | K51: 30498 | L51: 1983 | M51: =2019-L51 -> 36 | N51: Islam | O51: Sasak | P51: TAMAT SD/SEDERAJAT | R51: Buruh Harian Lepas
D52: 45 | E52: Enam | F52: Istri | G52: 520101 5505850003 | H52: P | I52: Kawin | J52: DASAN GERES | K52: 31229 | L52: 1985 | M52: =2019-L52 -> 34 | N52: Islam | O52: Sasak | P52: TAMAT SD/SEDERAJAT | R52: Buruh Harian Lepas
D53: 46 | E53: Rohani | F53: Istri | G53: 520101 6705011001 | H53: P | I53: Belum kawin | J53: DASAN GERES | K53: 37038 | L53: 2001 | M53: =2019-L53 -> 18 | N53: Islam | O53: Sasak | P53: TAMAT SD/SEDERAJAT | R53: Pelajar / Mahasiswa
D54: 47 | E54: Nurul aini | F54: Anak | G54: 520101 5401061001 | H54: P | I54: Belum kawin | J54: DASAN GERES | K54: 38731 | L54: 2006 | M54: =2019-L54 -> 13 | N54: Islam | O54: Sasak | P54: TIDAK/BLM SEKOLAH | R54: Belum / Tidak Bekerja
D55: 48 | E55: Muhamad munahar | F55: Anak | G55: 520101 0801111001 | H55: L | I55: Belum kawin | J55: DASAN GERES | K55: 40551 | L55: 2011 | M55: =2019-L55 -> 8 | N55: Islam | O55: Sasak | P55: TIDAK/BLM SEKOLAH | R55: Belum / Tidak Bekerja
B56: 14 | C56: 520101 2405110111 | D56: 49 | E56: Muhazim | F56: KK | G56: 520101 0107860340 | H56: L | I56: Kawin | J56: DASAN GERES | K56: 30864 | L56: 1984 | M56: =2019-L56 -> 35 | N56: Islam | O56: Sasak | P56: SLTP/SEDERAJAT | R56: Wiraswasta
D57: 50 | E57: Murniati | F57: Istri | G57: 520101 4107860424 | H57: P | I57: Kawin | J57: DASAN GERES TIMUR | K57: 31594 | L57: 1986 | M57: =2019-L57 -> 33 | N57: Islam | O57: Sasak | P57: SLTP/SEDERAJAT | R57: Mengurus Rumah Tangga
D58: 51 | E58: Tilawa til a tia | F58: Anak | G58: 520101 5812070001 | H58: P | I58: Belum kawin | J58: DASAN GERES TIMUR | K58: 39434 | L58: 2007 | M58: =2019-L58 -> 12 | N58: Islam | O58: Sasak | P58: TIDAK/BLM SEKOLAH | R58: Belum / Tidak Bekerja
D59: 52 | E59: Fani Maulida | F59: Anak | G59: 520101 4312160001 | H59: P | I59: Belum kawin | J59: DASAN GERES TIMUR | K59: 42707 | L59: 2016 | M59: =2019-L59 -> 3 | N59: Islam | O59: Sasak | P59: TIDAK/BLM SEKOLAH | R59: Belum / Tidak Bekerja
B60: 15 | C60: 520101 0503085193 | D60: 53 | E60: kamarudin | F60: KK | G60: 520101 0107490070 | H60: L | I60: Kawin | J60: DASAN GERES | K60: 18080 | L60: 1949 | M60: =2019-L60 -> 70 | N60: Islam | O60: Sasak | P60: TAMAT SD/SEDERAJAT | R60: Buruh Harian Lepas
D61: 54 | E61: Sumiati | F61: Istri | G61: 520101 4107550140 | H61: P | I61: Kawin | J61: DASAN GERES | K61: 20271 | L61: 1955 | M61: =2019-L61 -> 64 | N61: Islam | O61: Sasak | P61: TIDAK/BLM SEKOLAH | R61: Belum / Tidak Bekerja
D62: 55 | E62: Dedi Suprianto | F62: Anak | G62: 520101 0107910427 | H62: L | I62: Belum kawin | J62: DASAN GERES | K62: 33420 | L62: 1991 | M62: =2019-L62 -> 28 | N62: Islam | O62: Sasak | P62: SLTA/SEDERAJAT | R62: Wiraswasta
D63: 56 | E63: Gilang anugerah | F63: Anak | G63: 520101 0107050260 | H63: L | I63: Belum kawin | J63: DASAN GERES | K63: 38534 | L63: 2005 | M63: =2019-L63 -> 14 | N63: Islam | O63: Sasak | P63: TIDAK/BLM SEKOLAH | R63: Belum / Tidak Bekerja
B64: 16 | C64: 520101 0503085207 | D64: 57 | E64: Nasrah | F64: KK | G64: 520101 0107570387 | H64: L | I64: Kawin | J64: DASAN GERES | K64: 21002 | L64: 1957 | M64: =2019-L64 -> 62 | N64: Islam | O64: Sasak | P64: TAMAT SD/SEDERAJAT | R64: Petani / Pekebun
D65: 58 | E65: Nurminah | F65: Istri | G65: 520101 4107590156 | H65: P | I65: Kawin | J65: DASAN GERES | K65: 21732 | L65: 1959 | M65: =2019-L65 -> 60 | N65: Islam | O65: Sasak | P65: TAMAT SD/SEDERAJAT | R65: Mengurus Rumah Tangga
B66: 17 | C66: 520101 0503085218 | D66: 59 | E66: Muhajab | F66: KK | G66: 520101 1708860004 | H66: L | I66: Kawin | J66: DASAN GERES | K66: 31641 | L66: 1986 | M66: =2019-L66 -> 33 | N66: Islam | O66: Sasak | P66: TAMAT SD/SEDERAJAT | R66: Buruh Harian Lepas
D67: 60 | E67: Tasminah | F67: Istri | G67: 520101 5701830002 | H67: P | I67: Kawin | J67: GEREPEK | K67: 30333 | L67: 1983 | M67: =2019-L67 -> 36 | N67: Islam | O67: Sasak | P67: SLTA/SEDERAJAT | R67: Buruh Harian Lepas
D68: 61 | E68: Muhajirin | F68: Anak | G68: 520101 1806980002 | H68: L | I68: Belum kawin | J68: DASAN GERES TENGAH | K68: 35964 | L68: 1998 | M68: =2019-L68 -> 21 | N68: Islam | O68: Sasak | P68: TAMAT SD/SEDERAJAT | R68: Pelajar / Mahasiswa
D69: 62 | E69: Lina Hariani | F69: Anak | G69: 520101 6410070001 | H69: P | I69: Belum kawin | J69: DASAN GERES TENGAH | K69: 39379 | L69: 2007 | M69: =2019-L69 -> 12 | N69: Islam | O69: Sasak | P69: TIDAK/BLM SEKOLAH | R69: Belum / Tidak Bekerja
B70: 18 | C70: 520101 2802180001 | D70: 63 | E70: Joli Akmal | F70: KK | G70: 520101 0107840411 | H70: L | I70: Kawin | J70: DASAN GERES | K70: 31047 | L70: 1984 | M70: =2019-L70 -> 35 | N70: Islam | O70: Sasak | P70: SLTP/SEDERAJAT | R70: Buruh Harian Lepas
D71: 64 | E71: Nursehan | F71: Istri | G71: 520101 4107860341 | H71: P | I71: Kawin | J71: Puyahan | K71: 31777 | L71: 1986 | M71: =2019-L71 -> 33 | N71: Islam | O71: Sasak | P71: SLTP/SEDERAJAT | R71: Mengurus Rumah Tangga
D72: 65 | E72: Arya Sandika | F72: Anak | G72: 520101 1010040003 | H72: L | I72: Belum kawin | J72: DASAN GERES TIMUR | K72: 38270 | L72: 2004 | M72: =2019-L72 -> 15 | N72: Islam | O72: Sasak | P72: BELUM TAMAT SD/SEDERAJAT | R72: Pelajar / Mahasiswa
D73: 66 | E73: Muhammam Egi Saputra | F73: Anak | G73: 520101 0307120002 | H73: L | I73: Belum kawin | J73: DASAN GERES TIMUR | K73: 41093 | L73: 2012 | M73: =2019-L73 -> 7 | N73: Islam | O73: Sasak | P73: TIDAK/BLM SEKOLAH | R73: Belum / Tidak Bekerja
B74: 19 | C74: 520101 0503083305 | D74: 67 | E74: Jalaludin Jahrin | F74: KK | G74: 520101 0107830232 | H74: L | I74: Kawin | J74: DASAN GERES TIMUR | K74: 30236 | L74: 1982 | M74: =2019-L74 -> 37 | N74: Islam | O74: Sasak | P74: SLTA/SEDERAJAT | R74: Karyawan Honorer
D75: 68 | E75: Murnah | F75: Istri | G75: 520101 4107840464 | H75: P | I75: Kawin | J75: DASAN TAPEN | K75: 30797 | L75: 1984 | M75: =2019-L75 -> 35 | N75: Islam | O75: Sasak | P75: SLTA/SEDERAJAT | R75: Pedagang
D76: 69 | E76: Nada Azzahratulaen | F76: Anak | G76: 520101 5607050001 | H76: P | I76: Belum kawin | J76: DASAN GERES | K76: 38549 | L76: 2005 | M76: =2019-L76 -> 14 | N76: Islam | O76: Sasak | P76: TIDAK/BLM SEKOLAH | R76: Belum / Tidak Bekerja
D77: 70 | E77: Dara Kinaya Azzulfa | F77: anak | G77: 520101 4509100001 | H77: P | I77: Belum kawin | J77: DASAN GERES TIMUR | K77: 40426 | L77: 2010 | M77: =2019-L77 -> 9 | N77: Islam | O77: Sasak | P77: TIDAK/BLM SEKOLAH | R77: Belum / Tidak Bekerja
D78: 71 | E78: Kania Arsyila | F78: anak | G78: 520101 5501180002 | H78: P | I78: Belum kawin | J78: DASAN GERES | K78: 43115 | L78: 2018 | M78: =2019-L78 -> 1 | N78: Islam | O78: Sasak | P78: TIDAK/BLM SEKOLAH | R78: Belum / Tidak Bekerja
B79: 20 | C79: 520101 0205170005 | D79: 72 | E79: Siti Aisah | F79: KK | G79: 520101 4711680001 | H79: P | I79: Cerai Mati | J79: DASAN GERES | K79: 25149 | L79: 1968 | M79: =2019-L79 -> 51 | N79: Islam | O79: Sasak | P79: TAMAT SD/SEDERAJAT | R79: Mengurus Rumah Tangga
D80: 73 | E80: Toni Santana | F80: Anak | G80: 520101 0609910002 | H80: L | I80: Cerai Hidup | J80: DASAN GERES | K80: 33487 | L80: 1991 | M80: =2019-L80 -> 28 | N80: Islam | O80: Sasak | P80: SLTA/SEDERAJAT | R80: Buruh Harian Lepas
D81: 74 | E81: M. Haikal Alparizi | F81: Cucu | G81: 520101 1002130002 | H81: L | I81: Belum kawin | J81: DASAN GERES | K81: 40584 | L81: 2011 | M81: =2019-L81 -> 8 | N81: Islam | O81: Sasak | P81: TIDAK/BLM SEKOLAH | R81: Belum / Tidak Bekerja
B82: 21 | C82: 520101 0503083217 | D82: 75 | E82: Nursan | F82: KK | G82: 520101 0107700587 | H82: L | I82: Kawin | J82: DASAN GERES TIMUR | K82: 25750 | L82: 1970 | M82: =2019-L82 -> 49 | N82: Islam | O82: Sasak | P82: TAMAT SD/SEDERAJAT | R82: Buruh Harian Lepas
D83: 76 | E83: Mutiah | F83: Istri | G83: 520101 4107750545 | H83: P | I83: Kawin | J83: DASAN GERES TIMUR | K83: 27576 | L83: 1975 | M83: =2019-L83 -> 44 | N83: Islam | O83: Sasak | P83: TAMAT SD/SEDERAJAT | R83: Buruh Tani / Perkebunan
D84: 77 | E84: Mario | F84: Anak | G84: 520101 1204970002 | H84: L | I84: Belum kawin | J84: DASAN GERES TENGAH | K84: 31149 | L84: 1985 | M84: =2019-L84 -> 34 | N84: Islam | O84: Sasak | P84: SLTP/SEDERAJAT | R84: Belum / Tidak Bekerja
D85: 78 | E85: Cici Parida | F85: Anak | G85: 520101 4107010014 | H85: P | I85: Belum kawin | J85: DASAN GERES TENGAH | K85: 36516 | L85: 1999 | M85: =2019-L85 -> 20 | N85: Islam | O85: Sasak | P85: SLTP/SEDERAJAT | R85: Pelajar / Mahasiswa
B86: 22 | C86: 520101 0503085227 | D86: 79 | E86: Ahyar | F86: KK | G86: 520101 0107670686 | H86: L | I86: Kawin | J86: DASAN GERES | K86: 26056 | L86: 1971 | M86: =2019-L86 -> 48 | N86: Islam | O86: Sasak | P86: TAMAT SD/SEDERAJAT | R86: Buruh Harian Lepas
D87: 80 | E87: Saidah | F87: Istri | G87: 520101 7112720002 | H87: P | I87: Kawin | J87: DASAN GERES | K87: 26358 | L87: 1972 | M87: =2019-L87 -> 47 | N87: Islam | O87: Sasak | P87: TAMAT SD/SEDERAJAT | R87: Buruh Harian Lepas
D88: 81 | E88: Fendi Ahyar | F88: Anak | G88: 520101 0107910087 | H88: L | I88: Belum kawin | J88: DASAN GERES | K88: 33743 | L88: 1992 | M88: =2019-L88 -> 27 | N88: Islam | O88: Sasak | P88: SLTA/SEDERAJAT | R88: Pelajar / Mahasiswa
D89: 82 | E89: Suniarti | F89: Anak | G89: 520101 4507991001 | H89: P | I89: Belum kawin | J89: DASAN GERES | K89: 36408 | L89: 1999 | M89: =2019-L89 -> 20 | N89: Islam | O89: Sasak | P89: TIDAK/BLM SEKOLAH | R89: Pelajar / Mahasiswa
D90: 83 | E90: Shufia | F90: Anak | G90: 520101 4014081001 | H90: P | I90: Belum kawin | J90: DASAN GERES | K90: 39539 | L90: 2008 | M90: =2019-L90 -> 11 | N90: Islam | O90: Sasak | P90: TIDAK/BLM SEKOLAH | R90: Belum / Tidak Bekerja
B91: 23 | C91: 520101 1305110001 | D91: 84 | E91: Mansur | F91: KK | G91: 520101 1504840003 | H91: L | I91: Kawin | J91: DASAN GERES | K91: 30787 | L91: 1984 | M91: =2019-L91 -> 35 | N91: Islam | O91: Sasak | P91: SLTA/SEDERAJAT
D92: 85 | E92: Ustina | F92: Istri | G92: 520101 7112900028 | H92: P | I92: Kawin | J92: GUNUNG SARI | K92: 33238 | L92: 1990 | M92: =2019-L92 -> 29 | N92: Islam | O92: Sasak | P92: SLTP/SEDERAJAT
D93: 86 | E93: Rina Aulia Putri | F93: Anak | G93: 520101 4521110001 | H93: P | I93: Belum kawin | J93: DASAN GERES | K93: 40579 | L93: 2011 | M93: =2019-L93 -> 8 | N93: Islam | O93: Sasak | P93: TIDAK/BLM SEKOLAH | R93: Belum / Tidak Bekerja
B94: 24 | C94: 520101 0503085244 | D94: 87 | E94: H. Hasimudin | F94: KK | G94: 520101 0107650215 | H94: L | I94: Kawin | J94: DASAN GERES | K94: 22098 | L94: 1960 | M94: =2019-L94 -> 59 | N94: Islam | O94: Sasak | P94: TIDAK/BLM SEKOLAH | R94: Petani / Pekebun
D95: 88 | E95: Bilemah | F95: Istri | G95: 520101 7112670046 | H95: P | I95: Kawin | J95: DASAN GERES | K95: 24837 | L95: 1967 | M95: =2019-L95 -> 52 | N95: Islam | O95: Sasak | P95: TIDAK/BLM SEKOLAH | R95: Buruh Tani / Perkebunan
D96: 89 | E96: Siti Patimah | F96: Anak | G96: 520101 4206880004 | H96: P | I96: Belum kawin | J96: DASAN GERES TENGAH | K96: 32296 | L96: 1988 | M96: =2019-L96 -> 31 | N96: Islam | O96: Sasak | P96: TIDAK/BLM SEKOLAH | R96: Belum / Tidak Bekerja
D97: 90 | E97: Siti Sulaeha | F97: Anak | G97: 520101 4112880003 | H97: P | I97: Belum kawin | J97: DASAN GERES | K97: 34339 | L97: 1994 | M97: =2019-L97 -> 25 | N97: Islam | O97: Sasak | P97: TIDAK/BLM SEKOLAH | R97: Pelajar / Mahasiswa
D98: 91 | E98: Siti Subaedah | F98: Anak | G98: 520101 5212890001 | H98: P | I98: Kawin | J98: DASAN GERES | K98: 34680 | L98: 1994 | M98: =2019-L98 -> 25 | N98: Islam | O98: Sasak | P98: TIDAK/BLM SEKOLAH | R98: Belum / Tidak Bekerja
D99: 92 | E99: Dahlan | F99: Anak | G99: 520101 0102990002 | H99: L | I99: Belum kawin | J99: DASAN GERES | K99: 36192 | L99: 1999 | M99: =2019-L99 -> 20 | N99: Islam | O99: Sasak | P99: TIDAK/BLM SEKOLAH | R99: Belum / Tidak Bekerja
D100: 93 | E100: Hamdan | F100: Anak | G100: 520101 0103010001 | H100: L | I100: Belum kawin | J100: DASAN GERES | K100: 36951 | L100: 2001 | M100: =2019-L100 -> 18 | N100: Islam | O100: Sasak | P100: TIDAK/BLM SEKOLAH | R100: Belum / Tidak Bekerja
D101: 94 | E101: Yayamadi | F101: Anak | G101: 520101 0204030001 | H101: L | I101: Belum kawin | J101: DASAN GERES | K101: 37713 | L101: 2003 | M101: =2019-L101 -> 16 | N101: Islam | O101: Sasak | P101: TIDAK/BLM SEKOLAH | R101: Belum / Tidak Bekerja
...

Sheet RT 03
B1: DATA INDUK PENDUDUK KELURAHAN DASAN GERES
B2: TAHUN 2019
B3: LINGKUNGAN DASAN GERES TIMUR
B4: RT 03
B5: No | C5: Nomor KK | D5: Jumlah Jiwa | E5: Nama Lengkap/ Panggilan | F5: Kedudukan dalam Keluarga | G5: NIK | H5: Jenis Kelamin (L/P) | I5: Status Perkawinan | J5: Lahir | M5: Usia | N5: Agama | O5: Etnis | P5: Pendidikan Terakhir | Q5: Jurusan | R5: Pekerjaan
J6: Tempat | K6: Tanggal | L6: Tahun
B8: 1 | C8: 520101 0503082031 | D8: 1 | E8: Rusli | F8: KK | G8: 520101 0107750517 | H8: L | I8: Kawin | J8: Dasan Geres | K8: 27576 | L8: 1975 | M8: =2019-L8 -> 44 | N8: Islam | O8: Sasak | P8: Tamat SD/Sederajat | R8: Buruh Tani/Pekebun
D9: 2 | E9: Hikmah | F9: Istri | G9: 520101 4309780001 | H9: P | I9: Kawin | J9: Peturunan Puntik | K9: 28736 | L9: 1978 | M9: =2019-L9 -> 41 | N9: Islam | O9: Sasak | P9: Tamat SD/Sederajat | R9: Mengurus Rumah Tangga
D10: 3 | E10: Mariatun | F10: Anak | G10: 520101 5911980001 | H10: P | I10: Belum kawin | J10: Dasan Geres | K10: 36118 | L10: 1998 | M10: 21 | N10: Islam | O10: Sasak | P10: SLTP/Sederajat | R10: Pelajar/Mahasiswa
D11: 4 | E11: Siti Zora Maratu Soleha | F11: Anak | G11: 510101 5208090004 | H11: P | I11: Belum kawin | J11: Dasan Geres | K11: 40078 | L11: 2009 | M11: =2019-L11 -> 10 | N11: Islam | O11: Sasak | P11: Tidak belum sekolah | R11: Belum/Tidak Bekerja
B12: 2 | C12: 520101 2206110013 | D12: 5 | E12: Muhadi | F12: KK | G12: 520101 3001810001 | H12: L | I12: Kawin | J12: Dasan Geres | K12: 29920 | L12: 1981 | M12: =2019-L12 -> 38 | N12: Islam | O12: Sasak | P12: Tamat SD/Sederajat | R12: Wiraswasta
D13: 6 | E13: Rabitah | F13: Istri | G13: 520101 7112840052 | H13: P | I13: Kawin | J13: Beleke | K13: 31047 | L13: 1984 | M13: =2019-L13 -> 35 | N13: Islam | O13: Sasak | P13: Tamat SD/Sederajat | R13: Wiraswasta
D14: 7 | E14: Muhamad Haekal Ramadhan | F14: Anak | G14: 520101 0408100001 | H14: L | I14: Belum kawin | J14: Dasan Geres | K14: 40394 | L14: 2010 | M14: =2019-L14 -> 9 | N14: Islam | O14: Sasak | P14: Tidak belum sekolah | R14: Belum/Tidak Bekerja
D15: 8 | E15: Adila rabiatun zahra | F15: Anak | H15: P
B16: 3 | C16: 520101 0703110127 | D16: 9 | E16: Awaludin | F16: KK | G16: 520101 3112700062 | H16: L | I16: Kawin | J16: Dasan Geres Tengah | K16: 25933 | L16: 1970 | M16: =2019-L16 -> 49 | N16: Islam | O16: Sasak | P16: SLTP/Sederajat | R16: Petani/Pekebun
D17: 10 | E17: Muriah | F17: Istri | G17: 520101 7112720012 | H17: P | I17: Kawin | J17: Dasan Geres Tengah | K17: 26664 | L17: 1972 | M17: =2019-L17 -> 47 | N17: Islam | O17: Sasak | P17: SD/Sederajat | R17: Petani/Pekebun
D18: 11 | E18: Indrawati | F18: Anak | G18: 520101 5001000003 | H18: P | I18: Belum kawin | J18: Dasan Geres Tengah | K18: 36535 | L18: 2000 | M18: =2019-L18 -> 19 | N18: Islam | O18: Sasak | P18: Belum tamat SD/Sederajat | R18: Pelajar/Mahasiswa
D19: 12 | E19: Taufik Hidayat | F19: Anak | G19: 520101 2307040002 | H19: L | I19: Belum kawin | J19: Dasan Geres Tengah | K19: 38191 | L19: 2004 | M19: =2019-L19 -> 15 | N19: Islam | O19: Sasak | P19: Belum tamat SD/Sederajat | R19: Pelajar/Mahasiswa
B20: 4 | D20: 13 | E20: Suahrdi | F20: KK | G20: 520101 1107870004 | H20: L | I20: Kawin | K20: 31969 | L20: 1987 | M20: =2019-L20 -> 32 | N20: Islam | P20: SLTP/MTSN
D21: 14 | E21: Irawati | F21: Istri | G21: 520101 3103120001 | H21: P | I21: Kawin | K21: 33826 | L21: 1992 | M21: =2019-L21 -> 27 | N21: Islam | P21: SLTA/MA
D22: 15 | E22: Arfa Ardi Nata | F22: Anak | G22: 520101 3103120001 | H22: L | I22: Belum kawin | K22: 40999 | L22: 2012 | M22: =2019-L22 -> 7 | N22: Islam | P22: -
B23: 5 | C23: 520101 0503083014 | D23: 16 | E23: Ahmad | F23: KK | G23: 520101 0107550211 | H23: L | I23: Kawin | J23: Dasan Geres | K23: 20271 | L23: 1955 | M23: =2019-L23 -> 64 | N23: Islam | O23: Sasak | P23: Tidak/Belun Sekolah | R23: Buruh Tani/Perkebun
D24: 17 | E24: Sitiah | F24: Istri | G24: 520101 4107500247 | H24: P | I24: Kawin | J24: Dasan Geres | K24: 18445 | L24: 1950 | M24: =2019-L24 -> 69 | N24: Islam | O24: Sasak | P24: Tidak/Belun Sekolah | R24: Buruh Tani/Perkebun
D25: 18 | E25: Jaknah | F25: Anak | G25: 520101 4107860349 | H25: P | I25: Belum kawin | J25: Dasan Geres | K25: 31594 | L25: 1986 | M25: 33 | N25: Islam | O25: Sasak | P25: SLTP/Sederajat | R25: Belum/Tidak Bekerja
D26: 19 | E26: Rahman | F26: Anak | G26: 520101 702870001 | H26: L | I26: Belum kawin | J26: Dasan Geres | K26: 31815 | L26: 1987 | M26: =2019-L26 -> 32 | N26: Islam | O26: Sasak | P26: SLTP/Sederajat | R26: Wiraswasta
B27: 6 | C27: 520101 1406080001 | D27: 20 | E27: Sahnun | F27: KK | G27: 520101 0107550212 | H27: L | I27: Kawin | J27: Dasan Geres Tengah | K27: 20089 | L27: 1954 | M27: =2019-L27 -> 65 | N27: Islam | O27: Sasak | P27: Tamat SD/Sederajat | R27: Petani / Pekebun
D28: 21 | E28: Alemah | F28: Istri | G28: 520101 4107570538 | H28: P | I28: Kawin | J28: Dasan Geres Tengah | K28: 23742 | L28: 1964 | M28: =2019-L28 -> 55 | N28: Islam | O28: Sasak | P28: Tamat SD/Sederajat | R28: Petani / Pekebun
B29: 7 | D29: 22 | E29: Hernan | F29: KK | G29: 520317 2504810000 | H29: L | I29: Kawin | K29: 29701 | L29: 1981 | M29: =2019-L29 -> 38 | N29: Islam | P29: -
D30: 23 | E30: Almah | F30: Istri | G30: 520317 7112870240 | H30: P | I30: Kawin | K30: 32142 | L30: 1987 | M30: =2019-L30 -> 32 | N30: Islam | P30: -
D31: 24 | E31: Maeka Salmah Airani | F31: Anak | H31: P | I31: Belum kawin | K31: 40689 | L31: 2011 | M31: =2019-L31 -> 8 | N31: Islam | P31: -
B32: 8 | C32: 520101 0503083071 | D32: 25 | E32: Muhur Zohri | F32: KK | G32: 520101 0107690089 | H32: L | I32: Kawin | J32: Dasan Geres Timur | K32: 25385 | L32: 1969 | M32: =2019-L32 -> 50 | N32: Islam | O32: Sasak | P32: Tamat SD/Sederajat | R32: Wiraswasta
D33: 26 | E33: Sakmah | F33: Istri | G33: 520101 4107790321 | H33: P | I33: Kawin | J33: DASAN GERES | K33: 29037 | L33: 1979 | M33: =2019-L33 -> 40 | N33: Islam | O33: Sasak | P33: Tamat SD/Sederajat | R33: Petani / Pekebun
D34: 27 | E34: Selamet Hadi | F34: Anak | G34: 520101 1012940122 | H34: L | I34: Belum kawin | J34: DASAN GERES | K34: 34678 | L34: 1994 | M34: =2019-L34 -> 25 | N34: Islam | O34: Sasak | P34: SLTP/Sederajat | R34: Pelajar / Mahasiswa
D35: 28 | E35: Anisa | F35: Anak | G35: 520101 4107040092 | H35: P | I35: Belum kawin | J35: Dasan Geres Timur | K35: 38169 | L35: 2004 | M35: =2019-L35 -> 15 | N35: Islam | O35: Sasak | P35: Tidak/Belun Sekolah | R35: Belum/Tidak Bekerja
B36: 9 | C36: 520101 0503083089 | D36: 29 | E36: Sahugi | F36: KK | G36: 520101 0107770302 | H36: L | I36: Kawin | J36: Dasan Geres Tengah | K36: 27890 | L36: 1976 | M36: =2019-L36 -> 43 | N36: Islam | O36: Sasak | P36: Tamat SD/Sederajat | R36: Wiraswasta
D37: 30 | E37: Susilawati | F37: Isri | G37: 520101 7112850041 | H37: P | I37: Kawin | J37: Berambang | K37: 31412 | L37: 1985 | M37: =2019-L37 -> 34 | N37: Islam | O37: Sasak | P37: Tamat SD/Sederajat | R37: Mengurus Rumah Tangga
D38: 31 | E38: Herwin Sunardi | F38: Anak | G38: 520101 0107960335 | H38: L | I38: Belum kawin | J38: Dasan Geres Tengah | K38: 35247 | L38: 1996 | M38: =2019-L38 -> 23 | N38: Islam | O38: Sasak | P38: SLTA/Sederajat | R38: Pelajar/Mahasiswa
D39: 32 | E39: M. Sandika Yusup | F39: Anak | G39: 520101 0510040001 | H39: L | I39: Belum kawin | J39: Dasan Geres Tengah | K39: 38265 | L39: 2004 | M39: =2019-L39 -> 15 | N39: Islam | O39: Sasak | P39: Belum tamat SD/Sederajat | R39: Pelajar/Mahasiswa
D40: 33 | E40: Kiki Nabila Safiri | F40: Anak | G40: 520101 6706100001 | H40: P | I40: Belum kawin | J40: Dasan Geres Tengah | K40: 40356 | L40: 2010 | M40: 9 | N40: Islam | O40: Sasak | P40: Tidak/Belun Sekolah | R40: Belum/Tidak Bekerja
D41: 34 | E41: Mohammad Faisal | F41: Anak | G41: 520101 1505120002 | H41: L | I41: Belum kawin | J41: Dasan Geres | K41: 41044 | L41: 2012 | M41: =2019-L41 -> 7 | N41: Islam | O41: Sasak | P41: - | R41: Belum/Tidak Bekerja
B42: 10 | C42: 520101 0703110120 | D42: 35 | E42: Muhidi | F42: KK | G42: 520101 0601860002 | H42: L | I42: Kawin | J42: Dasan Geres Timur | K42: 31418 | L42: 1986 | M42: =2019-L42 -> 33 | N42: Islam | O42: Sasak | P42: SLTP/Sederajat | R42: Karyawan Swasta
D43: 36 | E43: Rumeni | F43: Istri | G43: 520101 4212900002 | H43: P | I43: Kawin | J43: Lembar | K43: 33209 | L43: 1990 | M43: =2019-L43 -> 29 | N43: Islam | O43: Sasak | P43: Tamat SD/Sederajat | R43: Pedagang
D44: 37 | E44: Kiki Nabila Safiri | F44: Anak | G44: 520101 6706100001 | H44: P | I44: Belum kawin | J44: Dasan Geres Tengah | K44: 40356 | L44: 2010 | M44: =2019-L44 -> 9 | N44: Islam | O44: Sasak | P44: Tidak/Belun Sekolah | R44: Belum/Tidak Bekerja
B45: 11 | C45: 520101 0503083112 | D45: 38 | E45: Durahman | F45: KK | G45: 520101 0117300057 | H45: L | I45: Kawin | J45: Dasan Geres | K45: 11140 | L45: 1930 | M45: =2019-L45 -> 89 | N45: Islam | O45: Sasak | P45: Tidak/Belun Sekolah | R45: Belum/Tidak Bekerja
D46: 39 | E46: Saknah | F46: Istri | G46: 520101 4107420025 | H46: P | I46: Kawin | J46: Dasan Geres | K46: 15523 | L46: 1942 | M46: =2019-L46 -> 77 | N46: Islam | O46: Sasak | P46: Tidak/Belun Sekolah | R46: Mengurus Rumah Tangga
D47: 40 | E47: HJ. Rusnah | F47: Anak | G47: 520101 7112720058 | H47: P | I47: Cerai Hidup | J47: Dasan Geres | K47: 26664 | L47: 1972 | M47: =2019-L47 -> 47 | N47: Islam | O47: Sasak | P47: Tamat SD/Sederajat | R47: Buruh Harian Lepas
D48: 41 | E48: Salnah | F48: Anak | G48: 520101 4107800197 | H48: P | I48: Belum kawin | J48: Dasan Geres | K48: 29403 | L48: 1980 | M48: =2019-L48 -> 39 | N48: Islam | O48: Sasak | P48: Tamat SD/Sederajat | R48: Buruh Harian Lepas
B49: 12 | C49: 520101 0503083104 | D49: 42 | E49: Muhamar | F49: KK | G49: 520101 3112601014 | H49: L | I49: Kawin | J49: Dasan Geres Tengah | K49: 22263 | L49: 1960 | M49: =2019-L49 -> 59 | N49: Islam | O49: Sasak | P49: Tamat SD/Sederajat
D50: 43 | E50: Haeriah | F50: Istri | G50: 520101 4102641001 | H50: P | I50: Kawin | J50: Dasan Geres Barat | K50: 23408 | L50: 1964 | M50: =2019-L50 -> 55 | N50: Islam | O50: Sasak | P50: Tamat SD/Sederajat
D51: 44 | E51: Fauzan ammar | F51: Anak | G51: 520101 3112941009 | H51: L | I51: Belum kawin | J51: Dasan Geres | K51: 34699 | L51: 1994 | M51: =2019-L51 -> 25 | N51: Islam | O51: Sasak | P51: SLTP/Sederajat
D52: 45 | E52: M. Arman | F52: anak | G52: 520101 2612011001 | H52: L | I52: Belum kawin | J52: Dasan Geres | K52: 37251 | L52: 2001 | M52: =2019-L52 -> 18 | N52: Islam | O52: Sasak | P52: Belum tamat SD/Sederajat
B53: 13 | C53: 520101 0105130002 | D53: 46 | E53: Hamdani | F53: KK | G53: 520101 0107890409 | H53: L | I53: Kawin | J53: Dasan Geres Tengah | K53: 32143 | L53: 1988 | M53: =2019-L53 -> 31 | N53: Islam | O53: Sasak | P53: SLTP/Sederajat | R53: Wiraswasta
D54: 47 | E54: Salmah | F54: Istri | G54: 520101 5205910001 | H54: P | I54: Kawin | J54: Tempos | K54: 33370 | L54: 1991 | M54: =2019-L54 -> 28 | N54: Islam | O54: Sasak | P54: SLTP/Sederajat | R54: Belum/Tidak Bekerja
D55: 48 | E55: Riki Febrian | F55: Anak | G55: 520101 2002130001 | H55: L | I55: Belum kawin | J55: Dasan Geres Tengah | K55: 41325 | L55: 2013 | M55: =2019-L55 -> 6 | N55: Islam | O55: Sasak | P55: Tidak/Belun Sekolah | R55: Belum/Tidak Bekerja
B56: 14 | C56: 520101 1270051180 | D56: 49 | E56: Saparudin | F56: KK | G56: 520101 0107730003 | H56: L | I56: Kawin | J56: Dasan Geres | K56: 26846 | L56: 1973 | M56: =2019-L56 -> 46 | N56: Islam | O56: Sasak | P56: Tamat SD/Sederajat | R56: Petani/Pekebun
D57: 50 | E57: Rukyah | F57: Istri | G57: 520101 4107730011 | H57: P | I57: Kawin | J57: Dasan Geres | K57: 26846 | L57: 1973 | M57: =2019-L57 -> 46 | N57: Islam | O57: Sasak | P57: Tidak/Belun Sekolah | R57: Mengurus Rumah Tangga
D58: 51 | E58: Abdul Mujib | F58: Anak | G58: 520115 0107910008 | H58: L | I58: Belum kawin | J58: Dasan Geres | K58: 33606 | L58: 1992 | M58: =2019-L58 -> 27 | N58: Islam | O58: Sasak | P58: SLTP/Sederajat | R58: Wiraswasta
D59: 52 | E59: Muslimah | F59: Anak | G59: 520101 5006890001 | H59: P | I59: Belum kawin | J59: Dasan Geres | K59: 35805 | L59: 1998 | M59: =2019-L59 -> 21 | N59: Islam | O59: Sasak | P59: SLTP/Sederajat | R59: Pelajar/Mahasiswa
D60: 53 | E60: Jumadil Awal | F60: Anak | G60: 520101 0606060003 | H60: L | I60: Belum kawin | J60: Mesanggok | K60: 38874 | L60: 2006 | M60: =2019-L60 -> 13 | N60: Islam | O60: Sasak | P60: Tidak/Belun Sekolah | R60: Belum/Tidak Bekerja
B61: 15 | D61: 54 | E61: Sakrah | F61: KK | G61: 520101 4107590157 | H61: P | I61: Cerai Hidup | J61: Dasan Geres | K61: 21732 | L61: 1959 | M61: =2019-L61 -> 60 | N61: Islam | O61: Sasak | P61: Tidak/Belun Sekolah | R61: Buruh Tani/Perkebunan
D62: 55 | E62: Siti Rakmah | F62: Anak | G62: 520101 7112900013 | H62: P | I62: Belum kawin | J62: Dasan Geres | K62: 33238 | L62: 1990 | M62: =2019-L62 -> 29 | N62: Islam | O62: Sasak | P62: SLTA/Sederajat | R62: Wiraswasta
D63: 56 | E63: Sudirman | F63: Anak | G63: 520101 1007930002 | H63: L | I63: Belum kawin | J63: Dasan Geres | K63: 34160 | L63: 1993 | M63: =2019-L63 -> 26 | N63: Islam | O63: Sasak | P63: SLTP/Sederajat | R63: Belum/Tidak Bekerja
B64: 16 | C64: 520101 2705111210 | D64: 57 | E64: Herwan | F64: KK | G64: 520101 2504810001 | H64: L | I64: Kawin | J64: DAAN GERES | K64: 29701 | L64: 1981 | M64: =2019-L64 -> 38 | N64: Islam | O64: Sasak | P64: SLTA/Sederajat | R64: Wiraswasta
D65: 58 | E65: Salamah | F65: Istri | G65: 520101 4107850003 | H65: P | I65: Kawin | J65: DASAN GERES | K65: 31229 | L65: 1985 | M65: =2019-L65 -> 34 | N65: Islam | O65: Sasak | P65: SLTP/Sederajat | R65: Mengurus Rumah Tangga
D66: 59 | E66: Meyka Salma Khaerani | F66: Anak | G66: 520101 6610110006 | H66: P | I66: Belum kawin | J66: DASAN GERES | K66: 40842 | L66: 2011 | M66: =2019-L66 -> 8 | N66: Islam | O66: Sasak | P66: Tidak/Belun Sekolah | R66: Belum/Tidak Bekerja
B67: 17 | D67: 60 | E67: Muhamad Rizal | F67: KK | H67: L | I67: Kawin | K67: 31424 | L67: 1986 | M67: =2019-L67 -> 33 | N67: Islam | P67: SLTP/MTSN
D68: 61 | E68: Istiharoh | F68: Istri | H68: P | I68: Kawin | K68: 32690 | L68: 1989 | M68: =2019-L68 -> 30 | N68: Islam | P68: SLTP/MTSN
D69: 62 | E69: Zila Noveli | F69: Anak | H69: P | I69: Belum kawin | K69: 40969 | L69: 2012 | M69: =2019-L69 -> 7 | N69: Islam | P69: -
B70: 18 | C70: 520101 0403141014 | D70: 63 | E70: Yusriadi | F70: KK | G70: 520101 1212881002 | H70: L | I70: Kawin | J70: Dasan Geres Timur | K70: 32489 | L70: 1988 | M70: =2019-L70 -> 31 | N70: Islam | O70: Sasak | P70: SLTP/Sederajat | R70: Beruh Harian Lepas
D71: 64 | E71: Sanawiyah | F71: Istri | G71: 520101 5810861001 | H71: P | I71: Kawin | J71: Kuripan | K71: 31703 | L71: 1986 | M71: =2019-L71 -> 33 | N71: Islam | O71: Sasak | P71: SLTP/Sederajat | R71: Mengurus Rumah Tangga
B72: 19 | C72: 520101 0503083015 | D72: 65 | E72: Sahabudin | F72: KK | G72: 520101 0107570383 | H72: L | I72: Kawin | J72: DASAN GERES | K72: 21002 | L72: 1957 | M72: =2019-L72 -> 62 | N72: Islam | O72: Sasak | P72: Belum tamat SD/Sederajat | R72: Petani/Pekebun
D73: 66 | E73: Rawinah | F73: Istri | G73: 520101 4107600086 | H73: P | I73: Kawin | J73: Kuripan | K73: 22098 | L73: 1960 | M73: =2019-L73 -> 59 | N73: Islam | O73: Sasak | P73: Tamat SD/Sederajat | R73: Mengurus Rumah Tangga
B74: 20 | C74: 520101 0503083068 | D74: 67 | E74: Sahnan | F74: KK | G74: 520101 0107870225 | H74: L | I74: Kawin | J74: Dasan Geres | K74: 24654 | L74: 1967 | M74: =2019-L74 -> 52 | N74: Islam | O74: Sasak | P74: SLTA/Sederajat | R74: Petani/Pekebun
D75: 68 | E75: Halimah | F75: Istri | G75: 520101 4107850169 | H75: P | I75: Kawin | J75: Dasan Geres | K75: 31229 | L75: 1985 | M75: =2019-L75 -> 34 | N75: Islam | O75: Sasak | P75: SLTA/Sederajat | R75: Mengurus Rumah Tangga
D76: 69 | E76: Samsul Hadi | F76: Anak | G76: 520101 1005961001 | H76: L | I76: Belum kawin | J76: Dasan Geres Tengah | K76: 35195 | L76: 1996 | M76: =2019-L76 -> 23 | N76: Islam | O76: Sasak | P76: SLTA/Sederajat | R76: Pelajar/Mahasiswa
D77: 70 | E77: Mashuri | F77: Anak | G77: 520101 0910001001 | H77: L | I77: Belum kawin | J77: Dasan Geres Tengah | K77: 36808 | L77: 2000 | M77: =2019-L77 -> 19 | N77: Islam | O77: Sasak | P77: Tamat SD/Sederajat | R77: Pelajar/Mahasiswa
D78: 71 | E78: Alin Januarti | F78: Anak | G78: 520101 6601101001 | H78: P | I78: Belum kawin | J78: Dasan Geres Tengah | K78: 40204 | L78: 2010 | M78: =2019-L78 -> 9 | N78: Islam | O78: Sasak | P78: Tidak/Belun Sekolah
B79: 21 | C79: 520101 2908120013 | D79: 72 | E79: Hasan Nurdin | F79: KK | G79: 520101 3112730176 | H79: P | I79: Kawin | J79: Dasan Geres | K79: 27029 | L79: 1973 | M79: =2019-L79 -> 46 | N79: Islam | O79: Sasak | P79: SLTA/Sederajat | R79: Wiraswasta
D80: 73 | E80: Nurhayati | F80: Istri | G80: 520113 4907810002 | H80: P | I80: Kawin | J80: Nyiur Lembang | K80: 29776 | L80: 1981 | M80: =2019-L80 -> 38 | N80: Islam | O80: Sasak | P80: Tamat SD/Sederajat | R80: Mengurus Rumah Tangga
D81: 74 | E81: Muhammad Samhudi | F81: Anak | G81: 520101 3004000001 | H81: L | I81: Belum kawin | J81: Dasan Geres | K81: 36646 | L81: 2000 | M81: =2019-L81 -> 19 | N81: Islam | O81: Sasak | P81: Tamat SD/Sederajat | R81: Pelajar/Mahasiswa
D82: 75 | E82: Idham Kholid | F82: Anak | G82: 520101 901030001 | H82: L | I82: Belum kawin | J82: Dasan Geres | K82: 37640 | L82: 2003 | M82: =2019-L82 -> 16 | N82: Islam | O82: Sasak | P82: Tidak/Belun Sekolah | R82: Belum/Tidak Bekerja
D83: 76 | E83: Vira Vebriana | F83: Anak | G83: 520101 6302160002 | H83: P | I83: Belum kawin | J83: Dasan Geres | K83: 42423 | L83: 2016 | M83: =2019-L83 -> 3 | N83: Islam | O83: Sasak | P83: Tidak/Belun Sekolah | R83: Belum/Tidak Bekerja
B84: 22 | C84: 520101 0503082016 | D84: 77 | E84: Muhamad Nur | F84: KK | G84: 520101 0808800005 | H84: L | I84: Kawin | J84: Dasan Geres | K84: 29441 | L84: 1980 | M84: =2019-L84 -> 39 | N84: Islam | O84: Sasak | P84: SLTP/Sederajat | R84: Buruh Tani / Perkebunan
D85: 78 | E85: Julida | F85: Istri | G85: 520101 7112881028 | H85: P | I85: Kawin | J85: Dasan Geres | K85: 32508 | L85: 1988 | M85: =2019-L85 -> 31 | N85: Islam | O85: Sasak | P85: SLTP/Sederajat | R85: Mengurus Rumah Tangga
D86: 79 | E86: Nuraini | F86: Anak | G86: 520101 5607971001 | H86: P | I86: Belum kawin | J86: Dasan Geres | K86: 35627 | L86: 1997 | M86: =2019-L86 -> 22 | N86: Islam | O86: Sasak | P86: SLTP/Sederajat | R86: Pelajar/Mahasiswa
D87: 80 | E87: Ilham Jayadi | F87: Anak | G87: 520101 0212021001 | H87: L | I87: Belum kawin | J87: Dasan Geres Tengah | K87: 37592 | L87: 2002 | M87: =2019-L87 -> 17 | N87: Islam | O87: Sasak | P87: Tamat SD/Sederajat | R87: Pelajar/Mahasiswa
D88: 81 | E88: Olivia Febrina | F88: Anak | G88: 520101 601100003 | H88: P | I88: Belum kawin | J88: Gerung | K88: 40471 | L88: 2010 | M88: =2019-L88 -> 9 | N88: Islam | O88: Sasak | P88: Tidak/Belun Sekolah | R88: Belum/Tidak Bekerja
B89: 23 | C89: 520101 0503081594 | D89: 82 | E89: Salemah | F89: KK | G89: 520101 4107390029 | H89: L | I89: Cerai Mati | J89: Dasan Geres Tengah | K89: 14427 | L89: 1939 | M89: =2019-L89 -> 80 | N89: Islam | O89: Sasak | P89: Tidak/Belun Sekolah | R89: Petani/Pekebun
D90: 83 | E90: Mahli | F90: Anak | G90: 520101 3112711011 | H90: P | I90: Belum kawin | J90: Dasan Geres Tengah | K90: 26298 | L90: 1971 | M90: =2019-L90 -> 48 | N90: Islam | O90: Sasak | P90: Tidak/Belun Sekolah | R90: Wiraswasta
D91: 84 | E91: Saknah | F91: Anak | G91: 520101 7112761013 | H91: P | I91: Belum kawin | J91: Dasan Geres Tengah | K91: 28125 | L91: 1976 | M91: =2019-L91 -> 43 | N91: Islam | O91: Sasak | P91: Tamat SD/Sederajat | R91: Wiraswasta
D92: 85 | E92: Hasanah | F92: Anak | G92: 520101 4107840041 | H92: P | I92: Belum kawin | J92: Dasan Geres Tengah | K92: 29586 | L92: 1980 | M92: =2019-L92 -> 39 | N92: Islam | O92: Sasak | P92: SLTA/Sederajat | R92: Wiraswasta
B93: 24 | C93: 520101 0703110145 | D93: 86 | E93: Kamariah | F93: Istri | G93: 520101 6402900002 | H93: P | I93: Kawan | J93: Waje Geseng | K93: 32928 | L93: 1990 | M93: =2019-L93 -> 29 | N93: Islam | O93: Sasak | P93: SLTP/Sederajat | R93: Mengurus Rumah Tangga
D94: 87 | E94: Nayma Putri Hartanti | F94: Anak | G94: 520101 6208090001 | H94: P | I94: Belum kawin | J94: Dasan Geres | K94: 40047 | L94: 2009 | M94: =2019-L94 -> 10 | N94: Islam | O94: Sasak | P94: Belum tamat SD/Sederajat | R94: Pelajar/Mahasiswa
D95: 88 | E95: Aldin Hardiansyah | F95: Anak | G95: 520101 0211160005 | H95: L | I95: Belum kawin | J95: Dasan Geres | K95: 42676 | L95: 2016 | M95: =2019-L95 -> 3 | N95: Islam | O95: Sasak | P95: Tidak/Belun Sekolah | R95: Belum/Tidak Bekerja
B96: 25 | C96: 520101 0503083003 | D96: 89 | E96: Zaenudin | F96: KK | G96: 520101 0107690064 | H96: L | I96: Kawin | J96: Dasan Geres | K96: 27942 | L96: 1976 | M96: =2019-L96 -> 43 | N96: Islam | O96: Sasak | P96: Tamat SD/Sederajat | R96: Buruh Harian Lepas
D97: 90 | E97: Sumini | F97: Istri | G97: 520101 4107770516 | H97: P | I97: Kawin | J97: Dasan Geres Pande | K97: 28672 | L97: 1978 | M97: =2019-L97 -> 41 | N97: Islam | O97: Sasak | P97: SLTP/Sederajat | R97: Mengurus Rumah Tangga
D98: 91 | E98: Muhamad Reza | F98: Anak | G98: 520101 0107010352 | H98: L | I98: Belum kawin | J98: Dasan Geres Tengah | K98: 37109 | L98: 2001 | M98: =2019-L98 -> 18 | N98: Islam | O98: Sasak | P98: Belum tamat SD/Sederajat | R98: Pelajar/Mahasiswa
D99: 92 | E99: Dina Olivia | F99: Anak | G99: 520101 4107050376 | H99: P | I99: Belum kawin | J99: Mataram | K99: 39083 | L99: 2007 | M99: =2019-L99 -> 12 | N99: Islam | O99: Sasak | P99: Belum tamat SD/Sederajat | R99: Pelajar/Mahasiswa
D100: 93 | E100: Dini Aminarti | F100: Anak | G100: 520101 4107050375 | H100: P | I100: Belum kawin | J100: Mataram | K100: 39083 | L100: 2007 | M100: =2019-L100 -> 12 | N100: Islam | O100: Sasak | P100: Belum tamat SD/Sederajat | R100: Pelajar/Mahasiswa
B101: 26 | D101: 94 | E101: Joriah | F101: KK | H101: P | I101: Janda | K101: 25750 | L101: 1970 | M101: =2019-L101 -> 49 | N101: Islam | P101: -
...

Sheet RT 04
B1: DATA INDUK PENDUDUK KELURAHAN DASAN GERES
B2: TAHUN 2019
B3: LINGKUNGAN DASAN GERES TIMUR
B4: RT 04
B5: No | C5: Nomor KK | D5: Jumlah Jiwa | E5: Nama Lengkap/ Panggilan | F5: Kedudukan dalam Keluarga | G5: NIK | H5: Jenis Kelamin (L/P) | I5: Status Perkawinan | J5: Lahir | M5: Usia | N5: Agama | O5: Etnis | P5: Pendidikan Terakhir | Q5: Jurusan | R5: Pekerjaan
J6: Tempat | K6: Tanggal | L6: Tahun
B8: 1 | D8: 1 | E8: Jumenah | F8: KK | G8: 520101 1005850007 | H8: L | I8: Kawin | K8: 30446 | L8: 1983 | M8: =2019-L8 -> 36 | N8: Islam | P8: PT/Akademik
D9: 2 | E9: Nikmah | F9: Istri | G9: 520101 6512850002 | H9: P | I9: Kawin | K9: 31404 | L9: 1985 | M9: =2019-L9 -> 34 | N9: Islam | P9: PT/Akademi
D10: 3 | E10: Maulana Anwar Habib | F10: Anak | G10: 520101 2302110001 | H10: L | I10: Belum kawin | K10: 40597 | L10: 2011 | M10: =2019-L10 -> 8 | N10: Islam | P10: -
B11: 2 | C11: 520101 0703110106 | D11: 4 | E11: Burhanudin | F11: KK | G11: 520101 2704830003 | H11: L | I11: Kawin | J11: Dasan Geres Tengah | K11: 30433 | L11: 1983 | M11: =2019-L11 -> 36 | N11: Islam | O11: Sasak | P11: SLTA/Sederajat | R11: Wiraswasta
D12: 5 | E12: Siti Maryam | F12: Istri | G12: 520101 4403890002 | H12: P | I12: Kawin | J12: Dasan Geres Tengah | K12: 32571 | L12: 1989 | M12: =2019-L12 -> 30 | N12: Islam | O12: Sasak | P12: SLTA/Sederajat | R12: Wiraswasta
D13: 6 | E13: Sastia Yulia ningsih | F13: Anak | G13: 520101 5006090002 | H13: p | I13: Belum kawin | J13: Dasan Geres Tengah | K13: 39974 | L13: 2009 | M13: =2019-L13 -> 10 | N13: Islam | O13: Sasak | P13: Tidak/Belum Sekolah | R13: Belum/Tidak Sekolah
D14: 7 | E14: Amelia azzahra | F14: Anak | G14: 520101 5902160001 | H14: p | I14: Belum Kawin | J14: Dasan Geres | K14: 42419 | L14: 2016 | M14: =2019-L14 -> 3 | N14: Islam | O14: Sasak | P14: Tidak/Belum Sekolah | R14: Belum/Tidak Sekolah
B15: 3 | C15: 520101 3103160002 | D15: 8 | E15: Muhamad | F15: KK | G15: 520101 2005800006 | H15: L | I15: Kawin | J15: Dasan Geres | K15: 29361 | L15: 1980 | M15: =2019-L15 -> 39 | N15: Islam | O15: Sasak | P15: SLTA/Sederajat | R15: Wiraswasta
D16: 9 | E16: Suharnik | F16: Istri | G16: 520101 5104850003 | H16: P | I16: Kawin | J16: Puyung | K16: 31148 | L16: 1985 | M16: =2019-L16 -> 34 | N16: Islam | O16: Sasak | P16: Tamat SD/Sederajat | R16: Mengurus Rumah Tangga
D17: 10 | E17: Fitri Ramadani | F17: Anak | G17: 520101 5010070002 | H17: P | I17: Belum kawin | J17: Dasan Geres | K17: 39365 | L17: 2007 | M17: =2019-L17 -> 12 | N17: Islam | O17: Sasak | P17: Belum Tamat SD/Sederajat | R17: Pelajar/Mahasiswa
D18: 11 | E18: Rizki NikmatulLah | F18: Anak | G18: 520101 1208120006 | H18: L | I18: Belum kawin | J18: Dasan Geres | K18: 41133 | L18: 2012 | M18: =2019-L18 -> 7 | N18: Islam | O18: Sasak | P18: Tidak/Belum Sekolah | R18: Belum/Tidak Sekolah
B19: 4 | C19: 520101 0604180008 | D19: 12 | E19: Ibrahim | F19: KK | G19: 520101 0107900125 | H19: L | I19: Kawin | J19: Dasan Geres Tengah | K19: 31594 | L19: 1986 | M19: =2019-L19 -> 33 | N19: Islam | O19: Sasak | P19: SLTA/Sederajat | R19: Wiraswasta
D20: 13 | E20: Rodiah | F20: Istri | G20: 520113 7112860238 | H20: P | I20: Kawin | J20: Teluk Waru | K20: 31777 | L20: 1986 | M20: =2019-L20 -> 33 | N20: Islam | O20: Sasak | P20: SLTA/Sederajat | R20: Mengurus Rumah Tangga
B21: 5 | C21: 520101 0703110279 | D21: 14 | E21: Saiun | F21: KK | G21: 520101 0107750533 | H21: L | I21: Kawin | J21: Dasan Geres Timur | K21: 27576 | L21: 1975 | M21: =2019-L21 -> 44 | N21: Islam | O21: Sasak | P21: SLTA/Sederajat | R21: Wiraswasta
D22: 15 | E22: Junuriah | F22: Istri | G22: 520101 4107800726 | H22: P | I22: Kawin | J22: Dasan Geres Timur | K22: 29768 | L22: 1981 | M22: =2019-L22 -> 38 | N22: Islam | O22: Sasak | P22: Tamat SD/Sederajat | R22: Pedagang
D23: 16 | E23: Fujeriatun Oktariani | F23: Anak | G23: 520101 5910980001 | H23: P | I23: Belum Kawin | J23: Dasan Geres Timur | K23: 36087 | L23: 1998 | M23: =2019-L23 -> 21 | N23: Islam | O23: Sasak | P23: SLTP/Sederajat | R23: Pelajar/Mahasiswa
D24: 17 | E24: Dian Komala Dewi | F24: Anak | G24: 520101 6501050002 | H24: P | I24: Belum kawin | J24: Dasan Geres Timur | K24: 38011 | L24: 2004 | M24: =2019-L24 -> 15 | N24: Islam | O24: Sasak | P24: Belum Tamat SD/Sederajat | R24: Pelajar/Mahasiswa
D25: 18 | E25: Ummi Zakrah | F25: Anak | G25: 520101 5003100001 | H25: P | I25: Belum kawin | J25: Dasan Geres Timur | K25: 40247 | L25: 2010 | M25: =2019-L25 -> 9 | N25: Islam | O25: Sasak | P25: Tidak/Belum Sekolah | R25: Belum/Tidak Sekolah
B26: 6 | D26: 19 | E26: Murdan | F26: KK | H26: L | I26: Kawin | K26: 16500 | L26: 1945 | M26: =2019-L26 -> 74 | N26: Islam | P26: -
D27: 20 | E27: Budiyah | F27: Istri | H27: P | I27: Kawin | K27: 18272 | L27: 1950 | M27: =2019-L27 -> 69 | N27: Islam | P27: -
B28: 7 | D28: 21 | E28: Mulhakim | F28: KK | G28: 520101 0107940293 | H28: L | I28: kawin | K28: 33487 | L28: 1991 | M28: =2019-L28 -> 28 | N28: Islam | P28: SLTA/MA
D29: 22 | E29: Sri Wijayanti | F29: Istri | G29: 520101 1010140002 | H29: P | I29: Kawin | K29: 33000 | L29: 1990 | M29: =2019-L29 -> 29 | N29: Islam | P29: SLTA/MA
D30: 23 | E30: Muhamad Satria Hakim | F30: Anak | G30: 520101 1010140002 | H30: L | I30: Belum kawin | K30: 41913 | L30: 2014 | M30: =2019-L30 -> 5 | N30: Islam | P30: -
B31: 8 | C31: 520101 0503082023 | D31: 24 | E31: Riadi | F31: KK | G31: 520101 0107690390 | H31: L | I31: Kawin | J31: Dasab Geres Timur | K31: 25385 | L31: 1969 | M31: =2019-L31 -> 50 | N31: Islam | O31: Sasak | P31: Tamat SD/Sederajat | R31: Wiraswasta
D32: 25 | E32: Soleha | F32: Istri | G32: 520101 4107700603 | H32: P | I32: Kawin | J32: Tempos | K32: 25750 | L32: 1970 | M32: =2019-L32 -> 49 | N32: Islam | O32: Sasak | P32: SLTA/Sederajat | R32: Peternak
D33: 26 | E33: Manik Agung | F33: Anak | G33: 520101 0505950005 | H33: L | I33: Belum kawin | J33: Dasan Geres Timur | K33: 34824 | L33: 1995 | M33: =2019-L33 -> 24 | N33: Islam | O33: Sasak | P33: SLTA/Sederajat | R33: Wiraswasta
D34: 27 | E34: Firman Firdaus | F34: Anak | G34: 520101 1208000001 | H34: L | I34: Belum kawin | J34: Dasan Geres Timur | K34: 36750 | L34: 2000 | M34: =2019-L34 -> 19 | N34: Islam | O34: Sasak | P34: SLTA/Sederajat | R34: Pelajar/Mahasiswa
D35: 28 | E35: Wahyu Kalam | F35: Anak | G35: 520101 2511050002 | H35: L | I35: Belum kawin | J35: Dasan Geres | K35: 38589 | L35: 2005 | M35: =2019-L35 -> 14 | N35: Islam | O35: Sasak | P35: Belum Tamat SD/Sederajat | R35: Pelajar/Mahasiswa
B36: 9 | C36: 520101 0503085072 | D36: 29 | E36: Rejan | F36: KK | G36: 520101 0107580146 | H36: L | I36: Kawin | J36: Dasan Geres | K36: 21367 | L36: 1958 | M36: =2019-L36 -> 61 | N36: Islam | O36: Sasak | P36: Tidak/Belum Sekolah | R36: Buruh Harian Lepas
D37: 30 | E37: Idah | F37: Istri | G37: 520101 4107690229 | H37: P | I37: Kawin | J37: Dasan Geres | K37: 25385 | L37: 1969 | M37: =2019-L37 -> 50 | N37: Islam | O37: Sasak | P37: Tidak/Belum Sekolah | R37: Mengurus Rumah Tangga
B38: 10 | D38: 31 | E38: Hariadi | F38: KK | G38: 520101 2105840005 | H38: L | I38: kawin | K38: 30823 | L38: 1984 | M38: =2019-L38 -> 35 | N38: Islam | P38: SLTA/MA
D39: 32 | E39: Nurhaini | F39: Istri | G39: 520101 6102910001 | H39: P | I39: Kawin | K39: 33280 | L39: 1991 | M39: =2019-L39 -> 28 | N39: Islam | P39: SLTA/MA
D40: 33 | E40: M Yusuf Fazuri | F40: Anak | G40: 520101 1405130003 | H40: L | I40: Belum Kawin | K40: 41405 | L40: 2013 | M40: =2019-L40 -> 6 | N40: Islam | P40: -
B41: 11 | C41: 520101 0503085076 | D41: 34 | E41: Janoar | F41: KK | G41: 520101 1011770001 | H41: L | I41: Kawin Belum Tercatat | J41: Dasan Geres | K41: 28439 | L41: 1977 | M41: =2019-L41 -> 42 | N41: Islam | O41: Sasak | P41: Tamat SD/Sederajat | R41: Buruh Tani/Perkebunan
D42: 35 | E42: Marzanah | F42: Istri | G42: 520101 4107790561 | H42: P | I42: Kawin Belum Tercatat | J42: Dasan Geres | K42: 29037 | L42: 1979 | M42: =2019-L42 -> 40 | N42: Islam | O42: Sasak | P42: Tamat SD/Sederajat | R42: Buruh Tani/Perkebunan
D43: 36 | E43: Juanda Al Fitri Yeni | F43: Anak | G43: 520101 6103060004 | H43: P | I43: Belum kawin | J43: Dasan Geres | K43: 38797 | L43: 2006 | M43: =2019-L43 -> 13 | N43: Islam | O43: Sasak | P43: Tidak/Belum Sekolah | R43: Belum/Tidak Bekerja
D44: 37 | E44: M Jaelani | F44: Anak | G44: 520101 2209120003 | H44: L | I44: Belum kawi | J44: Dasan Tapen | K44: 41174 | L44: 2012 | M44: =2019-L44 -> 7 | N44: Islam | O44: Sasak | P44: Tidak/Belum Sekolah | R44: Belum/Tidak Bekerja
B45: 12 | C45: 520101 0503082087 | D45: 38 | E45: Zaini | F45: KK | G45: 520101 0107650447 | H45: L | I45: Kawin Belum Tercatat | J45: Dasan Geres Timur | K45: 23924 | L45: 1965 | M45: =2019-L45 -> 54 | N45: Islam | O45: Sasak | P45: Tamat SD/Sederajat | R45: Petani/Pekebun
D46: 39 | E46: Nurmini | F46: Istri | G46: 520101 4107680400 | H46: P | I46: Kawin Belum Tercatat | J46: Dasan Geres Timur | K46: 22828 | L46: 1962 | M46: =2019-L46 -> 57 | N46: Islam | O46: Sasak | P46: Belum Tamat SD/Sederajat | R46: Mengurus Rumah Tangga
D47: 40 | E47: Rosidi | F47: Anak | G47: 520101 0807890001 | H47: L | I47: Belum kawin | J47: Dasan Geres | K47: 31777 | L47: 1986 | M47: =2019-L47 -> 33 | N47: Islam | O47: Sasak | P47: SLTP/Sederajat | R47: Wiraswasta
D48: 41 | E48: Siti Aisah | F48: Anak | G48: 520101 4107950351 | H48: p | I48: Belum kawin | J48: Dasan Geres Tengah | K48: 34881 | L48: 1995 | M48: =2019-L48 -> 24 | N48: Islam | O48: Sasak | P48: Tamat SD/Sederajat | R48: Pelajar/Mahasiswa
B49: 13 | D49: 42 | E49: Ahmadyani | F49: KK | G49: 520101 1809820002 | H49: L | I49: Kawin | K49: 30577 | L49: 1983 | M49: =2019-L49 -> 36 | N49: Islam | P49: SLTP/MTSN
D50: 43 | E50: Munawaroh | F50: Istri | G50: 520101 4408900001 | H50: P | I50: Kawin | K50: 33089 | L50: 1990 | M50: =2019-L50 -> 29 | N50: Islam | P50: SLTP/MTSN
B51: 14 | C51: 520101 2110100028 | D51: 44 | E51: Nursan | F51: KK | G51: 520101 3112750005 | H51: L | I51: Kawin | J51: Dasan Geres Tengah | K51: 27759 | L51: 1975 | M51: =2019-L51 -> 44 | N51: Islam | O51: Sasak | P51: Tamat SD/Sederajat | R51: Petani/Pekebun
D52: 45 | E52: Kuniah | F52: Istri | G52: 520101 7112780080 | H52: P | I52: Kawin | J52: Dasan Geres Tengah | K52: 28855 | L52: 1978 | M52: =2019-L52 -> 41 | N52: Islam | O52: Sasak | P52: Tamat SD/Sederajat | R52: Petani/Pekebun
D53: 46 | E53: Salkiah | F53: Anak | G53: 520101 7112890044 | H53: P | I53: Belum Kawin | J53: Dasan Geres Tengah | K53: 32873 | L53: 1989 | M53: =2019-L53 -> 30 | N53: Islam | O53: Sasak | P53: SLTP/Sederajat | R53: Belum/Tidak Bekerja
D54: 47 | E54: Sukri | F54: Anak | G54: 520101 3112900042 | H54: L | I54: Belum kawin | J54: Dasan Geres Tengah | K54: 33238 | L54: 1990 | M54: =2019-L54 -> 29 | N54: Islam | O54: Sasak | P54: SLTP/Sederajat | R54: Belum/Tidak Bekerja
D55: 48 | E55: Samsul Hadi | F55: Anak | G55: 520101 0802910002 | H55: L | I55: Belum Kawin | J55: Dasan Geres Tengah | K55: 33277 | L55: 1991 | M55: 28 | N55: Islam | O55: Sasak | P55: SLTP/Sederajat | R55: Belum/Tidak Bekerja
D56: 49 | E56: Sumaini | F56: Anak | G56: 520101 7112930019 | H56: P | I56: Belum kawin | J56: Dasan Geres Tengah | K56: 34334 | L56: 1993 | M56: =2019-L56 -> 26 | N56: Islam | O56: Sasak | P56: SLTP/Sederajat | R56: Belum/Tidak Bekerja
B57: 15 | C57: 520101 0503082101 | D57: 50 | E57: Maknah | F57: Istri | G57: 520101 4107490062 | H57: P | I57: Kawin | J57: Dasan Geres | K57: 18080 | L57: 1949 | M57: =2019-L57 -> 70 | N57: Islam | O57: Sasak | P57: Belum Tamat SD/Sederajat | R57: Mengurus Rumah Tangga
B58: 16 | D58: 51 | E58: Marzuri | F58: KK | G58: 520101 3112820123 | H58: L | I58: Kawin | K58: 30316 | L58: 1982 | M58: =2019-L58 -> 37 | N58: Islam | O58: Sasak | P58: SLTA/MA
D59: 52 | E59: Rabi Atun | F59: Istri | G59: 520101 7112820054 | H59: P | I59: Kawin | K59: 30681 | L59: 1983 | M59: =2019-L59 -> 36 | N59: Islam | O59: Sasak | P59: SLTP/MTSN
D60: 53 | E60: Malfeareza Azzohri | F60: Anak | G60: 520101 2511070003 | H60: L | I60: Belum kawin | K60: 39412 | L60: 2007 | M60: =2019-L60 -> 12 | N60: Islam | O60: Sasak | P60: -
B61: 17 | C61: 520101 0503083741 | D61: 54 | E61: Sahnan | F61: KK | G61: 520101 0107720210 | H61: L | I61: Kawin Belum Tercatat | J61: Dasan Geres Tengah | K61: 26481 | L61: 1972 | M61: =2019-L61 -> 47 | N61: Islam | O61: Sasak | P61: Tamat SD/Sederajat | R61: Wiraswasta
D62: 55 | E62: Hasmani | F62: Istri | G62: 520208 4107760275 | H62: P | I62: Kawin Belum Tercatat | J62: Karang Kebon | K62: 27942 | L62: 1976 | M62: =2019-L62 -> 43 | N62: Islam | O62: Sasak | P62: Belum Tamat SD/Sederajat | R62: Buruh Tani/Perkebunan
D63: 56 | E63: Moh. Ramdani | F63: Anak | G63: 520101 1307150002 | H63: L | I63: Belum Kawin | J63: Dasan Geres | K63: 42198 | L63: 2015 | M63: =2019-L63 -> 4 | N63: Islam | O63: Sasak | P63: Tidak/Belum Sekolah | R63: Belum/Tidak Bekerja
D64: 57 | E64: Sopia | F64: Anak | G64: 520101 4902180003 | H64: p | I64: Belum Kawin | J64: Gerung | K64: 43140 | L64: 2018 | M64: =2019-L64 -> 1 | N64: Islam | O64: Sasak | P64: Tidak/Belum Sekolah | R64: Belum/Tidak Bekerja
B65: 18 | C65: 520101 3008131012 | D65: 58 | E65: Pahariah | F65: KK | G65: 520101 4107721001 | H65: P | I65: Cerai Hidup | J65: Dasan Geres | K65: 26481 | L65: 1972 | M65: =2019-L65 -> 47 | N65: Islam | O65: Sasak | P65: Tamat SD/Sederajat | R65: Buruh Tani/Perkebunan
D66: 59 | E66: Abdul Rahim | F66: Anak | G66: 520101 0404021001 | H66: L | I66: Belum kawin | J66: Dasan Geres | K66: 37350 | L66: 2002 | M66: =2019-L66 -> 17 | N66: Islam | O66: Sasak | P66: Tamat SD/Sederajat | R66: Pelajar/Mahasiswa
D67: 60 | E67: Sa'ah | F67: Lain-lain | G67: 520101 4107571002 | H67: P | I67: Cerai Mati | J67: Dasan Geres | K67: 21002 | L67: 1957 | M67: =2019-L67 -> 62 | N67: Islam | O67: Sasak | P67: Tidak/Belum Sekolah | R67: Petani/Pekebun
B68: 19 | C68: 520101 0404141001 | D68: 61 | E68: Usman | F68: KK | G68: 520101 0403851001 | H68: L | I68: Kawin | J68: Dasan Geres | K68: 30316 | L68: 1982 | M68: =2019-L68 -> 37 | N68: Islam | O68: Sasak | P68: Tamat SD/Sederajat | R68: Buruh Harian Lepas
D69: 62 | E69: Misnawati | F69: Istri | G69: 520101 5704901002 | H69: P | I69: Kawin | J69: Pelambik | K69: 32980 | L69: 1990 | M69: =2019-L69 -> 29 | N69: Islam | O69: Sasak | P69: Tamat SD/Sederajat | R69: Mengurus Rumah Tangga
D70: 63 | E70: Suci Amanda | F70: Anak | G70: 520101 6802111001 | H70: P | I70: Belum kawin | J70: Dasan Geres | K70: 40602 | L70: 2011 | M70: =2019-L70 -> 8 | N70: Islam | O70: Sasak | P70: Tidak/Belum Sekolah | R70: Belum/Tidak Bekerja
D71: 64 | E71: Nanda Herman | F71: Anak | G71: 520101 0103180003 | H71: L | I71: Belum kawin | J71: Gerung | K71: 43160 | L71: 2018 | M71: =2019-L71 -> 1 | N71: Islam | O71: Sasak | P71: Tidak/Belum Sekolah | R71: Belum/Tidak Bekerja
B72: 20 | D72: 65 | E72: Sajenah | F72: KK | H72: P | I72: Janda | K72: 19496 | L72: 1953 | M72: =2019-L72 -> 66 | N72: Islam | P72: -
B73: 21 | C73: 520101 1608120001 | D73: 66 | E73: Zaenal Abidin | F73: KK | G73: 520101 1008720002 | H73: L | I73: Kawin | J73: Dasan Geres Tengah | K73: 26521 | L73: 1972 | M73: =2019-L73 -> 47 | N73: Islam | O73: Sasak | P73: SLTP/Sederajat | R73: Wiraswasta
D74: 67 | E74: Baiq Sri Budi Hartini | F74: Istri | G74: 520101 5707880003 | H74: P | I74: Kawin | J74: Dasan Geres Tengah | K74: 32341 | L74: 1988 | M74: =2019-L74 -> 31 | N74: Islam | O74: Sasak | P74: SLTP/Sederajat | R74: Pedagang
D75: 68 | E75: Sulis Tini | F75: Anak | G75: 520101 4908090003 | H75: P | I75: Belum kawin | J75: Gerung | K75: 40065 | L75: 2009 | M75: =2019-L75 -> 10 | N75: Islam | O75: Sasak | P75: Tidak/Belum Sekolah | R75: Belum/Tidak Bekerja
B76: 22 | C76: 520101 2603190001 | D76: 69 | E76: kursiah | F76: KK | G76: 520101 4107840466 | H76: P | I76: Cerai Mati | J76: Beleke | K76: 30774 | L76: 1984 | M76: =2019-L76 -> 35 | N76: Islam | O76: Sasak | P76: Tamat SD/Sederajat | R76: Buruh Tani/Perkebunan
D77: 70 | E77: Haerul Fikri | F77: Anak | G77: 520101 2709020002 | H77: L | I77: Belum kawin | J77: Dasan Geres | K77: 39352 | L77: 2007 | M77: =2019-L77 -> 12 | N77: Islam | O77: Sasak | P77: Belum Tamat SD/Sederajat | R77: Pelajar/Mahasiswa
D78: 71 | E78: Widia ayu | F78: Anak | G78: 520101 5710100001 | H78: P | I78: Belum kawin | J78: Dasan Geres | K78: 40468 | L78: 2010 | M78: =2019-L78 -> 9 | N78: Islam | O78: Sasak | P78: Tidak/Belum Sekolah | R78: Belum/Tidak Bekerja
B79: 23 | C79: 520101 0503085069 | D79: 72 | E79: Saeful | F79: KK | G79: 520101 0107710291 | H79: L | I79: Kawin | J79: Dasan Geres | K79: 26115 | L79: 1971 | M79: =2019-L79 -> 48 | N79: Islam | O79: Sasak | P79: SLTA/Sederajat | R79: Tukang Jahit
D80: 73 | E80: Sumarni | F80: Istri | G80: 520101 41027730398 | H80: P | I80: Kawin | J80: Dasan Geres Pande | K80: 26846 | L80: 1973 | M80: =2019-L80 -> 46 | N80: Islam | O80: Sasak | P80: Tamat SD/Sederajat | R80: Tukang Jahit
D81: 74 | E81: Nani Hastriani | F81: Anak | G81: 520101 5702950006 | H81: P | I81: Belum kawin | J81: Dasan Geres | K81: 34380 | L81: 1994 | M81: =2019-L81 -> 25 | N81: Islam | O81: Sasak | P81: Akedemi Diploma III/Sarjan Muda | R81: Pelajar/Mahasiswa
D82: 75 | E82: Ziadah Ilma Dewi | F82: Anak | G82: 520101 5411040002 | H82: P | I82: Belum kawin | J82: Dasan Geres | K82: 38305 | L82: 2004 | M82: =2019-L82 -> 15 | N82: Islam | O82: Sasak | P82: Tamat SD/Sederajat | R82: Pelajar/Mahasiswa
B83: 24 | C83: 520101 0703110267 | D83: 76 | E83: Muharis | F83: KK | G83: 520101 2309870001 | H83: L | I83: Kawin Tercatat | J83: Dasan Geres Tengah | K83: 32043 | L83: 1987 | M83: =2019-L83 -> 32 | N83: Islam | O83: Sasak | P83: SLTA/Sederajat | R83: Wiraswasta
D84: 77 | E84: Sri mulyana | F84: Istri | G84: 520101 4710880002 | H84: P | I84: Kawin Tercatat | J84: Dasan Tebu | K84: 32423 | L84: 1988 | M84: =2019-L84 -> 31 | N84: Islam | O84: Sasak | P84: SLTP/Sederajat | R84: Wiraswasta
D85: 78 | E85: Ifa Hidayatin Haris | F85: Anak | G85: 520101 7006100001 | H85: P | I85: Belum kawin | J85: Lobar | K85: 40359 | L85: 2010 | M85: =2019-L85 -> 9 | N85: Islam | O85: Sasak | P85: Belum Tamat SD/Sederajat | R85: Pelajar/Mahasiswa
B86: 25 | D86: 79 | E86: Ahmad Zaky Waiz Haris | F86: KK | G86: 520101 1202190001 | H86: L | I86: Belum Kawin | J86: Dasan Geres | K86: 43508 | L86: 2019 | M86: =2019-L86 -> 0 | N86: Islam | O86: Sasak | P86: Tidak/Belum Sekolah | R86: Belum/Tidak Bekerja
D87: 80 | E87: Sri Mulyani | F87: Istri | G87: 520101 4710880002 | H87: L | I87: Kawin | K87: 31692 | L87: 1986 | M87: =2019-L87 -> 33 | N87: Islam | P87: SLTP/MTSN
D88: 81 | E88: Ifa Bidayatina Haris | F88: Anak | G88: 520101 7005100001 | H88: L | I88: Belum kawin | K88: 40359 | L88: 2010 | M88: =2019-L88 -> 9 | N88: Islam | P88: -
B89: 26 | C89: 520101 2006160006 | D89: 82 | E89: Rusimah | F89: KK | G89: 520101 7112610014 | H89: P | I89: Janda | J89: DASAN GERES | K89: 22646 | L89: 1961 | M89: =2019-L89 -> 58 | N89: Islam | O89: Sasak | P89: Tidak/Belum Sekolah | R89: Mengurus Rumah Tangga
B90: 27 | C90: 520101 0703110230 | D90: 83 | E90: Sairun | F90: KK | G90: 520101 0107690396 | H90: L | I90: Kawin | J90: Dasan Geres Timur | K90: 25385 | L90: 1969 | M90: =2019-L90 -> 50 | N90: Islam | O90: Sasak | P90: Belum Tamat SD/Sederajat | R90: Buruh Tani/Perkebunan
D91: 84 | E91: Mardiah | F91: Istri | G91: 520101 4107710322 | H91: P | I91: Kawin | J91: Babussalam | K91: 26115 | L91: 1971 | M91: =2019-L91 -> 48 | N91: Islam | O91: Sasak | P91: Belum Tamat SD/Sederajat | R91: Buruh Tani/Perkebunan
D92: 85 | E92: Nurhidayah | F92: Anak | G92: 520101 4808020002 | H92: P | I92: Belum kawin | J92: Dasan Geres Timur | K92: 37476 | L92: 2002 | M92: =2019-L92 -> 17 | N92: Islam | O92: Sasak | P92: SLTP/Sederajat | R92: Pelajar/Mahasiswa
D93: 86 | E93: Zahratul Aini | F93: Anak | G93: 520101 4701080002 | H93: P | I93: Belum kawin ` | J93: Dasan Geres Timur | K93: 39454 | L93: 2008 | M93: =2019-L93 -> 11 | N93: Islam | O93: Sasak | P93: Tamat SD/Sederajat | R93: Pelajar/Mahasiswa
B94: 28 | C94: 520101 0809120036 | D94: 87 | E94: Hairudin | F94: KK | G94: 520101 1212780009 | H94: L | I94: Kawin Tercatat | J94: Dasan Geres | K94: 28836 | L94: 1978 | M94: =2019-L94 -> 41 | N94: Islam | O94: Sasak | P94: Tamat SD/Sederajat | R94: Petani/Pekebun
D95: 88 | E95: Warni | F95: Istri | G95: 520101 4107760283 | H95: P | I95: Kawin Tercatat | J95: Dasan Geres | K95: 29586 | L95: 1980 | M95: =2019-L95 -> 39 | N95: Islam | O95: Sasak | P95: Tamat SD/Sederajat | R95: Mengurus Rumah Tangga
D96: 89 | E96: Nadira Fitria | F96: Anak | G96: 520101 5207130002 | H96: P | I96: Belum kawin | J96: Dasan Geres | K96: 41467 | L96: 2013 | M96: =2019-L96 -> 6 | N96: Islam | O96: Sasak | P96: Tidak/Belum Sekolah | R96: Belum/Tidak Bekerja
D97: 90 | E97: Naufa Al Huzayn | F97: Anak | G97: 520101 0602190003 | H97: L | I97: Belum Kawin | J97: Dasan Geres | K97: 43502 | L97: 2019 | M97: =2019-L97 -> 0 | N97: Islam | O97: Sasak | P97: Tidak/Belum Sekolah | R97: Belum/Tidak Bekerja
B98: 29 | D98: 91 | E98: Saibe | F98: KK | G98: 520101 3112600097 | H98: P | I98: Janda | K98: 22281 | L98: 1960 | M98: =2019-L98 -> 59 | N98: Islam | P98: -
B99: 30 | C99: 520101 0503086056 | D99: 92 | E99: Aswad | F99: KK | G99: 520101 2703670001 | H99: L | I99: Kawin | J99: Dasan Geres | K99: 24558 | L99: 1967 | M99: =2019-L99 -> 52 | N99: Islam | O99: Sasak | P99: SLTP/Sederajat | R99: Wiraswasta
D100: 93 | E100: Safnah | F100: Istri | G100: 520101 5210720003 | H100: P | I100: Kawin | J100: Dasan Geres Tengah | K100: 26584 | L100: 1972 | M100: =2019-L100 -> 47 | N100: Islam | O100: Sasak | P100: SLTP/Sederajat | R100: Mengurus Rumah Tangga
D101: 94 | E101: Suryani | F101: Anak | G101: 520101 6101900003 | H101: P | I101: Belum kawin | J101: Dasan Geres Tengah | K101: 32894 | L101: 1990 | M101: =2019-L101 -> 29 | N101: Islam | O101: Sasak | P101: SLTA/Sederajat | R101: Wiraswasta
...

Sheet Sheet1
A1: 64 | C1: 210
A2: 42 | C2: 152
A3: 32 | C3: 115
A4: 61 | C4: 208
A5: =SUM(A1:A4) -> 199 | C5: =SUM(C1:C4) -> 685

Sheet Pindah Keluar
B2: No | C2: Nomor KK | D2: Jumlah Jiwa | E2: Nama Lengkap/panggilan | F2: Kedudukan dalam Keluarga | G2: NIK | H2: Jenis Kelamin (L/P) | I2: Status Perkawinan | J2: Lahir | M2: Usia | N2: Agama | O2: Etnis | P2: Pendidikan Terakhir | Q2: Jurusan | R2: Pekerjaan | S2: Cacat | U2: Ada/tidak
J3: Tempat | K3: Tanggal | L3: Tahun | S3: Mental | T3: Fisik | U3: KK | V3: KTP/KIA | W3: Buku Niikah
D5: 114 | E5: Siti Khadijah | F5: Anak | G5: 520101 5990496001 | H5: P | I5: Belum kawin | K5: 35174 | M5: =2019-L5 -> 2019 | N5: Islam | P5: SLTA/MA
D6: 104 | E6: Nia Wahyuni | F6: Lainnya | G6: 0 | H6: P | I6: Janda | K6: 34989 | M6: =2019-L6 -> 2019 | N6: Islam | P6: SD/MI
E7: Hasanah | F7: Anak | G7: 520101 4107840041 | H7: P | I7: Belum kawin | K7: 29586 | L7: 29586 | M7: =2019-L7 -> -27567 | N7: Islam | O7: Sasak | P7: SLTA/Sederajat
D8: 166 | E8: Mutini | F8: Anak | G8: 520101 4388899001 | H8: P | I8: Belum Kawin | K8: 36222 | M8: =2019-L8 -> 2019 | N8: Islam | P8: SLTP/MTSN
B9: rt 2 | D9: 132 | E9: Rozi Budiman | F9: Lainnya | G9: 0 | H9: L | I9: Belum kawin | K9: 35098 | M9: =2019-L9 -> 2019 | N9: Islam
B10: rt 2 | D10: 133 | E10: Roza komalasari | F10: Lainnya | G10: 0 | H10: P | I10: Belum kawin | K10: 35978 | M10: =2019-L10 -> 2019 | N10: Islam
B11: rt 4 | D11: 175 | E11: Maryani | F11: Anak | G11: 520101 4203890002 | H11: P | I11: Janda | K11: 32569 | M11: =2019-L11 -> 2019 | N11: Islam | P11: SLTP/MTSN
B12: rt 4 | D12: 177 | E12: Ade Zulhaaa | F12: Anak | G12: 520101 0208890002 | H12: L | I12: Belu kawin | K12: 35279 | M12: =2019-L12 -> 2019 | N12: Islam | P12: SLTP/MTSN
B13: rt 1 | D13: 116 | E13: Munawarah | F13: Anak | G13: 520101 4101880004 | H13: P | I13: Belum kawin | K13: 32143 | M13: =2019-L13 -> 2019 | N13: Islam | P13: SLTA/MA
B14: rt 3 | D14: 68 | E14: Herna Sari | F14: Anak | G14: 520101 200403338 | H14: P | I14: Belum kawin | K14: 33340 | M14: =2019-L14 -> 2019 | N14: Islam | P14: SLTP/MTSN
B15: rt 3 | D15: 69 | E15: Muhamad Indra | F15: Anak | G15: 520101 200403339 | H15: L | I15: Belum kawin | K15: 33800 | M15: =2019-L15 -> 2019 | N15: Islam | P15: SLTP/MTSN
B16: RT 2 | D16: 60 | E16: Ranni wati | F16: Anak | G16: 520101 4107870486 | H16: P | I16: Belum kawin | J16: DASAN GERES | K16: 33790 | L16: 1992 | M16: =2019-L16 -> 27 | N16: Islam | O16: Sasak

Sheet Meninggal
B2: No | C2: Nomor KK | D2: Jumlah Jiwa | E2: Nama Lengkap/panggilan | F2: Kedudukan dalam Keluarga | G2: NIK | H2: Jenis Kelamin (L/P) | I2: Status Perkawinan | J2: Lahir | M2: Usia | N2: Agama | O2: Etnis | P2: Pendidikan Terakhir | Q2: Jurusan | R2: Pekerjaan | S2: Cacat | U2: Ada/tidak
J3: Tempat | K3: Tanggal | L3: Tahun | S3: Mental | T3: Fisik | U3: KK | V3: KTP/KIA | W3: Buku Niikah
B5: rt 2 | D5: 28 | E5: Sarah | F5: Lainnya | G5: 0 | H5: P | I5: Belum kawin | K5: 14950 | M5: =2019-L5 -> 2019 | N5: Islam
B6: rt 2 | D6: 20 | E6: Mahnip | F6: KK | G6: 520101 4107700648 | H6: P | I6: Janda | K6: 29067 | M6: =2019-L6 -> 2019 | N6: Islam
B7: rt 2 | D7: 73 | E7: Badrun abidin | F7: KK | G7: 520101 1307650001 | H7: L | I7: Kawin | K7: 23936 | M7: =2019-L7 -> 2019 | N7: Islam
