Workbook
Name _GoBack: 'RT 01'!$F$8

Sheet Rekap
B2: REKAP DATA PENDUDUK
B3: LINGKUNGAN MENANG TIMUR
B4: RT | C4: Jumlah Penduduk | E4: Total | F4: Jumlah KK | H4: Total | I4: Jumlah Duda / Janda | K4: Total | L4: Jumlah Lansia ( =>60 ) | N4: Total
C5: L | D5: P | F5: L | G5: P | I5: L | J5: P | L5: L | M5: P
B6: RT 1 | C6: =COUNTIF('RT 01'!$H$8:$H$106,"L") -> 46 | D6: =COUNTIF('RT 01'!$H$8:$H$106,"P") -> 53 | E6: =SUM(C6:D6) -> 99 | F6: =COUNTIFS('RT 01'!$F$8:$F$106,"KK",'RT 01'!$H$8:$H$106,"L") -> 28 | G6: =COUNTIFS('RT 01'!$F$8:$F$106,"KK",'RT 01'!$H$8:$H$106,"P") -> 6 | H6: =SUM(F6:G6) -> 34 | I6: =COUNTIFS('RT 01'!$I$8:$I$106,"Cerai Mati",'RT 01'!$H$8:$H$106,"L")+COUNTIFS('RT 01'!$I$8:$I$106,"Cerai Hidup",'RT 01'!$H$8:$H$106,"L")+COUNTIFS('RT 01'!$I$8:$I$106,"Duda",'RT 01'!$H$8:$H$106,"L") -> 1 | J6: =COUNTIFS('RT 01'!$I$8:$I$106,"Cerai Mati",'RT 01'!$H$8:$H$106,"P")+COUNTIFS('RT 01'!$I$8:$I$106,"Cerai Hidup",'RT 01'!$H$8:$H$106,"P")+COUNTIFS('RT 01'!$I$8:$I$106,"Janda",'RT 01'!$H$8:$H$106,"P") -> 9 | K6: =SUM(I6:J6) -> 10 | L6: 6 | M6: 6 | N6: =SUM(L6:M6) -> 12
B7: RT 2 | C7: =COUNTIF('RT 02'!$H$8:$H$76,"L") -> 39 | D7: =COUNTIF('RT 02'!$H$8:$H$76,"P") -> 30 | E7: =SUM(C7:D7) -> 69 | F7: =COUNTIFS('RT 02'!$F$8:$F$76,"KK",'RT 02'!$H$8:$H$76,"L") -> 19 | G7: =COUNTIFS('RT 02'!$F$8:$F$76,"KK",'RT 02'!$H$8:$H$76,"P") -> 2 | H7: =SUM(F7:G7) -> 21 | I7: =COUNTIFS('RT 02'!$I$8:$I$76,"Cerai Mati",'RT 02'!$H$8:$H$76,"L")+COUNTIFS('RT 02'!$I$8:$I$76,"Cerai Hidup",'RT 02'!$H$8:$H$76,"L")+COUNTIFS('RT 02'!$I$8:$I$76,"Duda",'RT 02'!$H$8:$H$76,"L") -> 1 | J7: =COUNTIFS('RT 02'!$I$8:$I$76,"Cerai Mati",'RT 02'!$H$8:$H$76,"P")+COUNTIFS('RT 02'!$I$8:$I$76,"Cerai Hidup",'RT 02'!$H$8:$H$76,"P")+COUNTIFS('RT 02'!$I$8:$I$76,"Janda",'RT 02'!$H$8:$H$76,"P") -> 1 | K7: =SUM(I7:J7) -> 2 | L7: 6 | M7: 2 | N7: =SUM(L7:M7) -> 8
B8: RT 3 | C8: =COUNTIF('RT 03'!$H$8:$H$94,"L") -> 39 | D8: =COUNTIF('RT 03'!$H$8:$H$94,"P") -> 48 | E8: =SUM(C8:D8) -> 87 | F8: =COUNTIFS('RT 03'!$F$8:$F$94,"KK",'RT 03'!$H$8:$H$94,"L") -> 23 | G8: =COUNTIFS('RT 03'!$F$8:$F$94,"KK",'RT 03'!$H$8:$H$94,"P") -> 3 | H8: =SUM(F8:G8) -> 26 | I8: =COUNTIFS('RT 03'!$I$8:$I$94,"Cerai Mati",'RT 03'!$H$8:$H$94,"L")+COUNTIFS('RT 03'!$I$8:$I$94,"Cerai Hidup",'RT 03'!$H$8:$H$94,"L")+COUNTIFS('RT 03'!$I$8:$I$94,"Duda",'RT 03'!$H$8:$H$94,"L") -> 3 | J8: =COUNTIFS('RT 03'!$I$8:$I$94,"Cerai Mati",'RT 03'!$H$8:$H$94,"P")+COUNTIFS('RT 03'!$I$8:$I$94,"Cerai Hidup",'RT 03'!$H$8:$H$94,"P")+COUNTIFS('RT 03'!$I$8:$I$94,"Janda",'RT 03'!$H$8:$H$94,"P") -> 4 | K8: =SUM(I8:J8) -> 7 | L8: 2 | M8: 3 | N8: =SUM(L8:M8) -> 5
B9: JUMLAH TOTAL | C9: =SUM(C6:C8) -> 124 | D9: =SUM(D6:D8) -> 131 | E9: =SUM(E6:E8) -> 255 | F9: =SUM(F6:F8) -> 70 | G9: =SUM(G6:G8) -> 11 | H9: =SUM(H6:H8) -> 81 | I9: =SUM(I6:I8) -> 5 | J9: =SUM(J6:J8) -> 14 | ... N9: =SUM(N6:N8) -> 25
C13: Mengetahui
C14: Lurah Dasan Geres | K14: Kepala Lingkungan
C18: Hulaifi, S.H. | K18: Khairul Ansori
C19: NIP. 19841231 201101 1 023

Sheet RT 01
B1: DATA INDUK PENDUDUK KELURAHAN DASAN GERES
B2: TAHUN 2019
B3: LINGKUNGAN MENANG TIMUR
B4: RT : 01
B5: No | C5: Nomor KK | D5: Jumlah Jiwa | E5: Nama Lengkap/ Panggilan | F5: Kedudukan dalam Keluarga | G5: NIK | H5: Jenis Kelamin (L/P) | I5: Status Perkawinan | J5: Lahir | M5: Usia | N5: Agama | O5: Etnis | P5: Pendidikan Terakhir | Q5: Jurusan | R5: Pekerjaan
J6: Tempat | K6: Tanggal | L6: Tahun
B8: 1 | C8: 5201011309120030 | D8: 1 | E8: Khaerul Ansori | F8: KK | G8: 520101 0803880002 | H8: L | I8: Kawin | J8: menang timur | K8: 8 maret | L8: 1988 | M8: =2019-L8 -> 31 | N8: Islam | O8: sasak | P8: SLTA/MA | Q8: P A I | R8: Pegawai Pemerintah Non PNS
D9: 2 | E9: Siti Aisyah | F9: Istri | G9: 520101 6811910005 | H9: P | I9: Kawin | J9: kediri | K9: 28 November | L9: 1991 | M9: =2019-L9 -> 28 | N9: Islam | O9: sasak | P9: SLTA/MA | Q9: P A I | R9: Lainnya
D10: 3 | E10: Ahmad Danyal Ansori | F10: Anak | G10: 520101 3101131001 | H10: L | I10: Belum kawin | J10: menang timur | K10: 31 Januari | L10: 2013 | M10: =2019-L10 -> 6 | N10: Islam | O10: sasak | P10: TK | Q10: - | R10: Pelajar
B11: 2 | C11: 5201010503086886 | D11: 4 | E11: Haji Muhsinin | F11: KK | G11: 520101 0107650206 | H11: L | I11: Kawin | J11: menang timur | K11: 1 juli | L11: 1965 | M11: =2019-L11 -> 54 | N11: Islam | O11: sasak | P11: SLTP/MTSN | R11: Wiraswasta
D12: 5 | E12: Rohimah | F12: Istri | G12: 520101 4107700236 | H12: P | I12: Kawin | J12: menang timur | K12: 1 Juli | L12: 1970 | M12: =2019-L12 -> 49 | N12: Islam | O12: sasak | P12: SD/MI | R12: Pedagang
D13: 6 | E13: Rosida Nursanti | F13: Anak | G13: 520101 5006990002 | H13: P | I13: Belum kawin | J13: menang timur | K13: 10 Juni | L13: 1999 | M13: =2019-L13 -> 20 | N13: Islam | O13: sasak | P13: SLTA/MA | Q13: ilmu politik | R13: Mahasiswa
D14: 7 | E14: Halwatun Nisa | F14: Anak | G14: 520101 4403080003 | H14: P | I14: Belum kawin | J14: menang timur | K14: 4 Maret | L14: 2008 | M14: =2019-L14 -> 11 | N14: Islam | O14: sasak | P14: BLM TMT SD | R14: pelajar
B15: 3 | C15: 5201010503086856 | D15: 8 | E15: Saipulah | F15: KK | G15: 520101 0309620001 | H15: L | I15: Kawin | J15: menang timur | K15: 3 september | L15: 1962 | M15: =2019-L15 -> 57 | N15: Islam | O15: sasak | P15: SD/MI | Q15: - | R15: Pekerja lepas
D16: 9 | E16: Buniari | F16: Istri | G16: 520101 4107650248 | H16: P | I16: Kawin | J16: menang timur | K16: 1 juli | L16: 1965 | M16: =2019-L16 -> 54 | N16: Islam | O16: sasak | P16: SD/MI | Q16: - | R16: Pekerja lepas
D17: 10 | E17: Nurul Hidayah | F17: Anak | G17: 520101 6307980001 | H17: P | I17: Belum kawin | J17: menang timur | K17: 23 Juli | L17: 1998 | M17: =2019-L17 -> 21 | N17: Islam | O17: sasak | P17: SLTa/MTSN | Q17: administrasi | R17: mahasiswa
B18: 4 | C18: 5201010503086864 | D18: 11 | E18: Salihin | F18: KK | G18: 520101 0106670003 | H18: L | I18: Kawin | J18: menang timur | K18: 31 desember | L18: 1955 | M18: =2019-L18 -> 64 | N18: Islam | O18: sasak | P18: - | R18: Petani
D19: 12 | E19: Halimah | F19: Istri | G19: 520101 4507720002 | H19: P | I19: Kawin | J19: menang timur | K19: 31 desember | L19: 1957 | M19: =2019-L19 -> 62 | N19: Islam | O19: sasak | P19: - | R19: Petani
D20: 13 | E20: Zulkaraen | F20: Anak | G20: 520101 0310970001 | H20: L | I20: Belum kawin | J20: menang | K20: 9 juli | L20: 1995 | M20: =2019-L20 -> 24 | N20: Islam | O20: sasak | P20: SLTA/MA | R20: TKI ( Malaysia)
B21: 5 | C21: 5201010904150001 | D21: 14 | E21: Zulaimi | F21: KK | G21: 5201010312820002 | H21: L | I21: Kawin | J21: menang timur | K21: 2 juni | L21: 1985 | M21: =2019-L21 -> 34 | N21: Islam | O21: sasak | P21: SD/MI | R21: Buruh Tani
D22: 15 | E22: Makyah | F22: Istri | G22: 5201014506920003 | H22: P | I22: Kawin | J22: menang timur | K22: 5 juni | L22: 1992 | M22: =2019-L22 -> 27 | N22: Islam | O22: sasak | P22: SD/MI | R22: ibu rumah tangga
D23: 16 | E23: Yasmita Zahira | F23: anak | G23: 5201014311100002 | H23: P | I23: Belum kawin | J23: menang timur | K23: 3 januari | L23: 2011 | M23: =2019-L23 -> 8 | N23: Islam | O23: sasak | P23: - | R23: -
B24: 6 | C24: 5201010503086873 | D24: 17 | E24: Arbain | F24: KK | G24: 5201010107770238 | H24: L | I24: Kawin | J24: menang timur | K24: 1 juli | L24: 1977 | M24: =2019-L24 -> 42 | N24: Islam | O24: sasak | P24: SD/MI | R24: Buruh Tani
D25: 18 | E25: Sahni | F25: Istri | G25: 5201014107800327 | H25: P | I25: Kawin | J25: menang timur | K25: 1 juli | L25: 1980 | M25: =2019-L25 -> 39 | N25: Islam | O25: sasak | P25: SD/MI | R25: ibu rumah tangga
D26: 19 | E26: Nurhaini | F26: Anak | G26: 5201014107980334 | H26: P | I26: Belum kawin | J26: menang timur | K26: ;3 juni | L26: 1999 | M26: =2019-L26 -> 20 | N26: Islam | O26: sasak | P26: SLTA | Q26: Dakwah Mu'amalah | R26: Mahasiswi
B27: 7 | C27: 5201010503086839 | D27: 20 | E27: Ratiah | F27: KK | G27: 5201011902820002 | H27: L | I27: Kawin | J27: menang timur | K27: 31 desember | L27: 1978 | M27: =2019-L27 -> 41 | N27: Islam | O27: sasak | P27: - | R27: Pekerja lepas
D28: 21 | E28: Samiah | F28: Istri | G28: 5201017107860353 | H28: P | I28: Kawin | J28: menang timur | K28: 31 desember | L28: 1980 | M28: =2019-L28 -> 39 | N28: Islam | O28: sasak | P28: - | R28: Pekerja lepas
D29: 22 | E29: Najwatul Husna | F29: Anak | G29: 5201016011100001 | H29: P | I29: Belum kawin | J29: menang timur | K29: 3 Desember | L29: 2009 | M29: =2019-L29 -> 10 | N29: Islam | O29: sasak | P29: - | R29: -
B30: 8 | C30: 5201010503086779 | D30: 23 | E30: Jumadil | F30: KK | G30: 520101 1511790002 | H30: L | I30: Kawin | J30: menang timur | K30: 15 november | L30: 1997 | M30: =2019-L30 -> 22 | N30: Islam | O30: sasak | P30: SD/MI | R30: TKI ( Malaysia)
D31: 24 | E31: Mukiah | F31: Istri | G31: 520101 4102820005 | H31: P | I31: Kawin | J31: menang timur | K31: 1 februari | L31: 1982 | M31: =2019-L31 -> 37 | N31: Islam | O31: sasak | P31: - | R31: Pekerja lepas
D32: 25 | E32: Juliawan | F32: Anak | G32: 520101 1207970007 | H32: L | I32: Belum kawin | J32: menang timur | K32: 12 juli | L32: 1997 | M32: =2019-L32 -> 22 | N32: Islam | O32: sasak | P32: SD/MI | R32: TKI ( Malaysia)
D33: 26 | E33: Riadatul Janah | F33: Anak | G33: 520101 5305130001 | H33: P | I33: Belum kawin | J33: dasan geres | K33: 23 Mei | L33: 2013 | M33: =2019-L33 -> 6 | N33: Islam | O33: sasak | P33: SD/MI | R33: Pelajar
B34: 9 | C34: 5201012009120056 | D34: 27 | E34: Safiah | F34: KK | G34: 5201017112500093 | H34: P | I34: Cerai Mati | J34: menang timur | K34: 31 desember | L34: 1950 | M34: =2019-L34 -> 69 | N34: Islam | O34: sasak | P34: - | R34: Pekerja lepas
D35: 28 | E35: Makyah | F35: Anak | G35: 5201015503700001 | H35: P | I35: Cerai Mati | J35: menang timur | K35: 15 Maret | L35: 1970 | M35: =2019-L35 -> 49 | N35: Islam | O35: sasak | P35: - | R35: Pekerja lepas
B36: 10 | D36: 29 | E36: Hajjah Pertiwi | F36: KK | G36: 0 | H36: P | I36: Cerai Mati | J36: menang timur | K36: 31 desember | L36: 1975 | M36: =2019-L36 -> 44 | N36: Islam | P36: SD/MI | R36: Pedagang
B37: 11 | C37: 5201012009120062 | D37: 30 | E37: Ruslan | F37: KK | G37: 520101 1010870009 | H37: L | I37: Kawin | J37: menang timur | K37: 10 Oktober | L37: 1987 | M37: =2019-L37 -> 32 | N37: Islam | O37: sasak | P37: SD/MI | R37: Pekerja lepas
D38: 31 | E38: Maharani | F38: Istri | G38: 5201017112890123 | H38: P | I38: Kawin | J38: aik ampat | K38: 31 desember | L38: 1989 | M38: =2019-L38 -> 30 | N38: Islam | O38: sasak | P38: SD/MI | R38: Pedagang
D39: 32 | E39: Muhamad Ilham | F39: Anak | G39: 5201011002100001 | H39: L | I39: Belum kawin | J39: menang timur | K39: 16 November | L39: 2008 | M39: =2019-L39 -> 11 | N39: Islam | O39: sasak | P39: SD/MI | R39: pelajar
D40: 33 | E40: Muhamad Ipan Rijlan | F40: Anak | G40: 5201010603160002 | H40: L | I40: Belum kawin | J40: menang timur | K40: 6 Maret | L40: 2016 | M40: =2019-L40 -> 3 | N40: Islam | O40: sasak | P40: - | R40: -
B41: 12 | C41: 5201012009120057 | D41: 34 | E41: Amaq Noar | F41: KK | G41: 5201013112500131 | H41: L | I41: Kawin | J41: menang timur | K41: 31 desember 1950 | L41: 1950 | M41: =2019-L41 -> 69 | N41: Islam | O41: sasak | P41: - | R41: Pekerja lepas
D42: 35 | E42: inaq noar | F42: Istri | G42: 5201017112540041 | H42: P | I42: Kawin | J42: menang timur | K42: 31 desember | L42: 1954 | M42: =2019-L42 -> 65 | N42: Islam | O42: sasak | P42: - | R42: Pekerja lepas
B43: 13 | C43: 5201010503086793 | D43: 36 | E43: sinarah | F43: KK | G43: 52010125102720001 | H43: P | I43: Cerai Mati | J43: menang timur | K43: 11 februari | L43: 1972 | M43: =2019-L43 -> 47 | N43: Islam | O43: sasak | P43: SD/MI | R43: Pekerja lepas
D44: 37 | E44: Ridwan | F44: Anak | G44: 5201014506920001 | H44: L | I44: Belum kawin | J44: menang | K44: 30 desember | L44: 1994 | M44: =2019-L44 -> 25 | N44: Islam | O44: sasak | P44: SD/MI | R44: Pekerja lepas
B45: 14 | C45: 5201010503086833 | D45: 38 | E45: Darwan | F45: KK | G45: 520101 0107720173 | H45: L | I45: Kawin | J45: menang timur | K45: 1 juli | L45: 1972 | M45: =2019-L45 -> 47 | N45: Islam | O45: sasak | P45: SD/MI | R45: Pekerja lepas
D46: 39 | E46: Nuraini | F46: Istri | G46: 520101 4107770510 | H46: P | I46: Kawin | J46: menang timur | K46: 1 jili | L46: 1977 | M46: =2019-L46 -> 42 | N46: Islam | O46: sasak | P46: SD/MI | R46: Pekerja lepas
D47: 40 | E47: Jamaludin | F47: Anak | G47: 520101 0107950316 | H47: L | I47: Belum kawin | J47: menang timur | K47: 12 desember | L47: 1996 | M47: =2019-L47 -> 23 | N47: Islam | O47: sasak | P47: SLTP/MTSN | R47: -
D48: 41 | E48: Reni Febriani | F48: Anak | G48: 520101 4107040255 | H48: P | I48: Belum kawin | J48: menang timur | K48: 16 februari | L48: 2005 | M48: =2019-L48 -> 14 | N48: Islam | O48: sasak | R48: -
B49: 15 | C49: 5201010503086816 | D49: 42 | E49: masoan | F49: KK | G49: 5201010107690077 | H49: L | I49: Kawin | J49: menang timur | K49: 31 desember | L49: 1977 | M49: =2019-L49 -> 42 | N49: Islam | O49: sasak | P49: SD/MI | R49: Pekerja lepas
D50: 43 | E50: Arinah | F50: Istri | G50: 5201017112850239 | H50: P | I50: Kawin | J50: bermi | K50: 31 desember | L50: 1985 | M50: =2019-L50 -> 34 | N50: Islam | O50: sasak | P50: - | R50: ibu rumah tangga
D51: 44 | E51: Zahratul maula | F51: Anak | G51: 5201012309100003 | H51: P | I51: Belum kawin | J51: menang timur | K51: 43429 | L51: 2013 | M51: =2019-L51 -> 6 | N51: Islam | O51: sasak | P51: - | R51: -
B52: 16 | C52: 5201012805150006 | D52: 45 | E52: Mansur | F52: KK | G52: 520101 1803780001 | H52: L | I52: Kawin | J52: menang timur | K52: 18 Maret | L52: 1978 | M52: =2019-L52 -> 41 | N52: Islam | O52: sasak | P52: SD/MI | R52: Wiraswasta
D53: 46 | E53: Sumarni | F53: Istri | G53: 5201014603810004 | H53: P | I53: Kawin | J53: menang timur | K53: 6 Maret | L53: 1981 | M53: =2019-L53 -> 38 | N53: Islam | O53: sasak | P53: SD/MI | R53: ibu rumah tangga
D54: 47 | E54: M Hendriyan Al-Farizi | F54: Anak | G54: 520101 1503040001 | H54: L | I54: Belum kawin | J54: menang timur | K54: 15 Maret | L54: 2004 | M54: =2019-L54 -> 15 | N54: Islam | O54: sasak | P54: SD/MI | R54: Pelajar
D55: 48 | E55: Aldiyan Hidayatullah | F55: Anak | G55: 5201019111000002 | H55: L | I55: Belum kawin | J55: menang timur | K55: 9 November | L55: 2010 | M55: =2019-L55 -> 9 | N55: Islam | O55: sasak | P55: - | R55: -
B56: 17 | C56: 5201010503086842 | D56: 49 | E56: Lukman | F56: KK | G56: 5201010103640001 | H56: L | I56: Kawin | J56: menang timur | K56: 1 maret | L56: 1964 | M56: =2019-L56 -> 55 | N56: Islam | O56: sasak | P56: - | R56: Wiraswasta
D57: 50 | E57: Muniah | F57: Istri | G57: 5201015307650001 | H57: P | I57: Kawin | J57: menang timur | K57: 31 desember | L57: 1969 | M57: =2019-L57 -> 50 | N57: Islam | O57: sasak | P57: - | R57: Wiraswasta
B58: 18 | C58: 5201011612150018 | D58: 51 | E58: Sapardi | F58: KK | G58: 5201011901890001 | H58: L | I58: Kawin | J58: menang | K58: 31 desember | L58: 1987 | M58: =2019-L58 -> 32 | N58: Islam | O58: sasak | P58: SLTA | R58: Wiraswasta
D59: 52 | E59: Halimatul Zahra | F59: Istri | G59: 5201135304930001 | H59: P | I59: Kawin | J59: Serumbung | K59: 13 April | L59: 1993 | M59: =2019-L59 -> 26 | N59: Islam | O59: sasak | P59: SLTA | R59: ibu rumah tangga
D60: 53 | E60: Safira Junia | F60: Anak | G60: 5201014706130003 | H60: P | I60: Belum kawin | J60: menang timur | K60: 7 Juni | L60: 2013 | M60: =2019-L60 -> 6 | N60: Islam | O60: sasak | P60: - | R60: -
B61: 19 | C61: 5201010503086890 | D61: 54 | E61: Sahrun | F61: KK | G61: 5201011311640001 | H61: L | I61: Kawin | J61: menang timur | K61: 13/11/2018 | L61: 1954 | M61: =2019-L61 -> 65 | N61: Islam | O61: sasak | P61: - | R61: Pekerja lepas
D62: 55 | E62: Sakmah | F62: istri | G62: 5201015001650001 | H62: P | I62: Kawin | J62: menang timur | K62: 10 Januari | L62: 1965 | M62: =2019-L62 -> 54 | N62: Islam | O62: sasak | P62: - | R62: Pekerja lepas
B63: 20 | C63: 5201012009120063 | D63: 56 | E63: Rabiah | F63: KK | G63: 520101 7112700262 | H63: P | I63: cerai hidup | J63: menang timur | K63: 31 desember | L63: 1970 | M63: =2019-L63 -> 49 | N63: Islam | O63: sasak | P63: SD/MI | R63: Pekerja lepas
D64: 57 | E64: Basri | F64: Anak | G64: 5201013012970002 | H64: L | I64: Belum kawin | J64: menang timur | K64: 30 desember | L64: 1997 | M64: =2019-L64 -> 22 | N64: Islam | O64: sasak | P64: SLTP/MTSN | R64: pelajar
B65: 21 | C65: 5201011506150009 | D65: 58 | E65: Adi Putra | F65: KK | G65: 5201013112850232 | H65: L | I65: Kawin | J65: menang timur | K65: 31 desember | L65: 1995 | M65: =2019-L65 -> 24 | N65: Islam | O65: sasak | P65: SD/MI | R65: Pekerja lepas
D66: 59 | E66: Diana | F66: Istri | G66: 5201015209960001 | H66: P | I66: Kawin | J66: dsn grs tengah | K66: 12 september | L66: 1996 | M66: =2019-L66 -> 23 | N66: Islam | O66: sasak | P66: slta | R66: Pekerja lepas
D67: 60 | E67: Sofiana anggraini | F67: Anak | G67: 5201017110150002 | H67: p | I67: Belum kawin | J67: dasan geres | K67: 31 oktober | L67: 2015 | M67: =2019-L67 -> 4 | N67: Islam | O67: sasak
B68: 22 | C68: 5201010111160021 | D68: 61 | E68: saidah | F68: KK | G68: 5201017112700261 | H68: P | I68: cerai mati | J68: menang timur | K68: 31 Desember | L68: 1970 | M68: =2019-L68 -> 49 | N68: Islam | O68: sasak | P68: SD/MI | R68: Pekerja lepas
D69: 62 | E69: Fendi irawan | F69: cucu | G69: 5201010509130002 | H69: L | I69: Belum kawin | J69: menang timur | K69: 5 september | L69: 2013 | M69: =2019-L69 -> 6 | N69: Islam | O69: sasak | P69: - | R69: -
D70: 63 | E70: Dafin Ali | F70: cucu | G70: 5201011502160000 | H70: L | I70: Belum kawin | J70: dasan tapen | K70: 15 Februari | L70: 2016 | M70: =2019-L70 -> 3 | N70: islam | O70: sasak | P70: - | R70: -
B71: 23 | C71: 5201010503086799 | D71: 64 | E71: Muhir | F71: KK | G71: 520101 0209790001 | H71: L | I71: Kawin | J71: menang timur | K71: 2 September | L71: 1939 | M71: =2019-L71 -> 80 | N71: Islam | O71: sasak | P71: - | R71: Pekerja lepas
D72: 65 | E72: Padelah | F72: Istri | G72: 520101 4301670002 | H72: P | I72: Kawin | J72: menang timur | K72: 3 Januiari | L72: 1939 | M72: =2019-L72 -> 80 | N72: Islam | O72: sasak | P72: - | R72: Pekerja lepas
B73: 24 | C73: 5201010503086714 | D73: 66 | E73: Sulaiman | F73: KK | G73: 520101 0107820556 | H73: L | I73: Kawin | J73: menang timur | K73: 21 Agustus | L73: 1979 | M73: =2019-L73 -> 40 | N73: Islam | O73: sasak | P73: SD/MI | R73: Pekerja lepas
D74: 67 | E74: Salmiah | F74: Istri | G74: 520101 7112840158 | H74: P | I74: Kawin | J74: Dasan Geres | K74: 31 desember | L74: 1984 | M74: =2019-L74 -> 35 | N74: Islam | O74: sasak | P74: SD/MI | R74: ibu rumah tangga
D75: 68 | E75: Putri Ema Maulida | F75: Anak | G75: 520101 1812120002 | H75: P | I75: Belum kawin | J75: Bermi | K75: 18 Februari | L75: 2012 | M75: =2019-L75 -> 7 | N75: Islam | O75: sasak | P75: SD/MI | R75: Pelajar
D76: 69 | E76: Rakmah | F76: Orang Tua | G76: 5201015011620001 | H76: P | I76: Cerai Mati | J76: Dasan Geres | K76: 10 November | L76: 1953 | M76: =2019-L76 -> 66 | N76: Islam | O76: sasak | P76: - | R76: Pekerja lepas
B77: 25 | C77: 5201012303150009 | D77: 70 | E77: Mahsun | F77: KK | G77: 5201012703850101 | H77: L | I77: Kawin | J77: menang timur | K77: 27 Maret | L77: 1985 | M77: =2019-L77 -> 34 | N77: Islam | O77: sasak | P77: SLTP/MTSN | R77: Wiraswasta
D78: 71 | E78: Marni | F78: Istri | G78: 520101 4812900002 | H78: P | I78: Kawin | J78: menang timur | K78: 8 Desember | L78: 1990 | M78: =2019-L78 -> 29 | N78: Islam | O78: sasak | P78: SLTP/MTSN | R78: ibu rumah tangga
B79: 26 | C79: 5201011409120008 | D79: 72 | E79: Mahli | F79: KK | G79: 520101 3112750284 | H79: L | I79: Kawin | J79: menang timur | K79: 31 desember | L79: 1975 | M79: =2019-L79 -> 44 | N79: Islam | O79: sasak | P79: SD/MI | R79: Wiraswasta
D80: 73 | E80: Sriani | F80: Istri | G80: 520101 7112800273 | H80: P | I80: Kawin | J80: menang timur | K80: 31 desember | L80: 1980 | M80: =2019-L80 -> 39 | N80: Islam | O80: sasak | P80: SD/MI | R80: ibu rumah tangga
D81: 74 | E81: Serlina | F81: Anak | G81: 520101 0809040001 | H81: P | I81: Belum kawin | J81: menang timur | K81: 28 September | L81: 2004 | M81: =2019-L81 -> 15 | N81: Islam | O81: sasak | P81: SLTP/MTSN | R81: Pelajar
D82: 75 | E82: Abdul Aziz | F82: Anak | G82: 520101 2405100006 | H82: L | I82: Belum kawin | J82: menang timur | K82: 24 Mei | L82: 2010 | M82: =2019-L82 -> 9 | N82: Islam | O82: sasak | P82: SD/MI | R82: Pelajar
D83: 76 | E83: Rademah | F83: Orang Tua | G83: 5201017105750001 | H83: P | I83: cerai mati | J83: menang timur | K83: 31 Mei | L83: 1965 | M83: =2019-L83 -> 54 | N83: Islam | O83: sasak | P83: - | R83: -
B84: 27 | C84: 5201010503086818 | D84: 77 | E84: pajar | F84: KK | G84: 5201010107610117 | H84: L | I84: Kawin | J84: menang timur | K84: 1 Juli | L84: 1941 | M84: =2019-L84 -> 78 | N84: Islam | O84: sasak | P84: SD/MI | R84: Pekerja lepas
D85: 78 | E85: Sarmah | F85: Istri | G85: 5201014107740190 | H85: P | I85: Kawin | J85: menang timur | K85: 1 Juli | L85: 1954 | M85: =2019-L85 -> 65 | N85: Islam | O85: sasak | P85: - | R85: Pekerja lepas
D86: 79 | E86: Bohari | F86: Anak | G86: 5201010107800102 | H86: L | I86: Belum kawin | J86: menang timur | K86: 1 juli | L86: 1980 | M86: =2019-L86 -> 39 | N86: Islam | O86: sasak | P86: - | R86: Pekerja lepas
B87: 28 | C87: 5201012610160010 | D87: 80 | E87: Satar | F87: KK | G87: 5201013112450052 | H87: L | I87: cerai mati | J87: menang timur | K87: 31 Desember | L87: 1945 | M87: =2019-L87 -> 74 | N87: Islam | O87: sasak | P87: - | R87: Pekerja lepas
D88: 81 | E88: Salmiah | F88: Anak | G88: 5201015910850002 | H88: P | I88: Belum kawin | J88: menang timur | K88: 31 desember | L88: 1976 | M88: =2019-L88 -> 43 | N88: Islam | O88: sasak | P88: - | R88: Pekerja lepas
B89: 29 | C89: 5201010503086825 | D89: 82 | E89: Tahmin | F89: KK | G89: 5201010107670677 | H89: L | I89: Kawin | J89: menang timur | K89: 1 juli | L89: 1967 | M89: =2019-L89 -> 52 | N89: Islam | O89: sasak | P89: - | R89: Pekerja lepas
D90: 83 | E90: M Rizal | F90: Anak | G90: 5201010107060208 | H90: L | I90: Belum kawin | J90: menang timur | K90: 28 oktober | L90: 2006 | M90: =2019-L90 -> 13 | N90: Islam | O90: sasak | P90: - | R90: -
B91: 30 | C91: 5201012710160002 | D91: 84 | E91: Sartini | F91: KK | G91: 5201014505791001 | H91: P | I91: Cerai Mati | J91: menang timur | K91: 5 Mei | L91: 1979 | M91: =2019-L91 -> 40 | N91: Islam | O91: sasak | P91: SD/MI | R91: Pekerja Lepas
D92: 85 | E92: Lalu Ramdani Putra | F92: Anak | G92: 520101 1201991001 | H92: L | I92: Belum kawin | J92: menang | K92: 22 Januari | L92: 1999 | M92: =2019-L92 -> 20 | N92: Islam | O92: sasak | P92: SLTA | R92: -
D93: 86 | E93: Baiq Yunita Sartika dewi | F93: Anak | G93: 520101 4706071001 | H93: P | I93: Belum kawin | J93: menang | K93: 7 Juni | L93: 2007 | M93: =2019-L93 -> 12 | N93: Islam | O93: sasak | P93: SD/MI | R93: Pelajar
B94: 31 | C94: 5201010303110061 | D94: 87 | E94: Zaenudin | F94: KK | G94: 520101 2003830001 | H94: L | I94: Kawin | J94: menang timur | K94: 20 maret | L94: 1983 | M94: =2019-L94 -> 36 | N94: Islam | O94: sasak | P94: SD/MI | R94: TKI ( Malaysia)
D95: 88 | E95: Muriah | F95: Istri | G95: 520101 4701870002 | H95: P | I95: Kawin | J95: menang timur | K95: 7 januari | L95: 1987 | M95: =2019-L95 -> 32 | N95: Islam | O95: sasak | P95: SLTP/MTSN | R95: Wiraswasta
D96: 89 | E96: Naela Aisyah | F96: Anak | G96: 520101 2201100001 | H96: P | I96: Belum kawin | J96: menang timur | K96: 22 april | L96: 2010 | M96: =2019-L96 -> 9 | N96: Islam | O96: sasak | P96: SD/MI | R96: Pelajar
D97: 90 | E97: M. Heralan | F97: Anak | G97: 5201010104160003 | H97: L | I97: Belum kawin | J97: menang timur | K97: 1 April | L97: 2016 | M97: =2019-L97 -> 3 | N97: Islam | O97: sasak | P97: - | R97: -
B98: 32 | C98: 5201010109160013 | D98: 91 | E98: Ahyar Rosidi | F98: KK | G98: 5201011101920001 | H98: L | I98: Kawin | J98: menang timur | K98: 11 Januari | L98: 1992 | M98: =2019-L98 -> 27 | N98: Islam | O98: sasak | P98: SLTP/MTSN | R98: Wiraswasta
D99: 92 | E99: Indrayani | F99: istri | G99: 5201070107900017 | H99: p | I99: kawin | J99: sekotong | K99: 43391 | L99: 1988 | M99: =2019-L99 -> 31 | N99: Islam | O99: sasak | P99: SLTA/MA | R99: Rumah Tangga
D100: 93 | E100: Naura Farida Ahyar | F100: anak | G100: 5201017101180001 | H100: p | I100: Belum kawin | J100: gerung | K100: 31 januari | L100: 2018 | M100: =2019-L100 -> 1 | N100: Islam | O100: sasak | P100: blm sekolah | R100: -
B101: 33 | C101: 5201012710160001 | D101: 94 | E101: Muhamad Yusuf | F101: KK | G101: 5201010107920151 | H101: L | I101: Kawin | J101: menang timur | K101: 31 desember | L101: 1988 | M101: =2019-L101 -> 31 | N101: Islam | O101: sasak | P101: SLTP/MTSN | R101: Wiraswasta
...

Sheet RT 02
B1: DATA INDUK PENDUDUK KELURAHAN DASAN GERES
B2: TAHUN 2019
B3: LINGKUNGAN MENANG TIMUR
B4: RT 02
B5: No | C5: Nomor KK | D5: Jumlah Jiwa | E5: Nama Lengkap/ panggilan | F5: Kedudukan dalam Keluarga | G5: NIK | H5: Jenis Kelamin (L/P) | I5: Status Perkawinan | J5: Lahir | M5: Usia | N5: Agama | O5: Etnis | P5: Pendidikan Terakhir | Q5: jurusan | R5: Pekerjaan
J6: tempat | K6: Tanggal | L6: Tahun
B8: 1 | C8: 5201011511160003 | D8: 1 | E8: Ehsan | F8: KK | G8: 5201010803881116 | H8: L | I8: Kawin | J8: menang timur | K8: 43532 | L8: 1988 | M8: =2019-L8 -> 31 | N8: Islam | O8: sasak | P8: SLTA/MA | Q8: P A I | R8: Pegawai Pemerintah Non PNS
D9: 2 | E9: kamarudin | F9: Anak | G9: 520101 6811910005 | H9: P | I9: Kawin | J9: kediri | K9: 43797 | L9: 1991 | M9: =2019-L9 -> 28 | N9: Islam | O9: sasak | P9: SLTA/MA | Q9: P A I | R9: Lainnya
D10: 3 | E10: riki wahyudi | F10: cucu | G10: 520101 3101131001 | H10: L | I10: Belum kawin | J10: menang timur | K10: 43496 | L10: 2013 | M10: =2019-L10 -> 6 | N10: Islam | O10: sasak | P10: TK | Q10: - | R10: Pelajar
B11: 2 | C11: 5201010503086886 | D11: 4 | E11: Haji Muhsinin | F11: KK | G11: 520101 0107650206 | H11: L | I11: Kawin | J11: menang timur | K11: 43647 | L11: 1965 | M11: =2019-L11 -> 54 | N11: Islam | O11: sasak | P11: SLTP/MTSN | R11: Wiraswasta
D12: 5 | E12: Rohimah | F12: Istri | G12: 520101 4107700236 | H12: P | I12: Kawin | J12: menang timur | K12: 43647 | L12: 1970 | M12: =2019-L12 -> 49 | N12: Islam | O12: sasak | P12: SD/MI | R12: Pedagang
D13: 6 | E13: Rosida Nursanti | F13: Anak | G13: 520101 5006990002 | H13: P | I13: Belum kawin | J13: menang timur | K13: 43626 | L13: 1999 | M13: =2019-L13 -> 20 | N13: Islam | O13: sasak | P13: SLTA/MA | Q13: ilmu politik | R13: Mahasiswa
D14: 7 | E14: Halwatun Nisa | F14: Anak | G14: 520101 4403080003 | H14: P | I14: Belum kawin | J14: menang timur | K14: 43559 | L14: 2008 | M14: =2019-L14 -> 11 | N14: Islam | O14: sasak | P14: BLM TMT SD | R14: pelajar
B15: 3 | C15: 5201010503086856 | D15: 8 | E15: Saipulah | F15: KK | G15: 520101 0309620001 | H15: L | I15: Kawin | J15: menang timur | K15: 43711 | L15: 1962 | M15: =2019-L15 -> 57 | N15: Islam | O15: sasak | P15: SD/MI | Q15: - | R15: Pekerja lepas
D16: 9 | E16: Buniari | F16: Istri | G16: 520101 4107650248 | H16: P | I16: Kawin | J16: menang timur | K16: 43647 | L16: 1965 | M16: =2019-L16 -> 54 | N16: Islam | O16: sasak | P16: SD/MI | Q16: - | R16: Pekerja lepas
D17: 10 | E17: Nurul Hidayah | F17: Anak | G17: 520101 6307980001 | H17: P | I17: Belum kawin | J17: menang timur | K17: 43669 | L17: 1998 | M17: =2019-L17 -> 21 | N17: Islam | O17: sasak | P17: SLTA/MA | Q17: administrasi | R17: mahasiswa
B18: 4 | C18: 5201010503086864 | D18: 11 | E18: Salihin | F18: KK | G18: 520101 0106670003 | H18: L | I18: Kawin | J18: menang timur | K18: 43830 | L18: 1955 | M18: =2019-L18 -> 64 | N18: Islam | O18: sasak | P18: Tidak Sekolah | R18: Petani
D19: 12 | E19: Halimah | F19: Istri | G19: 520101 4507720002 | H19: P | I19: Kawin | J19: menang timur | K19: 43830 | L19: 1957 | M19: =2019-L19 -> 62 | N19: Islam | O19: sasak | P19: Tidak Sekolah | R19: Petani
D20: 13 | E20: Zulkaraen | F20: Anak | G20: 520101 0310970001 | H20: L | I20: Belum kawin | J20: menang | K20: 43655 | L20: 1995 | M20: =2019-L20 -> 24 | N20: Islam | O20: sasak | P20: SLTA/MA | R20: TKI ( Malaysia)
B21: 5 | C21: 5201010904150001 | D21: 14 | E21: Zulaimi | F21: KK | G21: 5201010312820002 | H21: L | I21: Kawin | J21: menang timur | K21: 43618 | L21: 1985 | M21: =2019-L21 -> 34 | N21: Islam | O21: sasak | P21: SD/MI | R21: Buruh Tani
D22: 15 | E22: Makyah | F22: Istri | G22: 5201014506920003 | H22: P | I22: Kawin | J22: menang timur | K22: 43621 | L22: 1992 | M22: =2019-L22 -> 27 | N22: Islam | O22: sasak | P22: SD/MI | R22: ibu rumah tangga
D23: 16 | E23: Yasmita Zahira | F23: anak | G23: 5201014311100002 | H23: P | I23: Belum kawin | J23: menang timur | K23: 43468 | L23: 2011 | M23: =2019-L23 -> 8 | N23: Islam | O23: sasak | P23: SD/MI | R23: Pelajar
B24: 6 | C24: 5201010503086673 | D24: 17 | E24: Serianto | F24: KK | G24: 5201013007750002 | H24: L | I24: Kawin | J24: menang timur | K24: 43676 | L24: 1968 | M24: =2019-L24 -> 51 | N24: Islam | O24: sasak | P24: SD/MI | R24: Buruh harian Lepas
D25: 18 | E25: Aeriah | F25: Istri | G25: 5201015205770001 | H25: P | I25: Kawin | J25: menang timur | K25: 43597 | L25: 1977 | M25: =2019-L25 -> 42 | N25: Islam | O25: sasak | P25: Tidak Sekolah | R25: Pembantu RT
D26: 19 | E26: Sahabudin | F26: Anak | G26: 5201011012920001 | H26: L | I26: Belum kawin | J26: menang timur | K26: 43813 | L26: 1992 | M26: =2019-L26 -> 27 | N26: Islam | O26: sasak | P26: SD/MI | R26: Buruh harian Lepas
D27: 20 | E27: Misaah | F27: Anak | G27: 5201016110940002 | H27: P | I27: Belum kawin | J27: Aik Ampat | K27: 43619 | L27: 1994 | M27: =2019-L27 -> 25 | N27: Islam | O27: sasak | P27: SLTA/MA | R27: Pelajar
B28: 7 | C28: 5201011409120008 | D28: 21 | E28: Mahli | F28: KK | G28: 5201013112750284 | H28: L | I28: Kawin | J28: Menang Timur | K28: 43830 | L28: 1954 | M28: =2019-L28 -> 65 | N28: Islam | O28: sasak | P28: SD/MI | R28: Wiraswasta
D29: 22 | E29: Sriani | F29: Istri | G29: 5201017112800273 | H29: P | I29: Kawin | J29: menang timur | K29: 43830 | L29: 1980 | M29: =2019-L29 -> 39 | N29: Islam | O29: sasak | P29: SD/MI | R29: ibu rumah tangga
D30: 23 | E30: Serlina | F30: Anak | G30: 5201016809040001 | H30: P | I30: Belum kawin | J30: menang timur | K30: 43734 | L30: 2004 | M30: =2019-L30 -> 15 | N30: Islam | O30: sasak | P30: SLTP/MTSN | R30: Pelajar
D31: 24 | E31: Abdul Azis | F31: Anak | G31: 5201012405100006 | H31: L | I31: Belum kawin | J31: menang timur | K31: 43609 | L31: 2010 | M31: =2019-L31 -> 9 | N31: Islam | O31: sasak | P31: SD/MI | R31: Pelajar
D32: 25 | E32: Rademah | F32: Anak | G32: 5201017101750001 | H32: P | I32: Belum kawin | J32: menang timur | K32: 43616 | L32: 1965 | M32: =2019-L32 -> 54 | N32: Islam | O32: sasak | P32: Tidak Sekolah | R32: Pelajar
B33: 8 | C33: 5201010503086964 | D33: 26 | E33: Ahmad | F33: KK | G33: 5201012011630001 | H33: L | I33: Kawin | J33: menang timur | K33: 43789 | L33: 1963 | M33: =2019-L33 -> 56 | N33: Islam | O33: sasak | P33: SD/MI | R33: Buruh harian Lepas
D34: 27 | E34: Alimah | F34: Istri | G34: 5201015005680002 | H34: P | I34: Kawin | J34: menang timur | K34: 43595 | L34: 1968 | M34: =2019-L34 -> 51 | N34: Islam | O34: sasak | P34: SD/MI | R34: Buruh harian Lepas
D35: 28 | E35: Hambali | F35: Anak | G35: 52010111203970004 | H35: L | I35: Belum kawin | J35: menang timur | K35: 43689 | L35: 1997 | M35: =2019-L35 -> 22 | N35: Islam | O35: sasak | P35: SLTP/MTSN | R35: Wiraswasta
B36: 9 | C36: 5201013108160003 | D36: 29 | E36: Saimah | F36: KK | G36: 5201017112680038 | H36: P | I36: Belum kawin | J36: menang timur | K36: 43830 | L36: 1968 | M36: =2019-L36 -> 51 | N36: Islam | O36: sasak | P36: Tidak Sekolah | R36: Buruh harian Lepas
B37: 10 | C37: 5201011109140181 | D37: 30 | E37: Mahnim | F37: KK | G37: 5201017112560005 | H37: L | I37: Cerai Mati | J37: menang timur | K37: 43830 | L37: 1956 | M37: =2019-L37 -> 63 | N37: Islam | O37: sasak | P37: SD/MI | R37: Buruh harian Lepas
D38: 31 | E38: Maksum Abuandi | F38: Istri | G38: 5201013112910025 | H38: L | I38: Belum kawin | J38: menang timur | K38: 43830 | L38: 1991 | M38: =2019-L38 -> 28 | N38: Islam | O38: sasak | P38: SLTA/MA | R38: Buruh harian Lepas
B39: 11 | C39: 5201010308100015 | D39: 32 | E39: Suhaimi | F39: Kk | G39: 5201013112750146 | H39: L | I39: Kawin | J39: menang timur | K39: 43830 | L39: 1975 | M39: =2019-L39 -> 44 | N39: Islam | O39: sasak | P39: SD/MI | R39: Wiraswasta
D40: 33 | E40: Rohani | F40: Istri | G40: 5201015011800006 | H40: P | I40: Kawin | J40: menang timur | K40: 43779 | L40: 1980 | M40: =2019-L40 -> 39 | N40: Islam | O40: sasak | P40: SD/MI | R40: Tidak Bekerja
D41: 34 | E41: Erni Johan | F41: Anak | G41: 5201016008000001 | H41: P | I41: Belum kawin | J41: menang timur | K41: 43689 | L41: 2000 | M41: =2019-L41 -> 19 | N41: Islam | O41: sasak | P41: SD/MI | R41: Pelajar
D42: 35 | E42: Multazam | F42: Anak | G42: 5201011010050002 | H42: L | I42: Belum kawin | J42: menang timur | K42: 43748 | L42: 2008 | M42: =2019-L42 -> 11 | N42: Islam | O42: sasak | P42: SD/MI | R42: Pelajar
B43: 12 | C43: 5201011003090011 | D43: 36 | E43: Jeun | F43: KK | G43: 5201011705720001 | H43: L | I43: Kawin | J43: menang timur | K43: 43830 | L43: 1973 | M43: =2019-L43 -> 46 | N43: Islam | O43: sasak | P43: Tidak Sekolah | R43: Wiraswasta
D44: 37 | E44: Makyah | F44: Istri | G44: 5201017112730067 | H44: P | I44: Kawin | J44: menang timur | K44: 43830 | L44: 1973 | M44: =2019-L44 -> 46 | N44: Islam | O44: sasak | P44: Tidak Sekolah | R44: Tidak Bekerja
D45: 38 | E45: Muhadisin | F45: Anak | G45: 5201010505940002 | H45: L | I45: Belum kawin | J45: menang timur | K45: 43590 | L45: 1994 | M45: =2019-L45 -> 25 | N45: Islam | O45: sasak | P45: SD/MI | R45: Tidak Bekerja
D46: 39 | E46: Muhamad Rizki | F46: Anak | G46: 5201010706030001 | H46: L | I46: Belum kawin | J46: menang timur | K46: 43623 | L46: 2003 | M46: =2019-L46 -> 16 | N46: Islam | O46: sasak | P46: SD/MI | R46: Pelajar
B47: 13 | C47: 5201010503086912 | D47: 40 | E47: Tahar | F47: KK | G47: 5201010107390041 | H47: L | I47: Kawin | J47: menang timur | K47: 43472 | L47: 1939 | M47: =2019-L47 -> 80 | N47: Islam | O47: sasak | P47: SD/MI | R47: Petani
D48: 41 | E48: Anisah | F48: Istri | G48: 5201014107640108 | H48: P | I48: Kawin | J48: menang timur | K48: 43472 | L48: 1949 | M48: =2019-L48 -> 70 | N48: Islam | O48: sasak | P48: SD/MI | R48: Buruh harian Lepas
B49: 14 | C49: 5201010303110063 | D49: 42 | E49: Sahdi | F49: KK | G49: 5201013112910053 | H49: L | I49: Kawin | J49: Menang | K49: 43546 | L49: 1981 | M49: =2019-L49 -> 38 | N49: Islam | O49: sasak | P49: SD/MI | R49: Wiraswasta
D50: 43 | E50: Sahratun | F50: Istri | G50: 5201015301900003 | H50: P | I50: Kawin | J50: Aik Ampat | K50: 43478 | L50: 1990 | M50: =2019-L50 -> 29 | N50: Islam | O50: sasak | P50: SD/MI | R50: Wiraswasta
D51: 44 | E51: Muhammad dapin Ali | F51: Anak | G51: 5201011702110001 | H51: L | I51: Belum kawin | J51: Aik Ampat | K51: 43513 | L51: 2011 | M51: =2019-L51 -> 8 | N51: Islam | O51: sasak | P51: SD/MI | R51: Pelajar
D52: 45 | E52: Baserah | F52: Orang Tua | G52: 5201011501650001 | H52: L | I52: Belum kawin | J52: menang timur | K52: 43480 | L52: 1945 | M52: =2019-L52 -> 74 | N52: Islam | O52: sasak | P52: Tidak Sekolah | R52: Tidak Bekerja
B53: 15 | C53: 5201012708140005 | D53: 46 | E53: Munaah | F53: KK | G53: 5201017112730018 | H53: P | I53: Cerai Mati | J53: menang timur | K53: 31-des | L53: 1973 | M53: =2019-L53 -> 46 | N53: Islam | O53: sasak | P53: SD/MI | R53: Wiraswasta
D54: 47 | E54: Maharani | F54: Anak | G54: 5201014410990001 | H54: P | I54: Belum kawin | J54: menang timur | K54: 43742 | L54: 1999 | M54: =2019-L54 -> 20 | N54: Islam | O54: sasak | P54: SLTA/MA | R54: Belum/tidak bekerja
D55: 48 | E55: Wahid | F55: Anak | G55: 5201011005050003 | H55: L | I55: Belum kawin | J55: menang timur | K55: 10-mei | L55: 2005 | M55: =2019-L55 -> 14 | N55: Islam | O55: sasak | P55: BLM TMT SD | R55: pelajar/mahasiswa
B56: 16 | C56: 5201012705111213 | D56: 49 | E56: Munawir | F56: KK | G56: 5201010501770001 | H56: L | I56: Kawin | J56: menang timur | K56: 05-Jan | L56: 1977 | M56: =2019-L56 -> 42 | N56: Islam | O56: sasak | P56: SD/MI | R56: Buruh harian Lepas
D57: 50 | E57: Masni | F57: Istri | G57: 5201015503790002 | H57: P | I57: Kawin | J57: menang timur | K57: 15-Mar | L57: 1979 | M57: =2019-L57 -> 40 | N57: Islam | O57: sasak | P57: SD/MI | R57: Buruh harian Lepas
D58: 51 | E58: Muhamad akmaludin | F58: Anak | G58: 5201010310030003 | H58: L | I58: Belum kawin | J58: Aik Ampat | K58: 09-juni | L58: 2005 | M58: =2019-L58 -> 14 | N58: Islam | O58: sasak | P58: BLM TMT SD | R58: pelajar/mahasiswa
D59: 52 | E59: Muhamad haikal ramdani | F59: Anak | G59: 5201011407120007 | H59: L | I59: Belum kawin | J59: Dasan geres | K59: 14-juli | L59: 2012 | M59: =2019-L59 -> 7 | N59: Islam | O59: sasak | P59: Tidak Sekolah | R59: Belum/tidak bekerja
B60: 17 | C60: 5201012309120007 | D60: 53 | E60: Muhammad adnan | F60: KK | G60: 5201011512920002 | H60: L | I60: Kawin | J60: menang timur | K60: 15-Des | L60: 1992 | M60: =2019-L60 -> 27 | N60: Islam | O60: sasak | P60: SLTP/MTSN | R60: Wiraswasta
D61: 54 | E61: salmin | F61: Istri | G61: 5201014107940085 | H61: P | I61: Kawin | J61: Karang tengak | K61: 01-juli | L61: 1994 | M61: =2019-L61 -> 25 | N61: Islam | O61: sasak | P61: SD/MI | R61: ibu rumah tangga
D62: 55 | E62: Siti fitriani medina | F62: Anak | G62: 5201016007140001 | H62: P | I62: Belum kawin | J62: Dasan tapen | K62: 20-juli | L62: 2014 | M62: =2019-L62 -> 5 | N62: Islam | O62: sasak | P62: Tidak Sekolah | R62: Belum/tidak bekerja
B63: 18 | C63: 5201010503086970 | D63: 56 | E63: Saleh | F63: KK | G63: 5201011001750001 | H63: L | I63: Kawin | J63: menang timur | K63: 10-Jan | L63: 1957 | M63: =2019-L63 -> 62 | N63: Islam | O63: sasak | P63: SD/MI | R63: Buruh harian Lepas
D64: 57 | E64: Mukyah | F64: Istri | G64: 5201015103790001 | H64: P | I64: Kawin | J64: menang timur | K64: 11-Mar | L64: 1979 | M64: =2019-L64 -> 40 | N64: Islam | O64: sasak | P64: SD/MI | R64: Buruh harian Lepas
D65: 58 | E65: Muhtar | F65: Anak | G65: 5201010107940275 | H65: L | I65: Belum kawin | J65: menang timur | K65: 01-Feb | L65: 1990 | M65: =2019-L65 -> 29 | N65: Islam | O65: sasak | P65: SD/MI | R65: Buruh harian Lepas
D66: 59 | E66: Musahab | F66: Anak | G66: 5201011111060001 | H66: L | I66: Belum kawin | J66: menang timur | K66: 03-Jan | L66: 1994 | M66: =2019-L66 -> 25 | N66: Islam | O66: sasak | P66: SD/MI | R66: Buruh harian Lepas
B67: 19 | C67: 5201011201150008 | D67: 60 | E67: Muhajirin | F67: KK | G67: 5201010803890002 | H67: L | I67: Kawin | J67: menang timur | K67: 08-Mar | L67: 1989 | M67: =2019-L67 -> 30 | N67: Islam | O67: sasak | P67: SLTP/MTSN | R67: Buruh harian Lepas
D68: 61 | E68: Ida royani | F68: Istri | G68: 5201025406980003 | H68: P | I68: Kawin | J68: Lelede | K68: 14-Juni | L68: 1998 | M68: =2019-L68 -> 21 | N68: Islam | O68: sasak | P68: SLTP/MTSN | R68: ibu rumah tangga
D69: 62 | E69: Muhamad bilal al kahfi | F69: Anak | G69: 5201010805160001 | H69: L | I69: Belum kawin | J69: Dasan geres | K69: 08-Mei | L69: 2016 | M69: =2019-L69 -> 3 | N69: Islam | O69: sasak | P69: Tidak Sekolah | R69: Belum/tidak bekerja
B70: 20 | C70: 5201010503086743 | D70: 63 | E70: Yasau | F70: KK | G70: 5201011203750002 | H70: L | I70: Kawin | J70: menang timur | K70: 43536 | L70: 1975 | M70: =2019-L70 -> 44 | N70: Islam | O70: sasak | P70: SD/MI | R70: Buruh harian Lepas
D71: 64 | E71: Fatimah | F71: Istri | G71: 5201016708750001 | H71: P | I71: Kawin | J71: menang timur | K71: 43704 | L71: 1975 | M71: =2019-L71 -> 44 | N71: Islam | O71: sasak | P71: SD/MI | R71: ibu rumah tangga
D72: 65 | E72: Muhamad muzamil | F72: Anak | G72: 5201010301980001 | H72: L | I72: Belum kawin | J72: menang timur | K72: 27-Mei | L72: 2000 | M72: =2019-L72 -> 19 | N72: Islam | O72: sasak | P72: SD/MI | R72: Belum/tidak bekerja
D73: 66 | E73: Muhamad mukarram | F73: Anak | G73: 5201011208100003 | H73: L | I73: Belum kawin | J73: menang timur | K73: 43689 | L73: 2010 | M73: =2019-L73 -> 9 | N73: Islam | O73: sasak | P73: Tidak Sekolah | R73: Belum/tidak bekerja
B74: 21 | C74: 5201012505150006 | D74: 67 | E74: Azhari | F74: KK | G74: 5201010107880302 | H74: L | I74: Kawin | J74: menang timur | K74: 31-Des | L74: 1993 | M74: =2019-L74 -> 26 | N74: Islam | O74: sasak | P74: SD/MI | R74: Buruh harian Lepas
D75: 68 | E75: Susmita Dewi | F75: Istri | G75: 5201014410981001 | H75: P | I75: Kawin | J75: Aik Ampat | K75: 43527 | L75: 1997 | M75: =2019-L75 -> 22 | N75: Islam | O75: sasak | P75: SLTP/MTSN | R75: ibu rumah tangga
D76: 69 | E76: Gilang arya pratama | F76: Anak | G76: 5201010411150001 | H76: L | I76: Belum kawin | J76: Gerung | K76: 43773 | L76: 2015 | M76: =2019-L76 -> 4 | N76: Islam | O76: sasak | P76: Tidak Sekolah | R76: Belum/tidak bekerja
D80: Mengetahui
D81: Lurah Dasan Geres | P81: Kepala Lingkungan
D85: Hulaifi, S.H. | P85: Khairul Ansori
D86: NIP. 19841231 201101 1 023

Sheet RT 03
B1: DATA INDUK PENDUDUK KELURAHAN DASAN GERES
B2: TAHUN 2019
B3: LINGKUNGAN MENANG TIMUR
B4: RT : 03
B5: No | C5: NIK | D5: Jumlah Jiwa | E5: Nama Lengkap/ Panggilan | F5: Kedudukan dalam Keluarga | G5: NIK | H5: Jenis Kelamin (L/P) | I5: Status Perkawinan | J5: Lahir | N5: Agama | O5: Etnis | P5: Pendidikan Terakhir | Q5: Jurusan | R5: Pekerjaan
J6: Tempat | K6: Tanggal | L6: Tahun | M6: Umur
B8: 1 | C8: 5201012706120007 | D8: 1 | E8: Redwan | F8: KK | G8: 520101 3112880099 | H8: L | I8: Kawin | J8: Aik Ampat | K8: 43830 | L8: 1988 | M8: =2019-L8 -> 31 | N8: Islam | O8: Sasak | P8: SD/MI | R8: Buruh Harian Lepas
D9: 2 | E9: Horiah | F9: Istri | G9: 520101 5011920007 | H9: P | I9: Kawin | J9: Aik Ampat | K9: 43779 | L9: 1992 | M9: =2019-L9 -> 27 | N9: Islam | O9: Sasak | P9: SD/MI | R9: Ibu Rumah Tangga
D10: 3 | E10: Siti Raehanun | F10: Anak | G10: 520101 5302090001 | H10: P | I10: Belum kawin | J10: Aik Ampat | K10: 43509 | L10: 2009 | M10: =2019-L10 -> 10 | N10: Islam | O10: Sasak | P10: SD/MI | R10: Pelajar
B11: 2 | C11: 520101 0503086683 | D11: 4 | E11: Kadir | F11: KK | G11: 520101 1502600004 | H11: L | I11: Kawin | J11: Menang Timur | K11: 12830 | L11: 1935 | M11: =2019-L11 -> 84 | N11: Islam | O11: Sasak | P11: TAMAT SD/SEDERAJAT | R11: Petani
D12: 5 | E12: Muniah | F12: Istri | G12: 520101 4105720001 | H12: P | I12: Kawin | J12: Menang Timur | K12: 12905 | L12: 1935 | M12: =2019-L12 -> 84 | N12: Islam | O12: Sasak | P12: TAMAT SD/SEDERAJAT | R12: Mengurus Rumah Tangga
D13: 6 | E13: Selemah | F13: Anak | G13: 520101 5112630001 | H13: P | I13: Janda | J13: Menang Timur | K13: 23356 | L13: 1963 | M13: =2019-L13 -> 56 | N13: Islam | O13: Sasak | P13: TAMAT SD/SEDERAJAT | R13: Buruh Harian Lepas
D14: 7 | E14: Muhammad Gusni | F14: Cucu | G14: 520101 0103970001 | H14: L | I14: Belum kawin | J14: Menang Timur | K14: 35228 | L14: 1996 | M14: =2019-L14 -> 23 | N14: Islam | O14: Sasak | P14: SLTA/SEDERAJAT | R14: Buruh Harian Lepas
B15: 3 | C15: 5201012405120017 | D15: 8 | E15: Nasarudin | F15: KK | G15: 520101 0207830001 | H15: L | I15: Kawin | J15: Menang Timur | K15: 43648 | L15: 1983 | M15: =2019-L15 -> 36 | N15: Islam | O15: Sasak | P15: SD/MI | R15: Wiraswasta
D16: 9 | E16: Suarni | F16: Istri | G16: 520101 6704910001 | H16: P | I16: Kawin | J16: Menang Timur | K16: 43582 | L16: 1991 | M16: =2019-L16 -> 28 | N16: Islam | O16: Sasak | P16: SD/MI | R16: Ibu Rumah Tangga
D17: 10 | E17: Hairul Azmi | F17: Anak | G17: 520101 2703070003 | H17: L | I17: Belum kawin | J17: Gerung | K17: 43545 | L17: 2007 | M17: =2019-L17 -> 12 | N17: Islam | O17: Sasak | P17: SD/MI | R17: Pelajar
B18: 4 | C18: 520101 0503086626 | D18: 11 | E18: Murad | F18: KK | G18: 520101 0905700001 | H18: L | I18: Kawin | J18: Menang Timur | K18: 25697 | L18: 1970 | M18: =2019-L18 -> 49 | N18: Islam | O18: Sasak | P18: TAMAT SD/SEDERAJAT | R18: Buruh Harian Lepas
D19: 12 | E19: Rumini | F19: Istri | G19: 520101 4302700001 | H19: P | I19: Kawin | J19: Menang Timur | K19: 25602 | L19: 1970 | M19: =2019-L19 -> 49 | N19: Islam | O19: Sasak | P19: TAMAT SD/SEDERAJAT | R19: Buruh Harian Lepas
D20: 13 | E20: Ruminah | F20: Anak | G20: 520101 6606011001 | H20: P | I20: Belum kawin | J20: Menang Timur | K20: 37068 | L20: 2001 | M20: =2019-L20 -> 18 | N20: Islam | O20: Sasak | P20: SLTP/SEDERAJAT | R20: Pelajar
D21: 14 | E21: M Hardi | F21: Anak | G21: 520101 0701090003 | H21: L | I21: Belum kawin | J21: Gerung | K21: 39820 | L21: 2009 | M21: =2019-L21 -> 10 | N21: Islam | O21: Sasak | P21: TIDAK/BELUM SEKOLAH | R21: Belum Bekerja
B22: 5 | D22: 15 | E22: Hajjah Nurul Hidayah | F22: KK | G22: 520101 4805600001 | H22: P | I22: Janda | K22: 22044 | L22: 1960 | M22: =2019-L22 -> 59 | N22: Islam | O22: Sasak | P22: - | R22: Petani
D23: 16 | E23: Musahar | F23: Anak | G23: 0 | H23: L | I23: Belum kawin | K23: 28469 | L23: 1977 | M23: =2019-L23 -> 42 | N23: Islam | O23: Sasak | P23: SD/MI | R23: -
B24: 6 | C24: 5201010503089385 | D24: 17 | E24: Haji M Kamil | F24: KK | G24: 5201011902850001 | H24: L | I24: Kawin | J24: Lombok barat | K24: 16560 | L24: 1974 | M24: =2019-L24 -> 45 | N24: Islam | O24: Sasak | P24: SD/MI | R24: Sopir
D25: 18 | E25: Nurjanah | F25: Istri | G25: 5201017105880001 | H25: P | I25: Kawin | J25: Bawak Gunung | K25: 20366 | L25: 1985 | M25: =2019-L25 -> 34 | N25: Islam | O25: Sasak | P25: SLTP/MTSN | R25: Ibu Rumah Tangga
D26: 19 | E26: Putri Nabila | F26: Anak | G26: 5201014907080002 | H26: P | I26: Belum kawin | J26: Aik Ampat | K26: 36614 | L26: 2008 | M26: =2019-L26 -> 11 | N26: Islam | O26: Sasak | P26: SD/MI | R26: Pelajar
B27: 7 | C27: 520101 0503086709 | D27: 20 | E27: Haji Mahmud | F27: KK | G27: 520101 1010790004 | H27: L | I27: Kawin | J27: Menang Timur | K27: 29138 | L27: 1979 | M27: =2019-L27 -> 40 | N27: Islam | O27: Sasak | P27: TAMAT SD/SEDERAJAT | R27: PNS/TNI/ POLRI
D28: 21 | E28: Markisah | F28: Istri | G28: 520101 4810850002 | H28: P | I28: Kawin | J28: Dasan Belo | K28: 31328 | L28: 1985 | M28: =2019-L28 -> 34 | N28: Islam | O28: Sasak | P28: SLTA/SEDERAJAT | R28: Mengurus Rumah Tangga
D29: 22 | E29: M Nanang Sastro Wiguna | F29: Anak | G29: 520101 1012040001 | H29: L | I29: Belum kawin | J29: Menang Timur | K29: 38331 | L29: 2004 | M29: =2019-L29 -> 15 | N29: Islam | O29: Sasak | P29: TAMAT SD/SEDERAJAT | R29: Pelajar
B30: 8 | D30: 23 | E30: Haji Rusni | F30: KK | G30: 0 | H30: L | I30: Kawin | K30: 16560 | L30: 1945 | M30: =2019-L30 -> 74 | N30: Islam | P30: - | R30: Pekerja lepas
D31: 24 | E31: Sukini | F31: Istri | G31: 0 | H31: P | I31: Kawin | K31: 20366 | L31: 1955 | M31: =2019-L31 -> 64 | N31: Islam | P31: - | R31: Pekerja lepas
D32: 25 | E32: Mustiani | F32: Anak | G32: 0 | H32: P | I32: Belum kawin | K32: 36614 | L32: 2000 | M32: =2019-L32 -> 19 | N32: Islam | P32: SD/MI | R32: -
B33: 9 | C33: 520101 0503086638 | D33: 26 | E33: Benar | F33: KK | G33: 520101 1112520001 | H33: L | I33: Cerai Mati | J33: Menang Timur | K33: 19339 | L33: 1952 | M33: =2019-L33 -> 67 | N33: Islam | O33: Sasak | P33: BELUM TAMAT SD/SEDERAJAT | R33: Buruh Harian Lepas
D34: 27 | E34: Rohadi | F34: Anak | G34: 520101 1302880007 | H34: L | I34: Belum kawin | J34: Menang Timur | K34: 28534 | L34: 1978 | M34: =2019-L34 -> 41 | N34: Islam | O34: Sasak | P34: BELUM TAMAT SD/SEDERAJAT | R34: Buruh Harian Lepas
B35: 10 | C35: 520101 0503086601 | D35: 28 | E35: Samsiah | F35: KK | G35: 520101 1312640002 | H35: L | I35: Kawin | J35: Menang Timur | K35: 23724 | L35: 1964 | M35: =2019-L35 -> 55 | N35: Islam | O35: Sasak | P35: TAMAT SD/SEDERAJAT | R35: Buruh Harian Lepas
D36: 29 | E36: Ayuni | F36: Istri | G36: 520101 6503660001 | H36: P | I36: Kawin | J36: Menang Timur | K36: 24191 | L36: 1966 | M36: =2019-L36 -> 53 | N36: Islam | O36: Sasak | P36: TAMAT SD/SEDERAJAT | R36: Buruh Harian Lepas
D37: 30 | E37: Saruni | F37: Anak | G37: 520101 6901010003 | H37: P | I37: Belum kawin | J37: Gerung | K37: 36920 | L37: 2001 | M37: =2019-L37 -> 18 | N37: Islam | O37: Sasak | P37: SLTP/SEDERAJAT | R37: Pelajar
B38: 11 | C38: 520101 0503086739 | D38: 31 | E38: Cilok | F38: KK | G38: 520101 6010690001 | H38: P | I38: Cerai Mati | J38: Menang Timur | K38: 14538 | L38: 1939 | M38: =2019-L38 -> 80 | N38: Islam | O38: Sasak | P38: TIDAK/BELUM SEKOLAH | R38: Buruh Harian Lepas
B39: 12 | C39: 5201013108160002 | D39: 32 | E39: Sahrip | F39: KK | G39: 5201010112490002 | H39: L | I39: Kawin | J39: Menang Timur | K39: 43800 | L39: 1949 | M39: =2019-L39 -> 70 | N39: Islam | P39: SD/MI | R39: Buruh Harian Lepas
D40: 33 | E40: Munisah | F40: Istri | G40: 5201015912570001 | H40: P | I40: Kawin | J40: Menang Timur | K40: 43818 | L40: 1957 | M40: =2019-L40 -> 62 | N40: Islam | P40: SD/MI | R40: Buruh Harian Lepas
D41: 34 | E41: Mustiani | F41: Anak | G41: 5201014202991001 | H41: P | I41: Belum kawin | J41: Menang Timur | K41: 43498 | L41: 2001 | M41: =2019-L41 -> 18 | N41: Islam | P41: SD/MI | R41: Pelajar
B42: 13 | C42: 520101 2910120066 | D42: 35 | E42: Selamet | F42: KK | G42: 520101 0102900006 | H42: L | I42: Kawin | J42: Menang Timur | K42: 33055 | L42: 1990 | M42: =2019-L42 -> 29 | N42: Islam | O42: Sasak | P42: SLTP/SEDERAJAT | R42: Buruh Harian Lepas
D43: 36 | E43: Suryatun Hadawiyah | F43: Istri | G43: 520101 5704890005 | H43: P | I43: Kawin | J43: Menang Timur | K43: 32615 | L43: 1989 | M43: =2019-L43 -> 30 | N43: Islam | O43: Sasak | P43: SLTP/SEDERAJAT | R43: Mengurus Rumah Tangga
D44: 37 | E44: Nurmaya Sari | F44: Anak | G44: 520101 5202090001 | H44: P | I44: Belum kawin | J44: Gerung | K44: 39866 | L44: 2009 | M44: =2019-L44 -> 10 | N44: Islam | O44: Sasak | P44: BELUM TAMAT SD/SEDERAJAT | R44: Pelajar
D45: 38 | E45: Muhammad Khairul Azam | F45: Anak | G45: 520101 1311180001 | H45: L | I45: Belum kawin | J45: Dasan Geres | K45: 43417 | L45: 2018 | M45: =2019-L45 -> 1 | N45: Islam | O45: Sasak | P45: TIDAK/BELUM SEKOLAH | R45: Belum Bekerja
D46: 39 | E46: Beni Irawan | F46: Lain-lain | G46: 520101 1808090001 | H46: L | I46: Belum kawin | J46: Gerung | K46: 40043 | L46: 2009 | M46: =2019-L46 -> 10 | N46: Islam | O46: Sasak | P46: TIDAK/BELUM SEKOLAH | R46: Belum Bekerja
B47: 14 | C47: 520101 2312140006 | D47: 40 | E47: Sidik | F47: KK | G47: 520101 1503920001 | H47: L | I47: Cerai Hidup | J47: Menang Timur | K47: 33678 | L47: 1992 | M47: =2019-L47 -> 27 | N47: Islam | O47: Sasak | P47: TAMAT SD/SEDERAJAT | R47: Buruh Harian Lepas
B48: 15 | C48: 5201012709160023 | D48: 41 | E48: M Ali | F48: KK | G48: 5201011011830005 | H48: L | I48: Kawin | J48: Menang Timur | K48: 43779 | L48: 1983 | M48: =2019-L48 -> 36 | N48: Islam | P48: SD/MI | R48: Buruh Harian Lepas
D49: 42 | E49: Horidatun | F49: Istri | G49: 5201014910911001 | H49: P | I49: Kawin | J49: Menang | K49: 43747 | L49: 1991 | M49: =2019-L49 -> 28 | N49: Islam | P49: SD/MI | R49: Ibu Rumah Tangga
D50: 43 | E50: Wahyu Rizky Pratama | F50: Anak | G50: 5201012410160002 | H50: L | I50: Belum kawin | J50: Menang Timur | K50: 43762 | L50: 2016 | M50: =2019-L50 -> 3 | N50: Islam | P50: Belum Sekolah | R50: Belum Bekerja
B51: 16 | C51: 5201010610140008 | D51: 44 | E51: Nasip | F51: KK | G51: 520101 0211800001 | H51: L | I51: Kawin | J51: Menang Timur | K51: 43771 | L51: 1980 | M51: =2019-L51 -> 39 | N51: Islam | P51: SD/MI | R51: Wiraswasta
D52: 45 | E52: Hj Siti Maryati | F52: Istri | G52: 520101 7112801021 | H52: P | I52: Kawin | J52: Bawak Gunung | K52: 43647 | L52: 1983 | M52: =2019-L52 -> 36 | N52: Islam | P52: Tidak Sekolah | R52: Ibu Rumah Tangga
D53: 46 | E53: M. Abdurosyid | F53: Anak | G53: 5201013107160001 | H53: L | I53: Belum kawin | J53: Gerung | K53: 43677 | L53: 2016 | M53: =2019-L53 -> 3 | P53: Belum Sekolah | R53: Belum Bekerja
D54: 47 | E54: Zahratul Aulia | F54: Anak | G54: 5201016401180006 | H54: P | I54: Belum kawin | J54: Dasan Geres | K54: 43489 | L54: 2018 | M54: =2019-L54 -> 1 | N54: Islam | P54: Belum Sekolah | R54: Belum Bekerja
B55: 17 | C55: 520101 1304120026 | D55: 48 | E55: Musleh Udin | F55: KK | G55: 520101 1906850001 | H55: L | I55: Kawin | J55: Aik Ampat | K55: 31217 | L55: 1985 | M55: =2019-L55 -> 34 | N55: Islam | O55: Sasak | P55: SLTA/SEDERAJAT | R55: Wiraswasta
D56: 49 | E56: Diana Sari | F56: Istri | G56: 520101 4910920004 | H56: P | I56: Kawin | J56: Aik Ampat | K56: 33886 | L56: 1992 | M56: =2019-L56 -> 27 | N56: Islam | O56: Sasak | P56: SLTA/SEDERAJAT | R56: Wiraswasta
D57: 50 | E57: Natasya Aulia | F57: Anak | G57: 520101 6403120002 | H57: P | I57: Belum kawin | J57: Karang Tengak Cemare | K57: 40992 | L57: 2012 | M57: =2019-L57 -> 7 | N57: Islam | O57: Sasak | P57: TIDAK/BELUM SEKOLAH | R57: Belum Bekerja
B58: 18 | C58: 5201012910120002 | D58: 51 | E58: Sahabudin | F58: KK | G58: 5201013112800104 | H58: L | I58: Kawin | J58: Menang Timur | K58: 43830 | L58: 1980 | M58: =2019-L58 -> 39 | N58: Islam | P58: - | R58: Pekerja lepas
D59: 52 | E59: Muhimah | F59: Istri | G59: 5201017112840060 | H59: P | I59: Kawin | J59: Menang Timur | K59: 43830 | L59: 1984 | M59: =2019-L59 -> 35 | N59: Islam | P59: SD/MI | R59: Pekerja lepas
D60: 53 | E60: Nining Sri Wahyuni | F60: Anak | G60: 5201017005980001 | H60: P | I60: Belum kawin | J60: Menang Timur | K60: 43615 | L60: 1998 | M60: =2019-L60 -> 21 | N60: Islam | P60: SLTP/MTSN | R60: -
D61: 54 | E61: Akmaludin | F61: Anak | G61: 5201012511040002 | H61: L | I61: Belum kawin | J61: Menang Timur | K61: 43794 | L61: 2004 | M61: =2019-L61 -> 15 | N61: Islam | P61: - | R61: -
D62: 55 | E62: Dea Anisa Afrilia | F62: Anak | G62: 5201015704100004 | H62: P | I62: Belum kawin | J62: Gerung | K62: 43572 | L62: 2010 | M62: =2019-L62 -> 9 | N62: Islam | P62: - | R62: -
B63: 19 | C63: 5201010503086579 | D63: 56 | E63: Haji Syafi’i | F63: KK | G63: 5201011112650001 | H63: L | I63: Kawin | J63: Menang | K63: 43830 | L63: 1959 | M63: =2019-L63 -> 60 | N63: Islam | P63: SLTA/MA | R63: Petani
D64: 57 | E64: Nikmah | F64: Istri | G64: 5201014403670001 | H64: P | I64: Kawin | J64: Menang Timur | K64: 43830 | L64: 1967 | M64: =2019-L64 -> 52 | N64: Islam | P64: - | R64: Ibu Rumah Tangga
D65: 58 | E65: Kamarudin | F65: Anak | G65: 5201011005900001 | H65: L | I65: Belum kawin | J65: Menang | K65: 43809 | L65: 1990 | M65: =2019-L65 -> 29 | N65: Islam | P65: SLTA/MA | R65: Pelajar
B66: 20 | C66: 5201010503086614 | D66: 59 | E66: Muhamadun | F66: KK | G66: 5201010311750001 | H66: L | I66: Kawin | J66: Menang Timur | K66: 43749 | L66: 1979 | M66: =2019-L66 -> 40 | N66: Islam | P66: Tidak Sekolah | R66: Buruh Harian Lepas
D67: 60 | E67: Atik | F67: Istri | G67: 5201014310780001 | H67: P | I67: Kawin | J67: Menang Timur | K67: 43647 | L67: 1980 | M67: =2019-L67 -> 39 | N67: Islam | P67: SD/MI | R67: Buruh Harian Lepas
D68: 61 | E68: Siti Nurhadijah | F68: Anak | G68: 5201016304010001 | H68: P | I68: Belum kawin | J68: Menang Timur | K68: 43613 | L68: 2001 | M68: =2019-L68 -> 18 | N68: Islam | P68: SD/MI | R68: Pelajar
D69: 62 | E69: Siti Melina | F69: Anak | G69: 5201014403080005 | H69: P | I69: Belum kawin | J69: Menang Timur | K69: 43548 | L69: 2008 | M69: =2019-L69 -> 11 | N69: Islam | P69: SD/MI | R69: Pelajar
D70: 63 | E70: Medina Ilivia | F70: Anak | G70: 5201016003160002 | H70: P | I70: Belum kawin | J70: Menang Timur | K70: 43544 | L70: 2016 | M70: =2019-L70 -> 3 | N70: Islam | P70: Belum Sekolah | R70: Belum Bekerja
D71: 64 | E71: Siti Aminah | F71: Anak | G71: 5201015403520001 | H71: P | I71: Belum kawin | J71: Menang Timur | K71: 43466 | L71: 1941 | M71: =2019-L71 -> 78 | N71: Islam | P71: Tidak Sekolah | R71: Tidak Bekerja
B72: 21 | C72: 5201010110120049 | D72: 65 | E72: Sadiah | F72: KK | G72: 5201014107500271 | H72: P | I72: Janda | J72: Menang Timur | K72: 43647 | L72: 1950 | M72: =2019-L72 -> 69 | N72: Islam | P72: SD/MI | R72: Pekerja lepas
D73: 66 | E73: Riska Amelia | F73: Lain-lain | G73: 5201016012050003 | H73: P | I73: Belum kawin | J73: Menang Timur | K73: 43819 | L73: 2005 | M73: =2019-L73 -> 14 | N73: Islam | P73: SD/MI | R73: Pelajar
B74: 22 | C74: 520101 1907170016 | D74: 67 | E74: Pahmi | F74: KK | G74: 520101 1503820003 | H74: L | I74: Kawin | J74: Menang Timur | K74: 28490 | L74: 1977 | M74: =2019-L74 -> 42 | N74: Islam | O74: Sasak | P74: TAMAT SD/SEDERAJAT | R74: Buruh Harian Lepas
D75: 68 | E75: Muliati | F75: Istri | G75: 520101 2607800004 | H75: P | I75: Kawin | J75: Menang Timur | K75: 29418 | L75: 1980 | M75: =2019-L75 -> 39 | N75: Islam | O75: Sasak | P75: TAMAT SD/SEDERAJAT | R75: Buruh Harian Lepas
D76: 69 | E76: Nurhayati | F76: Anak | G76: 520101 4101010005 | H76: P | I76: Belum kawin | J76: Menang Timur | K76: 36892 | L76: 2001 | M76: =2019-L76 -> 18 | N76: Islam | O76: Sasak | P76: SLTP/SEDERAJAT | R76: Pelajar
D77: 70 | E77: Miftahul Janah | F77: Anak | G77: 520101 5808110005 | H77: P | I77: Belum kawin | J77: Menang Timur | K77: 40773 | L77: 2011 | M77: =2019-L77 -> 8 | N77: Islam | O77: Sasak | P77: TIDAK/BELUM SEKOLAH | R77: Belum Bekerja
D78: 71 | E78: Syafi’in | F78: Orang Tua | G78: 520101 3112470024 | H78: L | I78: Cerai Mati | J78: Menang Timur | K78: 17532 | L78: 1947 | M78: =2019-L78 -> 72 | N78: Islam | O78: Sasak | P78: TIDAK/BELUM SEKOLAH | R78: Belum Bekerja
B79: 23 | C79: 520101 0507110003 | D79: 72 | E79: Imran | F79: KK | G79: 520101 0107750044 | H79: L | I79: Kawin | J79: Menang Timur | K79: 27576 | L79: 1975 | M79: =2019-L79 -> 44 | N79: Islam | O79: Sasak | P79: TAMAT SD/SEDERAJAT | R79: Buruh Harian Lepas
D80: 73 | E80: Rohanah | F80: Istri | G80: 520101 4107800184 | H80: P | I80: Kawin | J80: Menang Timur | K80: 29403 | L80: 1980 | M80: =2019-L80 -> 39 | N80: Islam | O80: Sasak | P80: TAMAT SD/SEDERAJAT | R80: Pedagang
D81: 74 | E81: Sumiatin | F81: Anak | G81: 520101 1409010001 | H81: P | I81: Belum kawin | J81: Menang Timur | K81: 37148 | L81: 2001 | M81: =2019-L81 -> 18 | N81: Islam | O81: Sasak | P81: SLTP/SEDERAJAT | R81: Pelajar
D82: 75 | E82: M Aditya | F82: Anak | G82: 520101 1405100001 | H82: L | I82: Belum kawin | J82: Menang Timur | K82: 40312 | L82: 2010 | M82: =2019-L82 -> 9 | N82: Islam | O82: Sasak | P82: BELUM TAMAT SD/SEDERAJAT | R82: Belum Bekerja
B83: 24 | C83: 5201010503086651 | D83: 76 | E83: Haji Muslehudin | F83: KK | G83: 520101 1907700001 | H83: L | I83: Kawin | J83: Menang Timur | K83: 43811 | L83: 1972 | M83: =2019-L83 -> 47 | N83: Islam | P83: SLTA/MA | R83: Petani
D84: 77 | E84: Raodah | F84: Istri | G84: 520101 5102730001 | H84: P | I84: Kawin | J84: Menang Timur | K84: 43507 | L84: 1973 | M84: =2019-L84 -> 46 | N84: Islam | P84: SD/MI | R84: Ibu Rumah Tangga
D85: 78 | E85: Alya Fitria Agustina | F85: Anak | G85: 5201015208050001 | H85: P | I85: Belum kawin | J85: Menang Timur | K85: 43704 | L85: 2005 | M85: =2019-L85 -> 14 | N85: Islam | P85: SD/MI | R85: Pelajar
D86: 79 | E86: Tiara Ayu Hidayani | F86: Anak | G86: 5201016907150003 | H86: P | I86: Belum kawin | J86: Menang Timur | K86: 43675 | L86: 2015 | M86: =2019-L86 -> 4 | P86: Belum Sekolah | R86: Belum Bekerja
B87: 25 | C87: 5201012405120018 | D87: 80 | E87: Yusup | F87: KK | G87: 520101 3112880095 | H87: L | I87: Kawin | J87: Aik Ampat | K87: 43830 | L87: 1988 | M87: =2019-L87 -> 31 | N87: Islam | P87: SD/MI | R87: Wiraswasta
D88: 81 | E88: Muliati | F88: Istri | G88: 520101 7112840132 | H88: P | I88: Kawin | J88: Menang Timur | K88: 43830 | L88: 1984 | M88: =2019-L88 -> 35 | N88: Islam | P88: SLTP/MTSN | R88: Ibu Rumah Tangga
D89: 82 | E89: Haeratun Nisa | F89: Anak | G89: 5201016812060001 | H89: P | I89: Belum kawin | J89: Aik Ampat | K89: 43827 | L89: 2006 | M89: =2019-L89 -> 13 | N89: Islam | P89: SD/MI | R89: Pelajar
D90: 83 | E90: Rifqi Maulana Yusup | F90: Anak | G90: 5201010605180001 | H90: L | I90: Belum kawin | J90: Dasan Geres | K90: 43591 | L90: 2018 | M90: =2019-L90 -> 1 | N90: Islam | P90: Belum Sekolah | R90: Belum Bekerja
B91: 26 | D91: 84 | E91: Saipul Bahri | F91: KK | G91: 0 | H91: L | I91: Kawin | K91: 25750 | L91: 1970 | M91: =2019-L91 -> 49 | N91: Islam | P91: SD/MI | R91: PNS/TNI/ POLRI
D92: 85 | E92: Markinun | F92: Istri | G92: 0 | H92: P | I92: Kawin | K92: 28307 | L92: 1977 | M92: =2019-L92 -> 42 | N92: Islam | P92: SD/MI | R92: -
D93: 86 | E93: Saefudin | F93: Anak | G93: 0 | H93: L | I93: Belum kawin | K93: 38169 | L93: 2004 | M93: =2019-L93 -> 15 | N93: Islam | P93: - | R93: -
D94: 87 | E94: Linda Wati | F94: Anak | G94: 0 | H94: P | I94: Belum kawin | K94: 39814 | L94: 2009 | M94: =2019-L94 -> 10 | N94: Islam | P94: - | R94: -
D98: Mengetahui
D99: Lurah Dasan Geres | P99: Kepala Lingkungan
D103: Hulaifi, S.H. | P103: Khairul Ansori
D104: NIP. 19841231 201101 1 023

Sheet Sheet1
A1: 31 | C1: 64
A2: 22 | C2: 67
A3: 24 | C3: 82
A4: =SUM(A1:A3) -> 77 | C4: =SUM(C1:C3) -> 213

Sheet pindah keluar
A1: No | D1: Nama Lengkap/panggilan | E1: Kedudukan dalam Keluarga | F1: NIK | G1: Jenis Kelamin (L/P) | H1: Status Perkawinan | I1: Lahir | L1: Usia | M1: Agama | N1: Etnis | O1: Pendidikan Terakhir | P1: Pekerjaan | Q1: Cacat | S1: ada/tidak
B2: Nomor KK | I2: tempat | J2: Tanggal | K2: Tahun | Q2: Mental | R2: Fisik | S2: KK | T2: KTP/KIA | U2: Buku Nikah
C4: 10 | D4: Husnul Khatimah | E4: Anak | F4: 520101 4107900463 | G4: P | H4: Belum kawin | J4: 33238 | M4: Islam | O4: SLTA/MA | P4: Wiraswasta
C5: 89 | D5: Baiq Dwi Astina fitri | E5: Anak | F5: 520101 4107920334 | G5: P | H5: Belum kawin | J5: 33674 | M5: Islam | O5: SLTA/MA | P5: Wiraswasta
C6: 30 | D6: Irmawati | E6: Anak | F6: 520101 6008900001 | G6: P | H6: Belum kawin | J6: 33105 | M6: Islam | O6: SLTP/MTSN | P6: Pekerja lepas
C7: 73 | D7: Demah | E7: Lain-lain | F7: 0 | G7: P | H7: Janda | J7: 22038 | M7: Islam | O7: - | P7: Pekerja lepas
C8: 74 | D8: Nurgina Hidayati | E8: 520101 4101980007 | F8: P | G8: Belum kawin | H8: Anak | I8: 35796 | M8: Islam | O8: SLTP/MTSN | Q8: -
C9: 41 | D9: Inaq Ayah | E9: 0 | F9: P | G9: Belum kawin | H9: Lain-lain | I9: 20271 | M9: Islam | O9: - | Q9: Pekerja lepas

Sheet meninggal
A1: No | D1: Nama Lengkap/panggilan | E1: Kedudukan dalam Keluarga | F1: NIK | G1: Jenis Kelamin (L/P) | H1: Status Perkawinan | I1: Lahir | L1: Usia | M1: Agama | N1: Etnis | O1: Pendidikan Terakhir | P1: Pekerjaan | Q1: Cacat | S1: ada/tidak
B2: Nomor KK | I2: tempat | J2: Tanggal | K2: Tahun | Q2: Mental | R2: Fisik | S2: KK | T2: KTP/KIA | U2: Buku Nikah
C3: 12 | D3: Haji Zainap | E3: Lain-lain | F3: 520101 4107580076 | G3: P | H3: Janda | J3: 17715 | M3: Islam | O3: - | P3: -
C4: 87 | D4: Lalu Herman Sugandi | E4: KK | F4: 520101 3112621007 | G4: L | H4: Kawin | J4: 31/12/1962 | M4: Islam | O4: SLTA/MA | Q4: -
C5: 83 | D5: Lesah | E5: Istri | F5: 0 | G5: P | H5: Kawin | J5: 24107 | M5: Islam | O5: - | Q5: Pekerja lepas
